capture_industry,cluster_active,financial_ann_date,financial_bad,financial_missing,is_st,membership_present,period,planned_entry_date,reasons,signal_date,signal_industry,ts_code
801096.SI,True,,False,True,False,True,2015-2021,2015-01-09,"[""financial_missing""]",2015-01-08,801096.SI,000800.SZ
801096.SI,True,,False,True,False,True,2015-2021,2015-01-12,"[""financial_missing""]",2015-01-09,801096.SI,000800.SZ
801096.SI,True,,False,True,False,True,2015-2021,2015-01-19,"[""financial_missing""]",2015-01-16,801096.SI,000800.SZ
801096.SI,True,,False,True,False,True,2015-2021,2015-01-29,"[""financial_missing""]",2015-01-28,801096.SI,000800.SZ
801096.SI,True,,False,True,False,True,2015-2021,2015-01-30,"[""financial_missing""]",2015-01-29,801096.SI,000800.SZ
801096.SI,True,,False,True,False,True,2015-2021,2015-02-02,"[""financial_missing""]",2015-01-30,801096.SI,000800.SZ
801096.SI,True,,False,True,False,True,2015-2021,2015-02-03,"[""financial_missing""]",2015-02-02,801096.SI,000800.SZ
801231.SI,True,,False,True,False,True,2015-2021,2015-02-09,"[""financial_missing""]",2015-02-06,801231.SI,000839.SZ
801096.SI,True,,False,True,False,True,2015-2021,2015-02-11,"[""financial_missing""]",2015-02-10,801096.SI,000800.SZ
801096.SI,True,,False,True,False,True,2015-2021,2015-02-13,"[""financial_missing""]",2015-02-12,801096.SI,000800.SZ
801231.SI,True,,False,True,False,True,2015-2021,2015-02-25,"[""financial_missing""]",2015-02-17,801231.SI,000839.SZ
801096.SI,True,,False,True,False,True,2015-2021,2015-02-27,"[""financial_missing""]",2015-02-26,801096.SI,000800.SZ
801202.SI,True,2013-03-30,False,True,False,True,2015-2021,2015-02-27,"[""financial_missing""]",2015-02-26,801202.SI,600120.SH
801096.SI,True,,False,True,False,True,2015-2021,2015-03-10,"[""financial_missing""]",2015-03-09,801096.SI,000800.SZ
801202.SI,True,2013-03-30,False,True,False,True,2015-2021,2015-03-10,"[""financial_missing""]",2015-03-09,801202.SI,600120.SH
801096.SI,True,,False,True,False,True,2015-2021,2015-03-16,"[""financial_missing""]",2015-03-13,801096.SI,000800.SZ
801723.SI,True,,False,True,False,True,2015-2021,2015-04-17,"[""financial_missing""]",2015-04-16,801723.SI,000498.SZ
801038.SI,True,2015-03-31,True,False,False,True,2015-2021,2015-04-17,"[""financial_bad""]",2015-04-16,801038.SI,600096.SH
801742.SI,True,,False,True,False,True,2015-2021,2015-04-17,"[""financial_missing""]",2015-04-16,801742.SI,600391.SH
801711.SI,True,2015-04-14,True,False,False,True,2015-2021,2015-04-30,"[""financial_bad""]",2015-04-29,801711.SI,000401.SZ
801038.SI,True,2015-03-31,True,False,False,True,2015-2021,2015-05-06,"[""financial_bad""]",2015-05-05,801038.SI,600096.SH
801951.SI,True,2015-04-18,True,False,False,True,2015-2021,2015-05-06,"[""financial_bad""]",2015-05-05,801951.SI,601918.SH
801044.SI,True,2015-04-11,True,False,False,True,2015-2021,2015-05-07,"[""financial_bad""]",2015-05-06,801044.SI,600022.SH
801038.SI,True,2015-03-31,True,False,False,True,2015-2021,2015-05-07,"[""financial_bad""]",2015-05-06,801038.SI,600096.SH
801038.SI,True,2015-03-31,True,False,False,True,2015-2021,2015-05-08,"[""financial_bad""]",2015-05-07,801038.SI,600096.SH
801038.SI,True,2015-03-31,True,False,False,True,2015-2021,2015-05-11,"[""financial_bad""]",2015-05-08,801038.SI,600096.SH
801723.SI,True,,False,True,False,True,2015-2021,2015-06-01,"[""financial_missing""]",2015-05-29,801723.SI,000498.SZ
801223.SI,True,,False,True,False,True,2015-2021,2015-06-01,"[""financial_missing""]",2015-05-29,801223.SI,002467.SZ
801044.SI,True,2015-04-11,True,False,False,True,2015-2021,2015-06-01,"[""financial_bad""]",2015-05-29,801044.SI,600022.SH
801202.SI,True,2013-03-30,False,True,False,True,2015-2021,2015-06-01,"[""financial_missing""]",2015-05-29,801202.SI,600120.SH
801951.SI,True,2015-04-18,True,False,False,True,2015-2021,2015-06-01,"[""financial_bad""]",2015-05-29,801951.SI,601918.SH
801034.SI,True,,False,True,False,True,2015-2021,2015-06-17,"[""financial_missing""]",2015-06-16,801034.SI,000565.SZ
801723.SI,True,,False,True,False,True,2015-2021,2015-06-18,"[""financial_missing""]",2015-06-17,801723.SI,000498.SZ
801223.SI,True,,False,True,False,True,2015-2021,2015-06-23,"[""financial_missing""]",2015-06-19,801223.SI,002467.SZ
801202.SI,True,2013-03-30,False,True,False,True,2015-2021,2015-06-23,"[""financial_missing""]",2015-06-19,801202.SI,600120.SH
801223.SI,True,,False,True,False,True,2015-2021,2015-06-24,"[""financial_missing""]",2015-06-23,801223.SI,002467.SZ
801202.SI,True,2013-03-30,False,True,False,True,2015-2021,2015-06-24,"[""financial_missing""]",2015-06-23,801202.SI,600120.SH
801223.SI,True,,False,True,False,True,2015-2021,2015-06-25,"[""financial_missing""]",2015-06-24,801223.SI,002467.SZ
801202.SI,True,2013-03-30,False,True,False,True,2015-2021,2015-06-25,"[""financial_missing""]",2015-06-24,801202.SI,600120.SH
801223.SI,True,,False,True,False,True,2015-2021,2015-06-26,"[""financial_missing""]",2015-06-25,801223.SI,002467.SZ
801202.SI,True,2013-03-30,False,True,False,True,2015-2021,2015-06-26,"[""financial_missing""]",2015-06-25,801202.SI,600120.SH
801038.SI,True,2015-03-31,True,False,False,True,2015-2021,2015-06-30,"[""financial_bad""]",2015-06-29,801038.SI,600096.SH
801223.SI,True,2015-04-18,True,False,False,True,2015-2021,2015-07-01,"[""financial_bad""]",2015-06-30,801223.SI,002123.SZ
801038.SI,True,2015-03-31,True,False,False,True,2015-2021,2015-07-01,"[""financial_bad""]",2015-06-30,801038.SI,600096.SH
801038.SI,True,2015-03-31,True,False,False,True,2015-2021,2015-07-02,"[""financial_bad""]",2015-07-01,801038.SI,600096.SH
801096.SI,True,,False,True,False,True,2015-2021,2015-07-03,"[""financial_missing""]",2015-07-02,801096.SI,000800.SZ
801055.SI,True,2015-03-26,True,False,False,True,2015-2021,2015-07-03,"[""financial_bad""]",2015-07-02,801055.SI,601600.SH
801044.SI,True,2015-04-11,True,False,False,True,2015-2021,2015-07-06,"[""financial_bad""]",2015-07-03,801044.SI,600022.SH
801055.SI,True,2015-03-26,True,False,False,True,2015-2021,2015-07-06,"[""financial_bad""]",2015-07-03,801055.SI,601600.SH
801044.SI,True,2015-04-11,True,False,False,True,2015-2021,2015-07-22,"[""financial_bad""]",2015-07-21,801044.SI,600022.SH
801096.SI,True,,False,True,False,True,2015-2021,2015-07-23,"[""financial_missing""]",2015-07-22,801096.SI,000800.SZ
801044.SI,True,2015-04-11,True,False,False,True,2015-2021,2015-07-23,"[""financial_bad""]",2015-07-22,801044.SI,600022.SH
801055.SI,True,2015-03-26,True,False,False,True,2015-2021,2015-07-23,"[""financial_bad""]",2015-07-22,801055.SI,601600.SH
801096.SI,True,,False,True,False,True,2015-2021,2015-07-24,"[""financial_missing""]",2015-07-23,801096.SI,000800.SZ
801044.SI,True,2015-04-11,True,False,False,True,2015-2021,2015-07-24,"[""financial_bad""]",2015-07-23,801044.SI,600022.SH
801038.SI,True,2015-03-31,True,False,False,True,2015-2021,2015-07-24,"[""financial_bad""]",2015-07-23,801038.SI,600096.SH
801055.SI,True,2015-03-26,True,False,False,True,2015-2021,2015-07-24,"[""financial_bad""]",2015-07-23,801055.SI,601600.SH
801044.SI,True,2015-04-11,True,False,False,True,2015-2021,2015-07-27,"[""financial_bad""]",2015-07-24,801044.SI,600022.SH
801055.SI,True,2015-03-26,True,False,False,True,2015-2021,2015-07-27,"[""financial_bad""]",2015-07-24,801055.SI,601600.SH
801223.SI,False,2015-04-18,True,False,False,True,2015-2021,2015-07-31,"[""financial_bad""]",2015-07-30,801223.SI,002123.SZ
801038.SI,False,2015-03-31,True,False,False,True,2015-2021,2015-08-07,"[""financial_bad""]",2015-08-06,801038.SI,600096.SH
801038.SI,False,2015-03-31,True,False,False,True,2015-2021,2015-08-10,"[""financial_bad""]",2015-08-07,801038.SI,600096.SH
801096.SI,False,,False,True,False,True,2015-2021,2015-08-11,"[""financial_missing""]",2015-08-10,801096.SI,000800.SZ
801223.SI,False,2015-04-18,True,False,False,True,2015-2021,2015-08-11,"[""financial_bad""]",2015-08-10,801223.SI,002123.SZ
801038.SI,False,2015-03-31,True,False,False,True,2015-2021,2015-08-11,"[""financial_bad""]",2015-08-10,801038.SI,600096.SH
801055.SI,False,2015-03-26,True,False,False,True,2015-2021,2015-08-11,"[""financial_bad""]",2015-08-10,801055.SI,601600.SH
801096.SI,False,,False,True,False,True,2015-2021,2015-08-12,"[""financial_missing""]",2015-08-11,801096.SI,000800.SZ
801044.SI,False,2015-04-11,True,False,False,True,2015-2021,2015-08-12,"[""financial_bad""]",2015-08-11,801044.SI,600022.SH
801038.SI,False,2015-03-31,True,False,False,True,2015-2021,2015-08-12,"[""financial_bad""]",2015-08-11,801038.SI,600096.SH
801055.SI,False,2015-03-26,True,False,False,True,2015-2021,2015-08-12,"[""financial_bad""]",2015-08-11,801055.SI,601600.SH
801096.SI,False,,False,True,False,True,2015-2021,2015-08-13,"[""financial_missing""]",2015-08-12,801096.SI,000800.SZ
801038.SI,False,2015-03-31,True,False,False,True,2015-2021,2015-08-13,"[""financial_bad""]",2015-08-12,801038.SI,600096.SH
801055.SI,False,2015-03-26,True,False,False,True,2015-2021,2015-08-13,"[""financial_bad""]",2015-08-12,801055.SI,601600.SH
801044.SI,False,2015-04-11,True,False,False,True,2015-2021,2015-08-14,"[""financial_bad""]",2015-08-13,801044.SI,600022.SH
801038.SI,False,2015-03-31,True,False,False,True,2015-2021,2015-08-14,"[""financial_bad""]",2015-08-13,801038.SI,600096.SH
801055.SI,False,2015-03-26,True,False,False,True,2015-2021,2015-08-14,"[""financial_bad""]",2015-08-13,801055.SI,601600.SH
801044.SI,False,2015-04-11,True,False,False,True,2015-2021,2015-08-17,"[""financial_bad""]",2015-08-14,801044.SI,600022.SH
801038.SI,False,2015-03-31,True,False,False,True,2015-2021,2015-08-17,"[""financial_bad""]",2015-08-14,801038.SI,600096.SH
801055.SI,False,2015-03-26,True,False,False,True,2015-2021,2015-08-17,"[""financial_bad""]",2015-08-14,801055.SI,601600.SH
801223.SI,False,2015-04-18,True,False,False,True,2015-2021,2015-08-18,"[""financial_bad""]",2015-08-17,801223.SI,002123.SZ
801055.SI,False,2015-03-26,True,False,False,True,2015-2021,2015-08-18,"[""financial_bad""]",2015-08-17,801055.SI,601600.SH
801044.SI,False,2015-04-11,True,False,False,True,2015-2021,2015-08-19,"[""financial_bad""]",2015-08-18,801044.SI,600022.SH
801038.SI,False,2015-03-31,True,False,False,True,2015-2021,2015-08-19,"[""financial_bad""]",2015-08-18,801038.SI,600096.SH
801055.SI,False,2015-03-26,True,False,False,True,2015-2021,2015-08-19,"[""financial_bad""]",2015-08-18,801055.SI,601600.SH
801223.SI,False,2015-04-18,True,False,False,True,2015-2021,2015-08-20,"[""financial_bad""]",2015-08-19,801223.SI,002123.SZ
801038.SI,False,2015-03-31,True,False,False,True,2015-2021,2015-08-20,"[""financial_bad""]",2015-08-19,801038.SI,600096.SH
801055.SI,False,2015-03-26,True,False,False,True,2015-2021,2015-08-20,"[""financial_bad""]",2015-08-19,801055.SI,601600.SH
801096.SI,False,,False,True,False,True,2015-2021,2015-08-24,"[""financial_missing""]",2015-08-21,801096.SI,000800.SZ
801044.SI,False,2015-04-11,True,False,False,True,2015-2021,2015-08-25,"[""financial_bad""]",2015-08-24,801044.SI,600022.SH
801951.SI,False,2015-04-18,True,False,False,True,2015-2021,2015-09-29,"[""financial_bad""]",2015-09-28,801951.SI,601918.SH
801951.SI,False,2015-04-18,True,False,False,True,2015-2021,2015-10-14,"[""financial_bad""]",2015-10-13,801951.SI,601918.SH
801951.SI,False,2015-04-18,True,False,False,True,2015-2021,2015-10-15,"[""financial_bad""]",2015-10-14,801951.SI,601918.SH
801223.SI,False,2015-04-18,True,False,False,True,2015-2021,2015-10-23,"[""financial_bad""]",2015-10-22,801223.SI,002123.SZ
801223.SI,False,2015-04-18,True,False,False,True,2015-2021,2015-10-26,"[""financial_bad""]",2015-10-23,801223.SI,002123.SZ
801223.SI,False,2015-04-18,True,False,False,True,2015-2021,2015-10-27,"[""financial_bad""]",2015-10-26,801223.SI,002123.SZ
801223.SI,False,2015-04-18,True,False,False,True,2015-2021,2015-10-28,"[""financial_bad""]",2015-10-27,801223.SI,002123.SZ
801223.SI,False,2015-04-18,True,False,False,True,2015-2021,2015-10-29,"[""financial_bad""]",2015-10-28,801223.SI,002123.SZ
801223.SI,False,2015-04-18,True,False,False,True,2015-2021,2015-10-30,"[""financial_bad""]",2015-10-29,801223.SI,002123.SZ
801223.SI,False,2015-04-18,True,False,False,True,2015-2021,2015-11-02,"[""financial_bad""]",2015-10-30,801223.SI,002123.SZ
801223.SI,False,2015-04-18,True,False,False,True,2015-2021,2015-11-05,"[""financial_bad""]",2015-11-04,801223.SI,002123.SZ
801223.SI,False,2015-04-18,True,False,False,True,2015-2021,2015-11-06,"[""financial_bad""]",2015-11-05,801223.SI,002123.SZ
801223.SI,False,2015-04-18,True,False,False,True,2015-2021,2015-11-09,"[""financial_bad""]",2015-11-06,801223.SI,002123.SZ
801223.SI,False,2015-04-18,True,False,False,True,2015-2021,2015-11-19,"[""financial_bad""]",2015-11-18,801223.SI,002123.SZ
801038.SI,True,2015-03-31,True,False,False,True,2015-2021,2015-11-24,"[""financial_bad""]",2015-11-23,801038.SI,600096.SH
801038.SI,True,2015-03-31,True,False,False,True,2015-2021,2015-11-25,"[""financial_bad""]",2015-11-24,801038.SI,600096.SH
801038.SI,True,2015-03-31,True,False,False,True,2015-2021,2015-11-27,"[""financial_bad""]",2015-11-26,801038.SI,600096.SH
801223.SI,False,2015-04-18,True,False,False,True,2015-2021,2015-11-30,"[""financial_bad""]",2015-11-27,801223.SI,002123.SZ
801038.SI,True,2015-03-31,True,False,False,True,2015-2021,2015-11-30,"[""financial_bad""]",2015-11-27,801038.SI,600096.SH
801951.SI,False,2015-04-18,True,False,False,True,2015-2021,2015-11-30,"[""financial_bad""]",2015-11-27,801951.SI,601918.SH
801223.SI,False,2015-04-18,True,False,False,True,2015-2021,2015-12-01,"[""financial_bad""]",2015-11-30,801223.SI,002123.SZ
801038.SI,True,2015-03-31,True,False,False,True,2015-2021,2015-12-01,"[""financial_bad""]",2015-11-30,801038.SI,600096.SH
801951.SI,False,2015-04-18,True,False,False,True,2015-2021,2015-12-01,"[""financial_bad""]",2015-11-30,801951.SI,601918.SH
801223.SI,False,2015-04-18,True,False,False,True,2015-2021,2015-12-02,"[""financial_bad""]",2015-12-01,801223.SI,002123.SZ
801038.SI,True,2015-03-31,True,False,False,True,2015-2021,2015-12-02,"[""financial_bad""]",2015-12-01,801038.SI,600096.SH
801951.SI,False,2015-04-18,True,False,False,True,2015-2021,2015-12-02,"[""financial_bad""]",2015-12-01,801951.SI,601918.SH
801038.SI,True,2015-03-31,True,False,False,True,2015-2021,2015-12-03,"[""financial_bad""]",2015-12-02,801038.SI,600096.SH
801951.SI,False,2015-04-18,True,False,False,True,2015-2021,2015-12-03,"[""financial_bad""]",2015-12-02,801951.SI,601918.SH
801223.SI,False,2015-04-18,True,False,False,True,2015-2021,2015-12-04,"[""financial_bad""]",2015-12-03,801223.SI,002123.SZ
801038.SI,True,2015-03-31,True,False,False,True,2015-2021,2015-12-04,"[""financial_bad""]",2015-12-03,801038.SI,600096.SH
801951.SI,False,2015-04-18,True,False,False,True,2015-2021,2015-12-04,"[""financial_bad""]",2015-12-03,801951.SI,601918.SH
801223.SI,False,2015-04-18,True,False,False,True,2015-2021,2015-12-07,"[""financial_bad""]",2015-12-04,801223.SI,002123.SZ
801038.SI,True,2015-03-31,True,False,False,True,2015-2021,2015-12-07,"[""financial_bad""]",2015-12-04,801038.SI,600096.SH
801951.SI,False,2015-04-18,True,False,False,True,2015-2021,2015-12-07,"[""financial_bad""]",2015-12-04,801951.SI,601918.SH
801223.SI,False,2015-04-18,True,False,False,True,2015-2021,2015-12-08,"[""financial_bad""]",2015-12-07,801223.SI,002123.SZ
801038.SI,True,2015-03-31,True,False,False,True,2015-2021,2015-12-08,"[""financial_bad""]",2015-12-07,801038.SI,600096.SH
801951.SI,False,2015-04-18,True,False,False,True,2015-2021,2015-12-08,"[""financial_bad""]",2015-12-07,801951.SI,601918.SH
801223.SI,False,2015-04-18,True,False,False,True,2015-2021,2015-12-09,"[""financial_bad""]",2015-12-08,801223.SI,002123.SZ
801223.SI,False,2015-04-18,True,False,False,True,2015-2021,2015-12-10,"[""financial_bad""]",2015-12-09,801223.SI,002123.SZ
801223.SI,False,2015-04-18,True,False,False,True,2015-2021,2015-12-11,"[""financial_bad""]",2015-12-10,801223.SI,002123.SZ
801223.SI,False,2015-04-18,True,False,False,True,2015-2021,2015-12-15,"[""financial_bad""]",2015-12-14,801223.SI,002123.SZ
801951.SI,False,2015-04-18,True,False,False,True,2015-2021,2015-12-15,"[""financial_bad""]",2015-12-14,801951.SI,601918.SH
801223.SI,False,2015-04-18,True,False,False,True,2015-2021,2015-12-16,"[""financial_bad""]",2015-12-15,801223.SI,002123.SZ
801951.SI,False,2015-04-18,True,False,False,True,2015-2021,2015-12-16,"[""financial_bad""]",2015-12-15,801951.SI,601918.SH
801223.SI,False,2015-04-18,True,False,False,True,2015-2021,2015-12-17,"[""financial_bad""]",2015-12-16,801223.SI,002123.SZ
801951.SI,False,2015-04-18,True,False,False,True,2015-2021,2015-12-17,"[""financial_bad""]",2015-12-16,801951.SI,601918.SH
801223.SI,False,2015-04-18,True,False,False,True,2015-2021,2015-12-18,"[""financial_bad""]",2015-12-17,801223.SI,002123.SZ
801951.SI,False,2015-04-18,True,False,False,True,2015-2021,2015-12-18,"[""financial_bad""]",2015-12-17,801951.SI,601918.SH
801223.SI,False,2015-04-18,True,False,False,True,2015-2021,2015-12-21,"[""financial_bad""]",2015-12-18,801223.SI,002123.SZ
801951.SI,False,2015-04-18,True,False,False,True,2015-2021,2015-12-21,"[""financial_bad""]",2015-12-18,801951.SI,601918.SH
801223.SI,False,2015-04-18,True,False,False,True,2015-2021,2015-12-22,"[""financial_bad""]",2015-12-21,801223.SI,002123.SZ
801951.SI,False,2015-04-18,True,False,False,True,2015-2021,2015-12-22,"[""financial_bad""]",2015-12-21,801951.SI,601918.SH
801223.SI,False,2015-04-18,True,False,False,True,2015-2021,2015-12-23,"[""financial_bad""]",2015-12-22,801223.SI,002123.SZ
801038.SI,True,2015-03-31,True,False,False,True,2015-2021,2015-12-23,"[""financial_bad""]",2015-12-22,801038.SI,600096.SH
801951.SI,False,2015-04-18,True,False,False,True,2015-2021,2015-12-23,"[""financial_bad""]",2015-12-22,801951.SI,601918.SH
801223.SI,False,2015-04-18,True,False,False,True,2015-2021,2015-12-24,"[""financial_bad""]",2015-12-23,801223.SI,002123.SZ
801038.SI,True,2015-03-31,True,False,False,True,2015-2021,2015-12-24,"[""financial_bad""]",2015-12-23,801038.SI,600096.SH
801038.SI,True,2015-03-31,True,False,False,True,2015-2021,2015-12-25,"[""financial_bad""]",2015-12-24,801038.SI,600096.SH
801223.SI,False,,False,True,False,True,2015-2021,2015-12-28,"[""financial_missing""]",2015-12-25,801223.SI,002467.SZ
801038.SI,True,2015-03-31,True,False,False,True,2015-2021,2015-12-28,"[""financial_bad""]",2015-12-25,801038.SI,600096.SH
801223.SI,False,,False,True,False,True,2015-2021,2015-12-29,"[""financial_missing""]",2015-12-28,801223.SI,002467.SZ
801231.SI,True,,False,True,False,True,2015-2021,2015-12-30,"[""financial_missing""]",2015-12-29,801231.SI,000839.SZ
801223.SI,False,,False,True,False,True,2015-2021,2015-12-30,"[""financial_missing""]",2015-12-29,801223.SI,002467.SZ
801764.SI,True,2015-04-28,True,False,False,True,2015-2021,2015-12-30,"[""financial_bad""]",2015-12-29,801764.SI,600652.SH
801231.SI,True,,False,True,False,True,2015-2021,2015-12-31,"[""financial_missing""]",2015-12-30,801231.SI,000839.SZ
801223.SI,False,,False,True,False,True,2015-2021,2015-12-31,"[""financial_missing""]",2015-12-30,801223.SI,002467.SZ
801231.SI,True,,False,True,False,True,2015-2021,2016-01-04,"[""financial_missing""]",2015-12-31,801231.SI,000839.SZ
801223.SI,False,,False,True,False,True,2015-2021,2016-01-04,"[""financial_missing""]",2015-12-31,801223.SI,002467.SZ
801764.SI,True,2015-04-28,True,False,False,True,2015-2021,2016-01-04,"[""financial_bad""]",2015-12-31,801764.SI,600652.SH
801764.SI,True,2015-04-28,True,False,False,True,2015-2021,2016-01-05,"[""financial_bad""]",2016-01-04,801764.SI,600652.SH
801231.SI,True,,False,True,False,True,2015-2021,2016-01-06,"[""financial_missing""]",2016-01-05,801231.SI,000839.SZ
801223.SI,False,2015-04-18,True,False,False,True,2015-2021,2016-01-06,"[""financial_bad""]",2016-01-05,801223.SI,002123.SZ
801231.SI,True,,False,True,False,True,2015-2021,2016-01-07,"[""financial_missing""]",2016-01-06,801231.SI,000839.SZ
801223.SI,False,2015-04-18,True,False,False,True,2015-2021,2016-01-07,"[""financial_bad""]",2016-01-06,801223.SI,002123.SZ
801223.SI,False,2015-04-18,True,False,False,True,2015-2021,2016-02-23,"[""financial_bad""]",2016-02-22,801223.SI,002123.SZ
801764.SI,False,2015-04-28,True,False,False,True,2015-2021,2016-02-23,"[""financial_bad""]",2016-02-22,801764.SI,600652.SH
801764.SI,False,2015-04-28,True,False,False,True,2015-2021,2016-02-24,"[""financial_bad""]",2016-02-23,801764.SI,600652.SH
801764.SI,False,2015-04-28,True,False,False,True,2015-2021,2016-02-25,"[""financial_bad""]",2016-02-24,801764.SI,600652.SH
801726.SI,False,2016-03-25,True,False,False,True,2015-2021,2016-04-06,"[""financial_bad""]",2016-04-05,801726.SI,000779.SZ
801231.SI,False,2016-03-23,False,True,False,True,2015-2021,2016-04-06,"[""financial_missing""]",2016-04-05,801231.SI,000839.SZ
801726.SI,False,2016-03-25,True,False,False,True,2015-2021,2016-04-07,"[""financial_bad""]",2016-04-06,801726.SI,000779.SZ
801231.SI,False,2016-03-23,False,True,False,True,2015-2021,2016-04-07,"[""financial_missing""]",2016-04-06,801231.SI,000839.SZ
801231.SI,False,2016-03-23,False,True,False,True,2015-2021,2016-04-08,"[""financial_missing""]",2016-04-07,801231.SI,000839.SZ
801231.SI,False,2016-03-23,False,True,False,True,2015-2021,2016-04-11,"[""financial_missing""]",2016-04-08,801231.SI,000839.SZ
801231.SI,True,2016-03-23,False,True,False,True,2015-2021,2016-04-12,"[""financial_missing""]",2016-04-11,801231.SI,000839.SZ
801231.SI,True,2016-03-23,False,True,False,True,2015-2021,2016-04-13,"[""financial_missing""]",2016-04-12,801231.SI,000839.SZ
801231.SI,True,2016-03-23,False,True,False,True,2015-2021,2016-04-14,"[""financial_missing""]",2016-04-13,801231.SI,000839.SZ
801231.SI,True,2016-03-23,False,True,False,True,2015-2021,2016-04-15,"[""financial_missing""]",2016-04-14,801231.SI,000839.SZ
801231.SI,True,2016-03-23,False,True,False,True,2015-2021,2016-04-18,"[""financial_missing""]",2016-04-15,801231.SI,000839.SZ
801231.SI,True,2016-03-23,False,True,False,True,2015-2021,2016-04-19,"[""financial_missing""]",2016-04-18,801231.SI,000839.SZ
801231.SI,True,2016-03-23,False,True,False,True,2015-2021,2016-04-20,"[""financial_missing""]",2016-04-19,801231.SI,000839.SZ
801037.SI,True,2016-04-08,True,False,False,True,2015-2021,2016-04-26,"[""financial_bad""]",2016-04-25,801037.SI,002442.SZ
801231.SI,True,2016-03-23,False,True,False,True,2015-2021,2016-04-27,"[""financial_missing""]",2016-04-26,801231.SI,000839.SZ
801231.SI,True,2016-03-23,False,True,False,True,2015-2021,2016-04-28,"[""financial_missing""]",2016-04-27,801231.SI,000839.SZ
801231.SI,True,2016-03-23,False,True,False,True,2015-2021,2016-04-29,"[""financial_missing""]",2016-04-28,801231.SI,000839.SZ
801037.SI,True,2016-04-08,True,False,False,True,2015-2021,2016-04-29,"[""financial_bad""]",2016-04-28,801037.SI,002442.SZ
801231.SI,True,2016-03-23,False,True,False,True,2015-2021,2016-05-03,"[""financial_missing""]",2016-04-29,801231.SI,000839.SZ
801231.SI,True,2016-03-23,False,True,False,True,2015-2021,2016-05-04,"[""financial_missing""]",2016-05-03,801231.SI,000839.SZ
801037.SI,True,2016-04-08,True,False,False,True,2015-2021,2016-05-04,"[""financial_bad""]",2016-05-03,801037.SI,002442.SZ
801231.SI,True,2016-03-23,False,True,False,True,2015-2021,2016-05-05,"[""financial_missing""]",2016-05-04,801231.SI,000839.SZ
801037.SI,True,2016-04-08,True,False,False,True,2015-2021,2016-05-05,"[""financial_bad""]",2016-05-04,801037.SI,002442.SZ
801231.SI,True,2016-03-23,False,True,False,True,2015-2021,2016-05-06,"[""financial_missing""]",2016-05-05,801231.SI,000839.SZ
801037.SI,True,2016-04-08,True,False,False,True,2015-2021,2016-05-06,"[""financial_bad""]",2016-05-05,801037.SI,002442.SZ
801231.SI,False,2016-03-23,False,True,False,True,2015-2021,2016-07-01,"[""financial_missing""]",2016-06-30,801231.SI,000839.SZ
801231.SI,False,2016-03-23,False,True,False,True,2015-2021,2016-07-04,"[""financial_missing""]",2016-07-01,801231.SI,000839.SZ
801231.SI,False,2016-03-23,False,True,False,True,2015-2021,2016-07-05,"[""financial_missing""]",2016-07-04,801231.SI,000839.SZ
801231.SI,False,2016-03-23,False,True,False,True,2015-2021,2016-07-06,"[""financial_missing""]",2016-07-05,801231.SI,000839.SZ
801231.SI,False,2016-03-23,False,True,False,True,2015-2021,2016-07-07,"[""financial_missing""]",2016-07-06,801231.SI,000839.SZ
801231.SI,False,2016-03-23,False,True,False,True,2015-2021,2016-07-08,"[""financial_missing""]",2016-07-07,801231.SI,000839.SZ
801231.SI,False,2016-03-23,False,True,False,True,2015-2021,2016-07-11,"[""financial_missing""]",2016-07-08,801231.SI,000839.SZ
801231.SI,False,2016-03-23,False,True,False,True,2015-2021,2016-07-12,"[""financial_missing""]",2016-07-11,801231.SI,000839.SZ
801231.SI,False,2016-03-23,False,True,False,True,2015-2021,2016-07-13,"[""financial_missing""]",2016-07-12,801231.SI,000839.SZ
801231.SI,False,2016-03-23,False,True,False,True,2015-2021,2016-07-14,"[""financial_missing""]",2016-07-13,801231.SI,000839.SZ
801231.SI,False,2016-03-23,False,True,False,True,2015-2021,2016-07-15,"[""financial_missing""]",2016-07-14,801231.SI,000839.SZ
801181.SI,True,2016-03-24,True,False,False,True,2015-2021,2016-08-05,"[""financial_bad""]",2016-08-04,801181.SI,600149.SH
801181.SI,True,2016-03-24,True,False,False,True,2015-2021,2016-08-09,"[""financial_bad""]",2016-08-08,801181.SI,600149.SH
801231.SI,True,2016-03-23,False,True,False,True,2015-2021,2016-08-23,"[""financial_missing""]",2016-08-22,801231.SI,000839.SZ
801231.SI,True,2016-03-23,False,True,False,True,2015-2021,2016-09-05,"[""financial_missing""]",2016-09-02,801231.SI,000839.SZ
801152.SI,True,2016-04-29,True,False,False,True,2015-2021,2016-10-13,"[""financial_bad""]",2016-10-12,801152.SI,000518.SZ
801152.SI,True,2016-04-29,True,False,False,True,2015-2021,2016-10-14,"[""financial_bad""]",2016-10-13,801152.SI,000518.SZ
801152.SI,True,2016-04-29,True,False,False,True,2015-2021,2016-10-17,"[""financial_bad""]",2016-10-14,801152.SI,000518.SZ
801152.SI,True,2016-04-29,True,False,False,True,2015-2021,2016-10-18,"[""financial_bad""]",2016-10-17,801152.SI,000518.SZ
801152.SI,True,2016-04-29,True,False,False,True,2015-2021,2016-10-19,"[""financial_bad""]",2016-10-18,801152.SI,000518.SZ
801152.SI,True,2016-04-29,True,False,False,True,2015-2021,2016-10-20,"[""financial_bad""]",2016-10-19,801152.SI,000518.SZ
801152.SI,True,2016-04-29,True,False,False,True,2015-2021,2016-10-21,"[""financial_bad""]",2016-10-20,801152.SI,000518.SZ
801152.SI,True,2016-04-29,True,False,False,True,2015-2021,2016-10-24,"[""financial_bad""]",2016-10-21,801152.SI,000518.SZ
801152.SI,True,2016-04-29,True,False,False,True,2015-2021,2016-10-25,"[""financial_bad""]",2016-10-24,801152.SI,000518.SZ
801152.SI,True,2016-04-29,True,False,False,True,2015-2021,2016-10-27,"[""financial_bad""]",2016-10-26,801152.SI,000518.SZ
801152.SI,True,2016-04-29,True,False,False,True,2015-2021,2016-10-28,"[""financial_bad""]",2016-10-27,801152.SI,000518.SZ
801152.SI,True,2016-04-29,True,False,False,True,2015-2021,2016-10-31,"[""financial_bad""]",2016-10-28,801152.SI,000518.SZ
801152.SI,True,2016-04-29,True,False,False,True,2015-2021,2016-11-01,"[""financial_bad""]",2016-10-31,801152.SI,000518.SZ
801152.SI,True,2016-04-29,True,False,False,True,2015-2021,2016-11-02,"[""financial_bad""]",2016-11-01,801152.SI,000518.SZ
801131.SI,True,2016-04-22,True,False,False,True,2015-2021,2016-11-02,"[""financial_bad""]",2016-11-01,801131.SI,002486.SZ
801152.SI,True,2016-04-29,True,False,False,True,2015-2021,2016-11-03,"[""financial_bad""]",2016-11-02,801152.SI,000518.SZ
801152.SI,True,2016-04-29,True,False,False,True,2015-2021,2016-11-04,"[""financial_bad""]",2016-11-03,801152.SI,000518.SZ
801152.SI,True,2016-04-29,True,False,False,True,2015-2021,2016-11-07,"[""financial_bad""]",2016-11-04,801152.SI,000518.SZ
801152.SI,True,2016-04-29,True,False,False,True,2015-2021,2016-11-08,"[""financial_bad""]",2016-11-07,801152.SI,000518.SZ
801152.SI,True,2016-04-29,True,False,False,True,2015-2021,2016-11-09,"[""financial_bad""]",2016-11-08,801152.SI,000518.SZ
801152.SI,True,2016-04-29,True,False,False,True,2015-2021,2016-11-10,"[""financial_bad""]",2016-11-09,801152.SI,000518.SZ
801152.SI,True,2016-04-29,True,False,False,True,2015-2021,2016-11-11,"[""financial_bad""]",2016-11-10,801152.SI,000518.SZ
801152.SI,True,2016-04-29,True,False,False,True,2015-2021,2016-11-14,"[""financial_bad""]",2016-11-11,801152.SI,000518.SZ
801055.SI,True,2016-04-30,True,False,False,True,2015-2021,2016-11-14,"[""financial_bad""]",2016-11-11,801055.SI,000630.SZ
801152.SI,True,2016-04-29,True,False,False,True,2015-2021,2016-11-15,"[""financial_bad""]",2016-11-14,801152.SI,000518.SZ
801152.SI,True,2016-04-29,True,False,False,True,2015-2021,2016-11-16,"[""financial_bad""]",2016-11-15,801152.SI,000518.SZ
801044.SI,True,2016-03-31,True,False,False,True,2015-2021,2016-11-16,"[""financial_bad""]",2016-11-15,801044.SI,000932.SZ
801152.SI,True,2016-04-29,True,False,False,True,2015-2021,2016-11-17,"[""financial_bad""]",2016-11-16,801152.SI,000518.SZ
801044.SI,True,2016-03-31,True,False,False,True,2015-2021,2016-11-17,"[""financial_bad""]",2016-11-16,801044.SI,000932.SZ
801152.SI,True,2016-04-29,True,False,False,True,2015-2021,2016-11-18,"[""financial_bad""]",2016-11-17,801152.SI,000518.SZ
801152.SI,True,2016-04-29,True,False,False,True,2015-2021,2016-11-21,"[""financial_bad""]",2016-11-18,801152.SI,000518.SZ
801044.SI,True,2016-03-31,True,False,False,True,2015-2021,2016-11-21,"[""financial_bad""]",2016-11-18,801044.SI,000932.SZ
801152.SI,True,2016-04-29,True,False,False,True,2015-2021,2016-11-22,"[""financial_bad""]",2016-11-21,801152.SI,000518.SZ
801044.SI,True,2016-03-31,True,False,False,True,2015-2021,2016-11-22,"[""financial_bad""]",2016-11-21,801044.SI,000932.SZ
801152.SI,True,2016-04-29,True,False,False,True,2015-2021,2016-11-23,"[""financial_bad""]",2016-11-22,801152.SI,000518.SZ
801044.SI,True,2016-03-31,True,False,False,True,2015-2021,2016-11-23,"[""financial_bad""]",2016-11-22,801044.SI,000932.SZ
801152.SI,True,2016-04-29,True,False,False,True,2015-2021,2016-11-24,"[""financial_bad""]",2016-11-23,801152.SI,000518.SZ
801044.SI,True,2016-03-31,True,False,False,True,2015-2021,2016-11-24,"[""financial_bad""]",2016-11-23,801044.SI,000932.SZ
801152.SI,True,2016-04-29,True,False,False,True,2015-2021,2016-11-25,"[""financial_bad""]",2016-11-24,801152.SI,000518.SZ
801044.SI,True,2016-03-31,True,False,False,True,2015-2021,2016-11-25,"[""financial_bad""]",2016-11-24,801044.SI,000932.SZ
801152.SI,True,2016-04-29,True,False,False,True,2015-2021,2016-11-28,"[""financial_bad""]",2016-11-25,801152.SI,000518.SZ
801044.SI,True,2016-03-31,True,False,False,True,2015-2021,2016-11-28,"[""financial_bad""]",2016-11-25,801044.SI,000932.SZ
801152.SI,True,2016-04-29,True,False,False,True,2015-2021,2016-11-29,"[""financial_bad""]",2016-11-28,801152.SI,000518.SZ
801044.SI,True,2016-03-31,True,False,False,True,2015-2021,2016-11-29,"[""financial_bad""]",2016-11-28,801044.SI,000932.SZ
801044.SI,True,2016-03-31,True,False,False,True,2015-2021,2016-11-30,"[""financial_bad""]",2016-11-29,801044.SI,000932.SZ
801152.SI,True,2016-04-29,True,False,False,True,2015-2021,2016-12-01,"[""financial_bad""]",2016-11-30,801152.SI,000518.SZ
801044.SI,True,2016-03-31,True,False,False,True,2015-2021,2016-12-01,"[""financial_bad""]",2016-11-30,801044.SI,000932.SZ
801152.SI,True,2016-04-29,True,False,False,True,2015-2021,2016-12-02,"[""financial_bad""]",2016-12-01,801152.SI,000518.SZ
801044.SI,True,2016-03-31,True,False,False,True,2015-2021,2016-12-02,"[""financial_bad""]",2016-12-01,801044.SI,000932.SZ
801152.SI,True,2016-04-29,True,False,False,True,2015-2021,2016-12-05,"[""financial_bad""]",2016-12-02,801152.SI,000518.SZ
801152.SI,False,2016-04-29,True,False,False,True,2015-2021,2016-12-06,"[""financial_bad""]",2016-12-05,801152.SI,000518.SZ
801152.SI,False,2016-04-29,True,False,False,True,2015-2021,2016-12-07,"[""financial_bad""]",2016-12-06,801152.SI,000518.SZ
801152.SI,False,2016-04-29,True,False,False,True,2015-2021,2016-12-08,"[""financial_bad""]",2016-12-07,801152.SI,000518.SZ
801152.SI,False,2016-04-29,True,False,False,True,2015-2021,2016-12-09,"[""financial_bad""]",2016-12-08,801152.SI,000518.SZ
801055.SI,True,2016-04-30,True,False,False,True,2015-2021,2016-12-09,"[""financial_bad""]",2016-12-08,801055.SI,000630.SZ
801152.SI,False,2016-04-29,True,False,False,True,2015-2021,2016-12-12,"[""financial_bad""]",2016-12-09,801152.SI,000518.SZ
801055.SI,True,2016-04-30,True,False,False,True,2015-2021,2016-12-12,"[""financial_bad""]",2016-12-09,801055.SI,000630.SZ
801044.SI,True,2016-03-31,True,False,False,True,2015-2021,2016-12-12,"[""financial_bad""]",2016-12-09,801044.SI,000932.SZ
801044.SI,True,2016-03-31,True,False,False,True,2015-2021,2016-12-13,"[""financial_bad""]",2016-12-12,801044.SI,000932.SZ
801044.SI,True,2016-03-31,True,False,False,True,2015-2021,2016-12-20,"[""financial_bad""]",2016-12-19,801044.SI,000932.SZ
801132.SI,True,2016-04-26,True,False,False,True,2015-2021,2016-12-20,"[""financial_bad""]",2016-12-19,801132.SI,600137.SH
801132.SI,True,2016-04-26,True,False,False,True,2015-2021,2016-12-21,"[""financial_bad""]",2016-12-20,801132.SI,600137.SH
801152.SI,False,2016-04-29,True,False,False,True,2015-2021,2016-12-22,"[""financial_bad""]",2016-12-21,801152.SI,000518.SZ
801044.SI,True,2016-03-31,True,False,False,True,2015-2021,2016-12-22,"[""financial_bad""]",2016-12-21,801044.SI,000932.SZ
801132.SI,True,2016-04-26,True,False,False,True,2015-2021,2016-12-22,"[""financial_bad""]",2016-12-21,801132.SI,600137.SH
801152.SI,False,2016-04-29,True,False,False,True,2015-2021,2016-12-23,"[""financial_bad""]",2016-12-22,801152.SI,000518.SZ
801044.SI,True,2016-03-31,True,False,False,True,2015-2021,2016-12-23,"[""financial_bad""]",2016-12-22,801044.SI,000932.SZ
801132.SI,True,2016-04-26,True,False,False,True,2015-2021,2016-12-23,"[""financial_bad""]",2016-12-22,801132.SI,600137.SH
801152.SI,False,2016-04-29,True,False,False,True,2015-2021,2016-12-26,"[""financial_bad""]",2016-12-23,801152.SI,000518.SZ
801044.SI,True,2016-03-31,True,False,False,True,2015-2021,2016-12-26,"[""financial_bad""]",2016-12-23,801044.SI,000932.SZ
801152.SI,False,2016-04-29,True,False,False,True,2015-2021,2016-12-27,"[""financial_bad""]",2016-12-26,801152.SI,000518.SZ
801044.SI,True,2016-03-31,True,False,False,True,2015-2021,2016-12-27,"[""financial_bad""]",2016-12-26,801044.SI,000932.SZ
801152.SI,False,2016-04-29,True,False,False,True,2015-2021,2016-12-28,"[""financial_bad""]",2016-12-27,801152.SI,000518.SZ
801044.SI,True,2016-03-31,True,False,False,True,2015-2021,2016-12-28,"[""financial_bad""]",2016-12-27,801044.SI,000932.SZ
801152.SI,False,2016-04-29,True,False,False,True,2015-2021,2016-12-29,"[""financial_bad""]",2016-12-28,801152.SI,000518.SZ
801044.SI,True,2016-03-31,True,False,False,True,2015-2021,2016-12-29,"[""financial_bad""]",2016-12-28,801044.SI,000932.SZ
801152.SI,False,2016-04-29,True,False,False,True,2015-2021,2017-01-04,"[""financial_bad""]",2017-01-03,801152.SI,000518.SZ
801044.SI,True,2016-03-31,True,False,False,True,2015-2021,2017-01-04,"[""financial_bad""]",2017-01-03,801044.SI,000932.SZ
801132.SI,False,2016-04-26,True,False,False,True,2015-2021,2017-01-04,"[""financial_bad""]",2017-01-03,801132.SI,600137.SH
801044.SI,True,2016-03-31,True,False,False,True,2015-2021,2017-01-12,"[""financial_bad""]",2017-01-04,801044.SI,000932.SZ
801132.SI,False,2016-04-26,True,False,False,True,2015-2021,2017-01-05,"[""financial_bad""]",2017-01-04,801132.SI,600137.SH
801152.SI,False,2016-04-29,True,False,False,True,2015-2021,2017-01-06,"[""financial_bad""]",2017-01-05,801152.SI,000518.SZ
801152.SI,False,2016-04-29,True,False,False,True,2015-2021,2017-01-09,"[""financial_bad""]",2017-01-06,801152.SI,000518.SZ
801152.SI,False,2016-04-29,True,False,False,True,2015-2021,2017-01-10,"[""financial_bad""]",2017-01-09,801152.SI,000518.SZ
801152.SI,False,2016-04-29,True,False,False,True,2015-2021,2017-01-11,"[""financial_bad""]",2017-01-10,801152.SI,000518.SZ
801152.SI,False,2016-04-29,True,False,False,True,2015-2021,2017-01-12,"[""financial_bad""]",2017-01-11,801152.SI,000518.SZ
801181.SI,True,2016-03-24,True,False,False,True,2015-2021,2017-01-12,"[""financial_bad""]",2017-01-11,801181.SI,600149.SH
801152.SI,False,2016-04-29,True,False,False,True,2015-2021,2017-01-13,"[""financial_bad""]",2017-01-12,801152.SI,000518.SZ
801044.SI,True,2016-03-31,True,False,False,True,2015-2021,2017-01-13,"[""financial_bad""]",2017-01-12,801044.SI,000932.SZ
801152.SI,False,2016-04-29,True,False,False,True,2015-2021,2017-01-25,"[""financial_bad""]",2017-01-24,801152.SI,000518.SZ
801181.SI,True,2016-03-24,True,False,False,True,2015-2021,2017-01-25,"[""financial_bad""]",2017-01-24,801181.SI,600149.SH
801152.SI,False,2016-04-29,True,False,False,True,2015-2021,2017-01-26,"[""financial_bad""]",2017-01-25,801152.SI,000518.SZ
801181.SI,True,2016-03-24,True,False,False,True,2015-2021,2017-01-26,"[""financial_bad""]",2017-01-25,801181.SI,600149.SH
801152.SI,False,2016-04-29,True,False,False,True,2015-2021,2017-02-03,"[""financial_bad""]",2017-01-26,801152.SI,000518.SZ
801055.SI,False,2016-04-30,True,False,False,True,2015-2021,2017-02-03,"[""financial_bad""]",2017-01-26,801055.SI,000630.SZ
801181.SI,True,2016-03-24,True,False,False,True,2015-2021,2017-02-03,"[""financial_bad""]",2017-01-26,801181.SI,600149.SH
801152.SI,False,2016-04-29,True,False,False,True,2015-2021,2017-02-06,"[""financial_bad""]",2017-02-03,801152.SI,000518.SZ
801181.SI,True,2016-03-24,True,False,False,True,2015-2021,2017-02-06,"[""financial_bad""]",2017-02-03,801181.SI,600149.SH
801152.SI,False,2016-04-29,True,False,False,True,2015-2021,2017-02-07,"[""financial_bad""]",2017-02-06,801152.SI,000518.SZ
801181.SI,True,2016-03-24,True,False,False,True,2015-2021,2017-02-07,"[""financial_bad""]",2017-02-06,801181.SI,600149.SH
801152.SI,False,2016-04-29,True,False,False,True,2015-2021,2017-02-08,"[""financial_bad""]",2017-02-07,801152.SI,000518.SZ
801181.SI,True,2016-03-24,True,False,False,True,2015-2021,2017-02-08,"[""financial_bad""]",2017-02-07,801181.SI,600149.SH
801152.SI,False,2016-04-29,True,False,False,True,2015-2021,2017-02-09,"[""financial_bad""]",2017-02-08,801152.SI,000518.SZ
801055.SI,False,2016-04-30,True,False,False,True,2015-2021,2017-02-09,"[""financial_bad""]",2017-02-08,801055.SI,000630.SZ
801181.SI,True,2016-03-24,True,False,False,True,2015-2021,2017-02-09,"[""financial_bad""]",2017-02-08,801181.SI,600149.SH
801152.SI,False,2016-04-29,True,False,False,True,2015-2021,2017-02-10,"[""financial_bad""]",2017-02-09,801152.SI,000518.SZ
801181.SI,True,2016-03-24,True,False,False,True,2015-2021,2017-02-10,"[""financial_bad""]",2017-02-09,801181.SI,600149.SH
801152.SI,False,2016-04-29,True,False,False,True,2015-2021,2017-02-13,"[""financial_bad""]",2017-02-10,801152.SI,000518.SZ
801055.SI,True,2016-04-30,True,False,False,True,2015-2021,2017-02-13,"[""financial_bad""]",2017-02-10,801055.SI,000630.SZ
801181.SI,True,2016-03-24,True,False,False,True,2015-2021,2017-02-13,"[""financial_bad""]",2017-02-10,801181.SI,600149.SH
801152.SI,False,2016-04-29,True,False,False,True,2015-2021,2017-02-14,"[""financial_bad""]",2017-02-13,801152.SI,000518.SZ
801055.SI,True,2016-04-30,True,False,False,True,2015-2021,2017-02-14,"[""financial_bad""]",2017-02-13,801055.SI,000630.SZ
801181.SI,True,2016-03-24,True,False,False,True,2015-2021,2017-02-14,"[""financial_bad""]",2017-02-13,801181.SI,600149.SH
801152.SI,False,2016-04-29,True,False,False,True,2015-2021,2017-02-15,"[""financial_bad""]",2017-02-14,801152.SI,000518.SZ
801055.SI,True,2016-04-30,True,False,False,True,2015-2021,2017-02-15,"[""financial_bad""]",2017-02-14,801055.SI,000630.SZ
801152.SI,False,2016-04-29,True,False,False,True,2015-2021,2017-02-16,"[""financial_bad""]",2017-02-15,801152.SI,000518.SZ
801055.SI,True,2016-04-30,True,False,False,True,2015-2021,2017-02-16,"[""financial_bad""]",2017-02-15,801055.SI,000630.SZ
801181.SI,True,2016-03-24,True,False,False,True,2015-2021,2017-02-16,"[""financial_bad""]",2017-02-15,801181.SI,600149.SH
801152.SI,False,2016-04-29,True,False,False,True,2015-2021,2017-02-17,"[""financial_bad""]",2017-02-16,801152.SI,000518.SZ
801055.SI,True,2016-04-30,True,False,False,True,2015-2021,2017-02-17,"[""financial_bad""]",2017-02-16,801055.SI,000630.SZ
801181.SI,True,2016-03-24,True,False,False,True,2015-2021,2017-02-17,"[""financial_bad""]",2017-02-16,801181.SI,600149.SH
801152.SI,False,2016-04-29,True,False,False,True,2015-2021,2017-02-20,"[""financial_bad""]",2017-02-17,801152.SI,000518.SZ
801055.SI,True,2016-04-30,True,False,False,True,2015-2021,2017-02-20,"[""financial_bad""]",2017-02-17,801055.SI,000630.SZ
801181.SI,True,2016-03-24,True,False,False,True,2015-2021,2017-02-20,"[""financial_bad""]",2017-02-17,801181.SI,600149.SH
801152.SI,False,2016-04-29,True,False,False,True,2015-2021,2017-02-21,"[""financial_bad""]",2017-02-20,801152.SI,000518.SZ
801055.SI,True,2016-04-30,True,False,False,True,2015-2021,2017-02-21,"[""financial_bad""]",2017-02-20,801055.SI,000630.SZ
801181.SI,True,2016-03-24,True,False,False,True,2015-2021,2017-02-21,"[""financial_bad""]",2017-02-20,801181.SI,600149.SH
801152.SI,False,2016-04-29,True,False,False,True,2015-2021,2017-02-22,"[""financial_bad""]",2017-02-21,801152.SI,000518.SZ
801055.SI,True,2016-04-30,True,False,False,True,2015-2021,2017-02-22,"[""financial_bad""]",2017-02-21,801055.SI,000630.SZ
801181.SI,True,2016-03-24,True,False,False,True,2015-2021,2017-02-22,"[""financial_bad""]",2017-02-21,801181.SI,600149.SH
801152.SI,False,2016-04-29,True,False,False,True,2015-2021,2017-02-23,"[""financial_bad""]",2017-02-22,801152.SI,000518.SZ
801055.SI,True,2016-04-30,True,False,False,True,2015-2021,2017-02-23,"[""financial_bad""]",2017-02-22,801055.SI,000630.SZ
801711.SI,True,2016-03-26,True,False,False,True,2015-2021,2017-02-23,"[""financial_bad""]",2017-02-22,801711.SI,000877.SZ
801152.SI,False,2016-04-29,True,False,False,True,2015-2021,2017-02-24,"[""financial_bad""]",2017-02-23,801152.SI,000518.SZ
801055.SI,True,2016-04-30,True,False,False,True,2015-2021,2017-02-24,"[""financial_bad""]",2017-02-23,801055.SI,000630.SZ
801181.SI,True,2016-03-24,True,False,False,True,2015-2021,2017-02-24,"[""financial_bad""]",2017-02-23,801181.SI,600149.SH
801152.SI,False,2016-04-29,True,False,False,True,2015-2021,2017-02-27,"[""financial_bad""]",2017-02-24,801152.SI,000518.SZ
801181.SI,True,2016-03-24,True,False,False,True,2015-2021,2017-02-27,"[""financial_bad""]",2017-02-24,801181.SI,600149.SH
801152.SI,False,2016-04-29,True,False,False,True,2015-2021,2017-02-28,"[""financial_bad""]",2017-02-27,801152.SI,000518.SZ
801181.SI,True,2016-03-24,True,False,False,True,2015-2021,2017-02-28,"[""financial_bad""]",2017-02-27,801181.SI,600149.SH
801152.SI,False,2016-04-29,True,False,False,True,2015-2021,2017-03-01,"[""financial_bad""]",2017-02-28,801152.SI,000518.SZ
801181.SI,True,2016-03-24,True,False,False,True,2015-2021,2017-03-01,"[""financial_bad""]",2017-02-28,801181.SI,600149.SH
801152.SI,False,2016-04-29,True,False,False,True,2015-2021,2017-03-02,"[""financial_bad""]",2017-03-01,801152.SI,000518.SZ
801711.SI,True,2016-03-26,True,False,False,True,2015-2021,2017-03-02,"[""financial_bad""]",2017-03-01,801711.SI,000877.SZ
801181.SI,True,2016-03-24,True,False,False,True,2015-2021,2017-03-02,"[""financial_bad""]",2017-03-01,801181.SI,600149.SH
801152.SI,False,2016-04-29,True,False,False,True,2015-2021,2017-03-03,"[""financial_bad""]",2017-03-02,801152.SI,000518.SZ
801711.SI,True,2016-03-26,True,False,False,True,2015-2021,2017-03-03,"[""financial_bad""]",2017-03-02,801711.SI,000877.SZ
801181.SI,True,2016-03-24,True,False,False,True,2015-2021,2017-03-03,"[""financial_bad""]",2017-03-02,801181.SI,600149.SH
801152.SI,False,2016-04-29,True,False,False,True,2015-2021,2017-03-06,"[""financial_bad""]",2017-03-03,801152.SI,000518.SZ
801711.SI,True,2016-03-26,True,False,False,True,2015-2021,2017-03-06,"[""financial_bad""]",2017-03-03,801711.SI,000877.SZ
801181.SI,True,2016-03-24,True,False,False,True,2015-2021,2017-03-06,"[""financial_bad""]",2017-03-03,801181.SI,600149.SH
801152.SI,False,2016-04-29,True,False,False,True,2015-2021,2017-03-07,"[""financial_bad""]",2017-03-06,801152.SI,000518.SZ
801181.SI,True,2016-03-24,True,False,False,True,2015-2021,2017-03-07,"[""financial_bad""]",2017-03-06,801181.SI,600149.SH
801152.SI,False,2016-04-29,True,False,False,True,2015-2021,2017-03-08,"[""financial_bad""]",2017-03-07,801152.SI,000518.SZ
801181.SI,True,2016-03-24,True,False,False,True,2015-2021,2017-03-08,"[""financial_bad""]",2017-03-07,801181.SI,600149.SH
801152.SI,False,2016-04-29,True,False,False,True,2015-2021,2017-03-09,"[""financial_bad""]",2017-03-08,801152.SI,000518.SZ
801181.SI,True,2016-03-24,True,False,False,True,2015-2021,2017-03-09,"[""financial_bad""]",2017-03-08,801181.SI,600149.SH
801152.SI,False,2016-04-29,True,False,False,True,2015-2021,2017-03-10,"[""financial_bad""]",2017-03-09,801152.SI,000518.SZ
801181.SI,True,2016-03-24,True,False,False,True,2015-2021,2017-03-10,"[""financial_bad""]",2017-03-09,801181.SI,600149.SH
801152.SI,False,2016-04-29,True,False,False,True,2015-2021,2017-03-13,"[""financial_bad""]",2017-03-10,801152.SI,000518.SZ
801711.SI,True,2016-03-26,True,False,False,True,2015-2021,2017-03-13,"[""financial_bad""]",2017-03-10,801711.SI,000877.SZ
801181.SI,True,2016-03-24,True,False,False,True,2015-2021,2017-03-13,"[""financial_bad""]",2017-03-10,801181.SI,600149.SH
801152.SI,False,2016-04-29,True,False,False,True,2015-2021,2017-03-14,"[""financial_bad""]",2017-03-13,801152.SI,000518.SZ
801711.SI,True,2016-03-26,True,False,False,True,2015-2021,2017-03-14,"[""financial_bad""]",2017-03-13,801711.SI,000877.SZ
801181.SI,True,2016-03-24,True,False,False,True,2015-2021,2017-03-14,"[""financial_bad""]",2017-03-13,801181.SI,600149.SH
801152.SI,False,2016-04-29,True,False,False,True,2015-2021,2017-03-15,"[""financial_bad""]",2017-03-14,801152.SI,000518.SZ
801711.SI,True,2016-03-26,True,False,False,True,2015-2021,2017-03-15,"[""financial_bad""]",2017-03-14,801711.SI,000877.SZ
801181.SI,True,2016-03-24,True,False,False,True,2015-2021,2017-03-15,"[""financial_bad""]",2017-03-14,801181.SI,600149.SH
801152.SI,False,2016-04-29,True,False,False,True,2015-2021,2017-03-16,"[""financial_bad""]",2017-03-15,801152.SI,000518.SZ
801711.SI,True,2016-03-26,True,False,False,True,2015-2021,2017-03-16,"[""financial_bad""]",2017-03-15,801711.SI,000877.SZ
801181.SI,True,2016-03-24,True,False,False,True,2015-2021,2017-03-16,"[""financial_bad""]",2017-03-15,801181.SI,600149.SH
801152.SI,True,2016-04-29,True,False,False,True,2015-2021,2017-03-17,"[""financial_bad""]",2017-03-16,801152.SI,000518.SZ
801181.SI,True,2016-03-24,True,False,False,True,2015-2021,2017-03-17,"[""financial_bad""]",2017-03-16,801181.SI,600149.SH
801152.SI,True,2016-04-29,True,False,False,True,2015-2021,2017-03-20,"[""financial_bad""]",2017-03-17,801152.SI,000518.SZ
801181.SI,True,2016-03-24,True,False,False,True,2015-2021,2017-03-20,"[""financial_bad""]",2017-03-17,801181.SI,600149.SH
801152.SI,True,2016-04-29,True,False,False,True,2015-2021,2017-03-21,"[""financial_bad""]",2017-03-20,801152.SI,000518.SZ
801181.SI,True,2016-03-24,True,False,False,True,2015-2021,2017-03-21,"[""financial_bad""]",2017-03-20,801181.SI,600149.SH
801152.SI,True,2016-04-29,True,False,False,True,2015-2021,2017-03-22,"[""financial_bad""]",2017-03-21,801152.SI,000518.SZ
801181.SI,True,2016-03-24,True,False,False,True,2015-2021,2017-03-22,"[""financial_bad""]",2017-03-21,801181.SI,600149.SH
801152.SI,True,2016-04-29,True,False,False,True,2015-2021,2017-03-23,"[""financial_bad""]",2017-03-22,801152.SI,000518.SZ
801152.SI,True,2016-04-29,True,False,False,True,2015-2021,2017-03-24,"[""financial_bad""]",2017-03-23,801152.SI,000518.SZ
801152.SI,True,2016-04-29,True,False,False,True,2015-2021,2017-03-27,"[""financial_bad""]",2017-03-24,801152.SI,000518.SZ
801152.SI,True,2016-04-29,True,False,False,True,2015-2021,2017-03-28,"[""financial_bad""]",2017-03-27,801152.SI,000518.SZ
801152.SI,True,2016-04-29,True,False,False,True,2015-2021,2017-03-29,"[""financial_bad""]",2017-03-28,801152.SI,000518.SZ
801152.SI,True,2016-04-29,True,False,False,True,2015-2021,2017-03-30,"[""financial_bad""]",2017-03-29,801152.SI,000518.SZ
801152.SI,True,2016-04-29,True,False,False,True,2015-2021,2017-03-31,"[""financial_bad""]",2017-03-30,801152.SI,000518.SZ
801152.SI,True,2016-04-29,True,False,False,True,2015-2021,2017-04-05,"[""financial_bad""]",2017-03-31,801152.SI,000518.SZ
801152.SI,True,2016-04-29,True,False,False,True,2015-2021,2017-04-06,"[""financial_bad""]",2017-04-05,801152.SI,000518.SZ
801152.SI,True,2016-04-29,True,False,False,True,2015-2021,2017-04-07,"[""financial_bad""]",2017-04-06,801152.SI,000518.SZ
801152.SI,True,2016-04-29,True,False,False,True,2015-2021,2017-04-10,"[""financial_bad""]",2017-04-07,801152.SI,000518.SZ
801181.SI,True,2016-03-24,True,False,False,True,2015-2021,2017-04-10,"[""financial_bad""]",2017-04-07,801181.SI,600149.SH
801152.SI,True,2016-04-29,True,False,False,True,2015-2021,2017-04-11,"[""financial_bad""]",2017-04-10,801152.SI,000518.SZ
801152.SI,True,2016-04-29,True,False,False,True,2015-2021,2017-04-12,"[""financial_bad""]",2017-04-11,801152.SI,000518.SZ
801152.SI,True,2016-04-29,True,False,False,True,2015-2021,2017-04-13,"[""financial_bad""]",2017-04-12,801152.SI,000518.SZ
801152.SI,True,2016-04-29,True,False,False,True,2015-2021,2017-04-14,"[""financial_bad""]",2017-04-13,801152.SI,000518.SZ
801152.SI,True,2016-04-29,True,False,False,True,2015-2021,2017-04-17,"[""financial_bad""]",2017-04-14,801152.SI,000518.SZ
801131.SI,False,2017-04-29,False,False,True,True,2015-2021,2017-06-16,"[""st""]",2017-06-15,801131.SI,000982.SZ
801044.SI,True,2017-04-29,False,False,True,True,2015-2021,2017-08-01,"[""st""]",2017-07-31,801044.SI,000932.SZ
801044.SI,True,2017-04-29,False,False,True,True,2015-2021,2017-08-02,"[""st""]",2017-08-01,801044.SI,000932.SZ
801044.SI,True,2017-04-29,False,False,True,True,2015-2021,2017-08-03,"[""st""]",2017-08-02,801044.SI,000932.SZ
801181.SI,True,2017-04-29,True,False,False,True,2015-2021,2017-10-12,"[""financial_bad""]",2017-10-11,801181.SI,600322.SH
801181.SI,True,2017-04-29,True,False,False,True,2015-2021,2017-10-13,"[""financial_bad""]",2017-10-12,801181.SI,600322.SH
801181.SI,True,2017-04-29,True,False,False,True,2015-2021,2017-10-16,"[""financial_bad""]",2017-10-13,801181.SI,600322.SH
801181.SI,True,2017-04-29,True,False,False,True,2015-2021,2017-10-23,"[""financial_bad""]",2017-10-20,801181.SI,600322.SH
801181.SI,True,2017-04-29,True,False,False,True,2015-2021,2017-10-24,"[""financial_bad""]",2017-10-23,801181.SI,600322.SH
801181.SI,True,2017-04-29,True,False,False,True,2015-2021,2017-10-25,"[""financial_bad""]",2017-10-24,801181.SI,600322.SH
801181.SI,True,2017-04-29,True,False,False,True,2015-2021,2017-11-13,"[""financial_bad""]",2017-11-10,801181.SI,600322.SH
801181.SI,True,2017-04-29,True,False,False,True,2015-2021,2017-11-14,"[""financial_bad""]",2017-11-13,801181.SI,600322.SH
801181.SI,True,2017-04-29,True,False,False,True,2015-2021,2017-11-16,"[""financial_bad""]",2017-11-15,801181.SI,600322.SH
801181.SI,True,2017-04-29,True,False,False,True,2015-2021,2018-01-15,"[""financial_bad""]",2018-01-12,801181.SI,600322.SH
801072.SI,True,2018-04-28,True,False,False,True,2015-2021,2018-05-24,"[""financial_bad""]",2018-05-23,801072.SI,002647.SZ
801963.SI,True,2018-03-29,True,False,False,True,2015-2021,2019-04-03,"[""financial_bad""]",2019-04-02,801963.SI,000159.SZ
801181.SI,True,2019-03-29,True,False,False,True,2015-2021,2019-04-03,"[""financial_bad""]",2019-04-02,801181.SI,600621.SH
801181.SI,True,2019-03-29,True,False,False,True,2015-2021,2019-04-08,"[""financial_bad""]",2019-04-04,801181.SI,600621.SH
801193.SI,True,2019-03-23,True,False,False,True,2015-2021,2019-04-09,"[""financial_bad""]",2019-04-08,801193.SI,000712.SZ
801181.SI,True,2019-03-29,True,False,False,True,2015-2021,2019-04-09,"[""financial_bad""]",2019-04-08,801181.SI,600621.SH
801193.SI,True,2019-03-23,True,False,False,True,2015-2021,2019-04-10,"[""financial_bad""]",2019-04-09,801193.SI,000712.SZ
801181.SI,True,2019-03-29,True,False,False,True,2015-2021,2019-04-10,"[""financial_bad""]",2019-04-09,801181.SI,600621.SH
801963.SI,True,2018-03-29,True,False,False,True,2015-2021,2019-04-11,"[""financial_bad""]",2019-04-10,801963.SI,000159.SZ
801181.SI,True,2019-03-29,True,False,False,True,2015-2021,2019-04-11,"[""financial_bad""]",2019-04-10,801181.SI,600621.SH
801181.SI,True,2019-03-29,True,False,False,True,2015-2021,2019-04-12,"[""financial_bad""]",2019-04-11,801181.SI,600621.SH
801963.SI,True,2018-03-29,True,False,False,True,2015-2021,2019-04-15,"[""financial_bad""]",2019-04-12,801963.SI,000159.SZ
801181.SI,True,2019-03-29,True,False,False,True,2015-2021,2019-04-15,"[""financial_bad""]",2019-04-12,801181.SI,600621.SH
801963.SI,True,2018-03-29,True,False,False,True,2015-2021,2019-04-16,"[""financial_bad""]",2019-04-15,801963.SI,000159.SZ
801181.SI,True,2019-03-29,True,False,False,True,2015-2021,2019-04-17,"[""financial_bad""]",2019-04-16,801181.SI,600621.SH
801193.SI,True,2019-03-23,True,False,False,True,2015-2021,2019-04-24,"[""financial_bad""]",2019-04-23,801193.SI,000712.SZ
801193.SI,True,2019-03-23,True,False,False,True,2015-2021,2019-04-25,"[""financial_bad""]",2019-04-24,801193.SI,000712.SZ
801054.SI,True,2019-03-30,True,False,False,True,2015-2021,2019-06-19,"[""financial_bad""]",2019-06-18,801054.SI,600259.SH
801054.SI,True,2019-03-30,True,False,False,True,2015-2021,2019-06-20,"[""financial_bad""]",2019-06-19,801054.SI,600259.SH
801054.SI,True,2019-03-30,True,False,False,True,2015-2021,2019-06-21,"[""financial_bad""]",2019-06-20,801054.SI,600259.SH
801054.SI,True,2019-03-30,True,False,False,True,2015-2021,2019-06-24,"[""financial_bad""]",2019-06-21,801054.SI,600259.SH
801054.SI,True,2019-03-30,True,False,False,True,2015-2021,2019-06-25,"[""financial_bad""]",2019-06-24,801054.SI,600259.SH
801054.SI,True,2019-03-30,True,False,False,True,2015-2021,2019-06-26,"[""financial_bad""]",2019-06-25,801054.SI,600259.SH
801054.SI,True,2019-03-30,True,False,False,True,2015-2021,2019-07-01,"[""financial_bad""]",2019-06-28,801054.SI,600259.SH
801181.SI,True,2019-03-29,True,False,False,True,2015-2021,2019-07-04,"[""financial_bad""]",2019-07-03,801181.SI,600621.SH
801742.SI,True,2019-04-26,True,False,False,True,2015-2021,2019-09-09,"[""financial_bad""]",2019-09-06,801742.SI,300397.SZ
801742.SI,True,2019-04-26,True,False,False,True,2015-2021,2019-09-10,"[""financial_bad""]",2019-09-09,801742.SI,300397.SZ
801742.SI,True,2019-04-26,True,False,False,True,2015-2021,2019-09-11,"[""financial_bad""]",2019-09-10,801742.SI,300397.SZ
801742.SI,True,2019-04-26,True,False,False,True,2015-2021,2019-09-12,"[""financial_bad""]",2019-09-11,801742.SI,300397.SZ
801742.SI,True,2019-04-26,True,False,False,True,2015-2021,2019-09-16,"[""financial_bad""]",2019-09-12,801742.SI,300397.SZ
801742.SI,True,2019-04-26,True,False,False,True,2015-2021,2019-09-17,"[""financial_bad""]",2019-09-16,801742.SI,300397.SZ
801742.SI,True,2019-04-26,True,False,False,True,2015-2021,2019-09-18,"[""financial_bad""]",2019-09-17,801742.SI,300397.SZ
801742.SI,True,2019-04-26,True,False,False,True,2015-2021,2019-09-19,"[""financial_bad""]",2019-09-18,801742.SI,300397.SZ
801742.SI,True,2019-04-26,True,False,False,True,2015-2021,2019-09-20,"[""financial_bad""]",2019-09-19,801742.SI,300397.SZ
801742.SI,True,2019-04-26,True,False,False,True,2015-2021,2019-09-23,"[""financial_bad""]",2019-09-20,801742.SI,300397.SZ
801742.SI,True,2019-04-26,True,False,False,True,2015-2021,2019-09-24,"[""financial_bad""]",2019-09-23,801742.SI,300397.SZ
801742.SI,True,2019-04-26,True,False,False,True,2015-2021,2019-09-25,"[""financial_bad""]",2019-09-24,801742.SI,300397.SZ
801742.SI,True,2019-04-26,True,False,False,True,2015-2021,2019-09-26,"[""financial_bad""]",2019-09-25,801742.SI,300397.SZ
801742.SI,True,2019-04-26,True,False,False,True,2015-2021,2019-10-11,"[""financial_bad""]",2019-10-10,801742.SI,300397.SZ
801742.SI,True,2019-04-26,True,False,False,True,2015-2021,2019-10-14,"[""financial_bad""]",2019-10-11,801742.SI,300397.SZ
801742.SI,False,2019-04-26,True,False,False,True,2015-2021,2019-12-10,"[""financial_bad""]",2019-12-09,801742.SI,300397.SZ
801742.SI,False,2019-04-26,True,False,False,True,2015-2021,2019-12-11,"[""financial_bad""]",2019-12-10,801742.SI,300397.SZ
801742.SI,False,2019-04-26,True,False,False,True,2015-2021,2019-12-12,"[""financial_bad""]",2019-12-11,801742.SI,300397.SZ
801742.SI,False,2019-04-26,True,False,False,True,2015-2021,2019-12-16,"[""financial_bad""]",2019-12-13,801742.SI,300397.SZ
801742.SI,False,2019-04-26,True,False,False,True,2015-2021,2019-12-17,"[""financial_bad""]",2019-12-16,801742.SI,300397.SZ
801742.SI,False,2019-04-26,True,False,False,True,2015-2021,2019-12-18,"[""financial_bad""]",2019-12-17,801742.SI,300397.SZ
801742.SI,False,2019-04-26,True,False,False,True,2015-2021,2019-12-20,"[""financial_bad""]",2019-12-19,801742.SI,300397.SZ
801193.SI,True,2019-03-23,True,False,False,True,2015-2021,2020-01-07,"[""financial_bad""]",2020-01-06,801193.SI,000712.SZ
801181.SI,True,2019-03-29,True,False,False,True,2015-2021,2020-02-24,"[""financial_bad""]",2020-02-21,801193.SI,600621.SH
801181.SI,True,2019-03-29,True,False,False,True,2015-2021,2020-02-25,"[""financial_bad""]",2020-02-24,801193.SI,600621.SH
801181.SI,True,2019-03-29,True,False,False,True,2015-2021,2020-02-26,"[""financial_bad""]",2020-02-25,801193.SI,600621.SH
801181.SI,True,2019-03-29,True,False,False,True,2015-2021,2020-03-05,"[""financial_bad""]",2020-03-04,801193.SI,600621.SH
801181.SI,True,2019-03-29,True,False,False,True,2015-2021,2020-03-06,"[""financial_bad""]",2020-03-05,801193.SI,600621.SH
801181.SI,True,2019-03-29,True,False,False,True,2015-2021,2020-03-13,"[""financial_bad""]",2020-03-12,801193.SI,600621.SH
801181.SI,True,2019-03-29,True,False,False,True,2015-2021,2020-03-16,"[""financial_bad""]",2020-03-13,801193.SI,600621.SH
801181.SI,True,2019-03-29,True,False,False,True,2015-2021,2020-03-17,"[""financial_bad""]",2020-03-16,801193.SI,600621.SH
801103.SI,True,2019-04-19,True,False,False,True,2015-2021,2020-04-10,"[""financial_bad""]",2020-04-09,801103.SI,600410.SH
801103.SI,True,2020-04-28,True,False,False,True,2015-2021,2020-06-03,"[""financial_bad""]",2020-06-02,801103.SI,300002.SZ
801741.SI,False,2020-04-28,True,False,False,True,2015-2021,2020-06-04,"[""financial_bad""]",2020-06-03,801741.SI,002151.SZ
801741.SI,False,2020-04-28,True,False,False,True,2015-2021,2020-06-05,"[""financial_bad""]",2020-06-04,801741.SI,002151.SZ
801741.SI,False,2020-04-28,True,False,False,True,2015-2021,2020-06-08,"[""financial_bad""]",2020-06-05,801741.SI,002151.SZ
801741.SI,False,2020-04-28,True,False,False,True,2015-2021,2020-06-09,"[""financial_bad""]",2020-06-08,801741.SI,002151.SZ
801741.SI,False,2020-04-28,True,False,False,True,2015-2021,2020-06-11,"[""financial_bad""]",2020-06-10,801741.SI,002151.SZ
801103.SI,True,2020-04-28,True,False,False,True,2015-2021,2020-06-11,"[""financial_bad""]",2020-06-10,801103.SI,300002.SZ
801741.SI,False,2020-04-28,True,False,False,True,2015-2021,2020-06-12,"[""financial_bad""]",2020-06-11,801741.SI,002151.SZ
801103.SI,True,2020-04-28,True,False,False,True,2015-2021,2020-06-12,"[""financial_bad""]",2020-06-11,801103.SI,300002.SZ
801181.SI,True,2020-04-28,True,False,False,True,2015-2021,2020-06-12,"[""financial_bad""]",2020-06-11,801181.SI,600239.SH
801103.SI,True,2020-04-28,True,False,False,True,2015-2021,2020-06-15,"[""financial_bad""]",2020-06-12,801103.SI,300002.SZ
801181.SI,True,2020-04-28,True,False,False,True,2015-2021,2020-06-15,"[""financial_bad""]",2020-06-12,801181.SI,600239.SH
801153.SI,True,2020-04-30,True,False,False,True,2015-2021,2020-06-16,"[""financial_bad""]",2020-06-15,801153.SI,002030.SZ
801103.SI,True,2020-04-28,True,False,False,True,2015-2021,2020-06-16,"[""financial_bad""]",2020-06-15,801103.SI,300002.SZ
801741.SI,False,2020-04-28,True,False,False,True,2015-2021,2020-06-17,"[""financial_bad""]",2020-06-16,801741.SI,002151.SZ
801103.SI,True,2020-04-28,True,False,False,True,2015-2021,2020-06-17,"[""financial_bad""]",2020-06-16,801103.SI,300002.SZ
801741.SI,False,2020-04-28,True,False,False,True,2015-2021,2020-06-18,"[""financial_bad""]",2020-06-17,801741.SI,002151.SZ
801103.SI,True,2020-04-28,True,False,False,True,2015-2021,2020-06-18,"[""financial_bad""]",2020-06-17,801103.SI,300002.SZ
801764.SI,True,2020-04-29,True,False,False,True,2015-2021,2020-06-18,"[""financial_bad""]",2020-06-17,801764.SI,300299.SZ
801153.SI,True,2020-04-30,True,False,False,True,2015-2021,2020-06-19,"[""financial_bad""]",2020-06-18,801153.SI,002030.SZ
801101.SI,True,2020-04-18,True,False,False,True,2015-2021,2020-06-19,"[""financial_bad""]",2020-06-18,801101.SI,002308.SZ
801103.SI,True,2020-04-28,True,False,False,True,2015-2021,2020-06-19,"[""financial_bad""]",2020-06-18,801103.SI,300002.SZ
801764.SI,True,2020-04-29,True,False,False,True,2015-2021,2020-06-19,"[""financial_bad""]",2020-06-18,801764.SI,300299.SZ
801153.SI,True,2020-04-30,True,False,False,True,2015-2021,2020-06-22,"[""financial_bad""]",2020-06-19,801153.SI,002030.SZ
801741.SI,False,2020-04-28,True,False,False,True,2015-2021,2020-06-22,"[""financial_bad""]",2020-06-19,801741.SI,002151.SZ
801101.SI,False,2020-04-18,True,False,False,True,2015-2021,2020-06-22,"[""financial_bad""]",2020-06-19,801101.SI,002308.SZ
801103.SI,True,2020-04-28,True,False,False,True,2015-2021,2020-06-22,"[""financial_bad""]",2020-06-19,801103.SI,300002.SZ
801764.SI,True,2020-04-29,True,False,False,True,2015-2021,2020-06-22,"[""financial_bad""]",2020-06-19,801764.SI,300299.SZ
801153.SI,True,2020-04-30,True,False,False,True,2015-2021,2020-06-23,"[""financial_bad""]",2020-06-22,801153.SI,002030.SZ
801741.SI,True,2020-04-28,True,False,False,True,2015-2021,2020-06-23,"[""financial_bad""]",2020-06-22,801741.SI,002151.SZ
801101.SI,False,2020-04-18,True,False,False,True,2015-2021,2020-06-23,"[""financial_bad""]",2020-06-22,801101.SI,002308.SZ
801103.SI,True,2020-04-28,True,False,False,True,2015-2021,2020-06-23,"[""financial_bad""]",2020-06-22,801103.SI,300002.SZ
801153.SI,True,2020-04-30,True,False,False,True,2015-2021,2020-06-24,"[""financial_bad""]",2020-06-23,801153.SI,002030.SZ
801101.SI,False,2020-04-18,True,False,False,True,2015-2021,2020-06-24,"[""financial_bad""]",2020-06-23,801101.SI,002308.SZ
801103.SI,True,2020-04-28,True,False,False,True,2015-2021,2020-06-24,"[""financial_bad""]",2020-06-23,801103.SI,300002.SZ
801153.SI,True,2020-04-30,True,False,False,True,2015-2021,2020-06-29,"[""financial_bad""]",2020-06-24,801153.SI,002030.SZ
801101.SI,False,2020-04-18,True,False,False,True,2015-2021,2020-06-29,"[""financial_bad""]",2020-06-24,801101.SI,002308.SZ
801103.SI,True,2020-04-28,True,False,False,True,2015-2021,2020-06-29,"[""financial_bad""]",2020-06-24,801103.SI,300002.SZ
801153.SI,True,2020-04-30,True,False,False,True,2015-2021,2020-06-30,"[""financial_bad""]",2020-06-29,801153.SI,002030.SZ
801764.SI,True,2020-04-29,True,False,False,True,2015-2021,2020-06-30,"[""financial_bad""]",2020-06-29,801764.SI,300299.SZ
801153.SI,True,2020-04-30,True,False,False,True,2015-2021,2020-07-01,"[""financial_bad""]",2020-06-30,801153.SI,002030.SZ
801764.SI,True,2020-04-29,True,False,False,True,2015-2021,2020-07-01,"[""financial_bad""]",2020-06-30,801764.SI,300299.SZ
801153.SI,True,2020-04-30,True,False,False,True,2015-2021,2020-07-02,"[""financial_bad""]",2020-07-01,801153.SI,002030.SZ
801764.SI,True,2020-04-29,True,False,False,True,2015-2021,2020-07-02,"[""financial_bad""]",2020-07-01,801764.SI,300299.SZ
801153.SI,True,2020-04-30,True,False,False,True,2015-2021,2020-07-03,"[""financial_bad""]",2020-07-02,801153.SI,002030.SZ
801764.SI,True,2020-04-29,True,False,False,True,2015-2021,2020-07-03,"[""financial_bad""]",2020-07-02,801764.SI,300299.SZ
801153.SI,True,2020-04-30,True,False,False,True,2015-2021,2020-07-06,"[""financial_bad""]",2020-07-03,801153.SI,002030.SZ
801101.SI,True,2020-04-18,True,False,False,True,2015-2021,2020-07-06,"[""financial_bad""]",2020-07-03,801101.SI,002308.SZ
801764.SI,True,2020-04-29,True,False,False,True,2015-2021,2020-07-06,"[""financial_bad""]",2020-07-03,801764.SI,300299.SZ
801153.SI,True,2020-04-30,True,False,False,True,2015-2021,2020-07-07,"[""financial_bad""]",2020-07-06,801153.SI,002030.SZ
801741.SI,True,2020-04-28,True,False,False,True,2015-2021,2020-07-07,"[""financial_bad""]",2020-07-06,801741.SI,002151.SZ
801101.SI,True,2020-04-18,True,False,False,True,2015-2021,2020-07-07,"[""financial_bad""]",2020-07-06,801101.SI,002308.SZ
801129.SI,True,2020-04-24,False,False,True,True,2015-2021,2020-07-07,"[""st""]",2020-07-06,801129.SI,002650.SZ
801103.SI,True,2020-04-28,True,False,False,True,2015-2021,2020-07-07,"[""financial_bad""]",2020-07-06,801103.SI,300002.SZ
801741.SI,True,2020-04-28,True,False,False,True,2015-2021,2020-07-16,"[""financial_bad""]",2020-07-15,801741.SI,002151.SZ
801101.SI,True,2020-04-18,True,False,False,True,2015-2021,2020-07-16,"[""financial_bad""]",2020-07-15,801101.SI,002308.SZ
801103.SI,True,2020-04-28,True,False,False,True,2015-2021,2020-07-16,"[""financial_bad""]",2020-07-15,801103.SI,300002.SZ
801745.SI,True,2020-04-28,True,False,False,True,2015-2021,2020-07-16,"[""financial_bad""]",2020-07-15,801745.SI,300045.SZ
801181.SI,True,2020-04-28,True,False,False,True,2015-2021,2020-07-16,"[""financial_bad""]",2020-07-15,801181.SI,600239.SH
801151.SI,True,2020-04-30,True,False,False,True,2015-2021,2020-07-17,"[""financial_bad""]",2020-07-16,801151.SI,000566.SZ
801741.SI,True,2020-04-28,True,False,False,True,2015-2021,2020-07-17,"[""financial_bad""]",2020-07-16,801741.SI,002151.SZ
801101.SI,True,2020-04-18,True,False,False,True,2015-2021,2020-07-17,"[""financial_bad""]",2020-07-16,801101.SI,002308.SZ
801054.SI,True,2020-03-27,True,False,False,True,2015-2021,2020-07-17,"[""financial_bad""]",2020-07-16,801054.SI,002428.SZ
801103.SI,True,2020-04-28,True,False,False,True,2015-2021,2020-07-17,"[""financial_bad""]",2020-07-16,801103.SI,300002.SZ
801745.SI,True,2020-04-28,True,False,False,True,2015-2021,2020-07-17,"[""financial_bad""]",2020-07-16,801745.SI,300045.SZ
801103.SI,True,2020-04-29,True,False,False,True,2015-2021,2020-07-17,"[""financial_bad""]",2020-07-16,801103.SI,300168.SZ
801181.SI,True,2020-04-28,True,False,False,True,2015-2021,2020-07-17,"[""financial_bad""]",2020-07-16,801181.SI,600239.SH
801741.SI,True,2020-04-28,True,False,False,True,2015-2021,2020-07-20,"[""financial_bad""]",2020-07-17,801741.SI,002151.SZ
801101.SI,True,2020-04-18,True,False,False,True,2015-2021,2020-07-20,"[""financial_bad""]",2020-07-17,801101.SI,002308.SZ
801103.SI,True,2020-04-28,True,False,False,True,2015-2021,2020-07-20,"[""financial_bad""]",2020-07-17,801103.SI,300002.SZ
801745.SI,True,2020-04-28,True,False,False,True,2015-2021,2020-07-20,"[""financial_bad""]",2020-07-17,801745.SI,300045.SZ
801103.SI,True,2020-04-29,True,False,False,True,2015-2021,2020-07-20,"[""financial_bad""]",2020-07-17,801103.SI,300168.SZ
801103.SI,True,2020-04-28,True,False,False,True,2015-2021,2020-07-21,"[""financial_bad""]",2020-07-20,801103.SI,300002.SZ
801103.SI,True,2020-04-29,True,False,False,True,2015-2021,2020-07-21,"[""financial_bad""]",2020-07-20,801103.SI,300168.SZ
801181.SI,True,2020-04-28,True,False,False,True,2015-2021,2020-07-21,"[""financial_bad""]",2020-07-20,801181.SI,600239.SH
801151.SI,True,2020-04-30,True,False,False,True,2015-2021,2020-07-22,"[""financial_bad""]",2020-07-21,801151.SI,000566.SZ
801741.SI,True,2020-04-28,True,False,False,True,2015-2021,2020-07-22,"[""financial_bad""]",2020-07-21,801741.SI,002151.SZ
801054.SI,True,2020-03-27,True,False,False,True,2015-2021,2020-07-22,"[""financial_bad""]",2020-07-21,801054.SI,002428.SZ
801103.SI,True,2020-04-28,True,False,False,True,2015-2021,2020-07-22,"[""financial_bad""]",2020-07-21,801103.SI,300002.SZ
801745.SI,True,2020-04-28,True,False,False,True,2015-2021,2020-07-22,"[""financial_bad""]",2020-07-21,801745.SI,300045.SZ
801103.SI,True,2020-04-29,True,False,False,True,2015-2021,2020-07-22,"[""financial_bad""]",2020-07-21,801103.SI,300168.SZ
801181.SI,True,2020-04-28,True,False,False,True,2015-2021,2020-07-22,"[""financial_bad""]",2020-07-21,801181.SI,600239.SH
801741.SI,True,2020-04-28,True,False,False,True,2015-2021,2020-07-23,"[""financial_bad""]",2020-07-22,801741.SI,002151.SZ
801054.SI,True,2020-03-27,True,False,False,True,2015-2021,2020-07-23,"[""financial_bad""]",2020-07-22,801054.SI,002428.SZ
801103.SI,True,2020-04-28,True,False,False,True,2015-2021,2020-07-23,"[""financial_bad""]",2020-07-22,801103.SI,300002.SZ
801745.SI,True,2020-04-28,True,False,False,True,2015-2021,2020-07-23,"[""financial_bad""]",2020-07-22,801745.SI,300045.SZ
801103.SI,True,2020-04-29,True,False,False,True,2015-2021,2020-07-23,"[""financial_bad""]",2020-07-22,801103.SI,300168.SZ
801153.SI,True,2020-04-25,True,False,False,True,2015-2021,2020-07-23,"[""financial_bad""]",2020-07-22,801153.SI,300238.SZ
801084.SI,True,2020-04-18,True,False,False,True,2015-2021,2020-07-23,"[""financial_bad""]",2020-07-22,801084.SI,300241.SZ
801181.SI,True,2020-04-28,True,False,False,True,2015-2021,2020-07-23,"[""financial_bad""]",2020-07-22,801181.SI,600239.SH
801151.SI,True,2020-04-30,True,False,False,True,2015-2021,2020-07-24,"[""financial_bad""]",2020-07-23,801151.SI,000566.SZ
801103.SI,True,2020-04-28,True,False,False,True,2015-2021,2020-07-24,"[""financial_bad""]",2020-07-23,801103.SI,300002.SZ
801745.SI,True,2020-04-28,True,False,False,True,2015-2021,2020-07-24,"[""financial_bad""]",2020-07-23,801745.SI,300045.SZ
801084.SI,True,2020-04-18,True,False,False,True,2015-2021,2020-07-24,"[""financial_bad""]",2020-07-23,801084.SI,300241.SZ
801101.SI,True,2020-04-18,True,False,False,True,2015-2021,2020-07-27,"[""financial_bad""]",2020-07-24,801101.SI,002308.SZ
801103.SI,True,2020-04-28,True,False,False,True,2015-2021,2020-07-27,"[""financial_bad""]",2020-07-24,801103.SI,300002.SZ
801745.SI,True,2020-04-28,True,False,False,True,2015-2021,2020-07-27,"[""financial_bad""]",2020-07-24,801745.SI,300045.SZ
801103.SI,True,2020-04-29,True,False,False,True,2015-2021,2020-07-27,"[""financial_bad""]",2020-07-24,801103.SI,300168.SZ
801153.SI,True,2020-04-25,True,False,False,True,2015-2021,2020-07-27,"[""financial_bad""]",2020-07-24,801153.SI,300238.SZ
801084.SI,True,2020-04-18,True,False,False,True,2015-2021,2020-07-27,"[""financial_bad""]",2020-07-24,801084.SI,300241.SZ
801741.SI,True,2020-04-28,True,False,False,True,2015-2021,2020-07-28,"[""financial_bad""]",2020-07-27,801741.SI,002151.SZ
801101.SI,True,2020-04-18,True,False,False,True,2015-2021,2020-07-28,"[""financial_bad""]",2020-07-27,801101.SI,002308.SZ
801054.SI,True,2020-03-27,True,False,False,True,2015-2021,2020-07-28,"[""financial_bad""]",2020-07-27,801054.SI,002428.SZ
801103.SI,True,2020-04-28,True,False,False,True,2015-2021,2020-07-28,"[""financial_bad""]",2020-07-27,801103.SI,300002.SZ
801745.SI,True,2020-04-28,True,False,False,True,2015-2021,2020-07-28,"[""financial_bad""]",2020-07-27,801745.SI,300045.SZ
801103.SI,True,2020-04-29,True,False,False,True,2015-2021,2020-07-28,"[""financial_bad""]",2020-07-27,801103.SI,300168.SZ
801153.SI,True,2020-04-25,True,False,False,True,2015-2021,2020-07-28,"[""financial_bad""]",2020-07-27,801153.SI,300238.SZ
801084.SI,True,2020-04-18,True,False,False,True,2015-2021,2020-07-28,"[""financial_bad""]",2020-07-27,801084.SI,300241.SZ
801741.SI,True,2020-04-28,True,False,False,True,2015-2021,2020-07-29,"[""financial_bad""]",2020-07-28,801741.SI,002151.SZ
801101.SI,True,2020-04-18,True,False,False,True,2015-2021,2020-07-29,"[""financial_bad""]",2020-07-28,801101.SI,002308.SZ
801054.SI,True,2020-03-27,True,False,False,True,2015-2021,2020-07-29,"[""financial_bad""]",2020-07-28,801054.SI,002428.SZ
801103.SI,True,2020-04-28,True,False,False,True,2015-2021,2020-07-29,"[""financial_bad""]",2020-07-28,801103.SI,300002.SZ
801103.SI,True,2020-04-29,True,False,False,True,2015-2021,2020-07-29,"[""financial_bad""]",2020-07-28,801103.SI,300168.SZ
801153.SI,True,2020-04-25,True,False,False,True,2015-2021,2020-07-29,"[""financial_bad""]",2020-07-28,801153.SI,300238.SZ
801084.SI,True,2020-04-18,True,False,False,True,2015-2021,2020-07-29,"[""financial_bad""]",2020-07-28,801084.SI,300241.SZ
801101.SI,True,2020-04-18,True,False,False,True,2015-2021,2020-07-30,"[""financial_bad""]",2020-07-29,801101.SI,002308.SZ
801103.SI,True,2020-04-28,True,False,False,True,2015-2021,2020-07-30,"[""financial_bad""]",2020-07-29,801103.SI,300002.SZ
801745.SI,True,2020-04-28,True,False,False,True,2015-2021,2020-07-30,"[""financial_bad""]",2020-07-29,801745.SI,300045.SZ
801103.SI,True,2020-04-29,True,False,False,True,2015-2021,2020-07-30,"[""financial_bad""]",2020-07-29,801103.SI,300168.SZ
801153.SI,True,2020-04-25,True,False,False,True,2015-2021,2020-07-30,"[""financial_bad""]",2020-07-29,801153.SI,300238.SZ
801101.SI,True,2020-04-18,True,False,False,True,2015-2021,2020-07-31,"[""financial_bad""]",2020-07-30,801101.SI,002308.SZ
801054.SI,True,2020-03-27,True,False,False,True,2015-2021,2020-07-31,"[""financial_bad""]",2020-07-30,801054.SI,002428.SZ
801103.SI,True,2020-04-28,True,False,False,True,2015-2021,2020-07-31,"[""financial_bad""]",2020-07-30,801103.SI,300002.SZ
801745.SI,True,2020-04-28,True,False,False,True,2015-2021,2020-07-31,"[""financial_bad""]",2020-07-30,801745.SI,300045.SZ
801103.SI,True,2020-04-29,True,False,False,True,2015-2021,2020-07-31,"[""financial_bad""]",2020-07-30,801103.SI,300168.SZ
801153.SI,True,2020-04-25,True,False,False,True,2015-2021,2020-07-31,"[""financial_bad""]",2020-07-30,801153.SI,300238.SZ
801084.SI,True,2020-04-18,True,False,False,True,2015-2021,2020-07-31,"[""financial_bad""]",2020-07-30,801084.SI,300241.SZ
801101.SI,True,2020-04-18,True,False,False,True,2015-2021,2020-08-03,"[""financial_bad""]",2020-07-31,801101.SI,002308.SZ
801054.SI,True,2020-03-27,True,False,False,True,2015-2021,2020-08-03,"[""financial_bad""]",2020-07-31,801054.SI,002428.SZ
801103.SI,True,2020-04-28,True,False,False,True,2015-2021,2020-08-03,"[""financial_bad""]",2020-07-31,801103.SI,300002.SZ
801745.SI,True,2020-04-28,True,False,False,True,2015-2021,2020-08-03,"[""financial_bad""]",2020-07-31,801745.SI,300045.SZ
801103.SI,True,2020-04-29,True,False,False,True,2015-2021,2020-08-03,"[""financial_bad""]",2020-07-31,801103.SI,300168.SZ
801153.SI,True,2020-04-25,True,False,False,True,2015-2021,2020-08-03,"[""financial_bad""]",2020-07-31,801153.SI,300238.SZ
801103.SI,True,2020-04-28,True,False,False,True,2015-2021,2020-08-04,"[""financial_bad""]",2020-08-03,801103.SI,300002.SZ
801745.SI,True,2020-04-28,True,False,False,True,2015-2021,2020-08-04,"[""financial_bad""]",2020-08-03,801745.SI,300045.SZ
801103.SI,True,2020-04-29,True,False,False,True,2015-2021,2020-08-04,"[""financial_bad""]",2020-08-03,801103.SI,300168.SZ
801084.SI,True,2020-04-18,True,False,False,True,2015-2021,2020-08-04,"[""financial_bad""]",2020-08-03,801084.SI,300241.SZ
801101.SI,True,2020-04-18,True,False,False,True,2015-2021,2020-08-05,"[""financial_bad""]",2020-08-04,801101.SI,002308.SZ
801103.SI,True,2020-04-28,True,False,False,True,2015-2021,2020-08-05,"[""financial_bad""]",2020-08-04,801103.SI,300002.SZ
801745.SI,True,2020-04-28,True,False,False,True,2015-2021,2020-08-05,"[""financial_bad""]",2020-08-04,801745.SI,300045.SZ
801103.SI,True,2020-04-29,True,False,False,True,2015-2021,2020-08-05,"[""financial_bad""]",2020-08-04,801103.SI,300168.SZ
801153.SI,True,2020-04-25,True,False,False,True,2015-2021,2020-08-05,"[""financial_bad""]",2020-08-04,801153.SI,300238.SZ
801103.SI,True,2020-04-28,True,False,False,True,2015-2021,2020-08-06,"[""financial_bad""]",2020-08-05,801103.SI,300002.SZ
801745.SI,True,2020-04-28,True,False,False,True,2015-2021,2020-08-06,"[""financial_bad""]",2020-08-05,801745.SI,300045.SZ
801103.SI,True,2020-04-29,True,False,False,True,2015-2021,2020-08-06,"[""financial_bad""]",2020-08-05,801103.SI,300168.SZ
801153.SI,True,2020-04-25,True,False,False,True,2015-2021,2020-08-06,"[""financial_bad""]",2020-08-05,801153.SI,300238.SZ
801151.SI,True,2020-04-30,True,False,False,True,2015-2021,2020-08-07,"[""financial_bad""]",2020-08-06,801151.SI,000566.SZ
801016.SI,True,2020-04-30,True,False,False,True,2015-2021,2020-08-07,"[""financial_bad""]",2020-08-06,801016.SI,000998.SZ
801101.SI,True,2020-04-18,True,False,False,True,2015-2021,2020-08-07,"[""financial_bad""]",2020-08-06,801101.SI,002308.SZ
801103.SI,True,2020-04-28,True,False,False,True,2015-2021,2020-08-07,"[""financial_bad""]",2020-08-06,801103.SI,300002.SZ
801103.SI,True,2020-04-29,True,False,False,True,2015-2021,2020-08-07,"[""financial_bad""]",2020-08-06,801103.SI,300168.SZ
801151.SI,True,2020-04-30,True,False,False,True,2015-2021,2020-08-10,"[""financial_bad""]",2020-08-07,801151.SI,000566.SZ
801016.SI,True,2020-04-30,True,False,False,True,2015-2021,2020-08-10,"[""financial_bad""]",2020-08-07,801016.SI,000998.SZ
801103.SI,True,2020-04-28,True,False,False,True,2015-2021,2020-08-10,"[""financial_bad""]",2020-08-07,801103.SI,300002.SZ
801745.SI,True,2020-04-28,True,False,False,True,2015-2021,2020-08-10,"[""financial_bad""]",2020-08-07,801745.SI,300045.SZ
801103.SI,True,2020-04-29,True,False,False,True,2015-2021,2020-08-10,"[""financial_bad""]",2020-08-07,801103.SI,300168.SZ
801151.SI,True,2020-04-30,True,False,False,True,2015-2021,2020-08-11,"[""financial_bad""]",2020-08-10,801151.SI,000566.SZ
801016.SI,True,2020-04-30,True,False,False,True,2015-2021,2020-08-11,"[""financial_bad""]",2020-08-10,801016.SI,000998.SZ
801103.SI,True,2020-04-28,True,False,False,True,2015-2021,2020-08-11,"[""financial_bad""]",2020-08-10,801103.SI,300002.SZ
801745.SI,True,2020-04-28,True,False,False,True,2015-2021,2020-08-11,"[""financial_bad""]",2020-08-10,801745.SI,300045.SZ
801034.SI,True,2020-04-16,True,False,False,True,2015-2021,2020-08-11,"[""financial_bad""]",2020-08-10,801034.SI,300073.SZ
801103.SI,True,2020-04-29,True,False,False,True,2015-2021,2020-08-11,"[""financial_bad""]",2020-08-10,801103.SI,300168.SZ
801151.SI,True,2020-04-30,True,False,False,True,2015-2021,2020-08-12,"[""financial_bad""]",2020-08-11,801151.SI,000566.SZ
801101.SI,True,2020-04-18,True,False,False,True,2015-2021,2020-08-12,"[""financial_bad""]",2020-08-11,801101.SI,002308.SZ
801745.SI,True,2020-04-28,True,False,False,True,2015-2021,2020-08-12,"[""financial_bad""]",2020-08-11,801745.SI,300045.SZ
801034.SI,True,2020-04-16,True,False,False,True,2015-2021,2020-08-12,"[""financial_bad""]",2020-08-11,801034.SI,300073.SZ
801103.SI,True,2020-04-29,True,False,False,True,2015-2021,2020-08-12,"[""financial_bad""]",2020-08-11,801103.SI,300168.SZ
801151.SI,True,2020-04-30,True,False,False,True,2015-2021,2020-08-13,"[""financial_bad""]",2020-08-12,801151.SI,000566.SZ
801016.SI,True,2020-04-30,True,False,False,True,2015-2021,2020-08-13,"[""financial_bad""]",2020-08-12,801016.SI,000998.SZ
801101.SI,True,2020-04-18,True,False,False,True,2015-2021,2020-08-13,"[""financial_bad""]",2020-08-12,801101.SI,002308.SZ
801054.SI,True,2020-03-27,True,False,False,True,2015-2021,2020-08-13,"[""financial_bad""]",2020-08-12,801054.SI,002428.SZ
801745.SI,True,2020-04-28,True,False,False,True,2015-2021,2020-08-13,"[""financial_bad""]",2020-08-12,801745.SI,300045.SZ
801034.SI,True,2020-04-16,True,False,False,True,2015-2021,2020-08-13,"[""financial_bad""]",2020-08-12,801034.SI,300073.SZ
801084.SI,True,2020-04-18,True,False,False,True,2015-2021,2020-08-13,"[""financial_bad""]",2020-08-12,801084.SI,300241.SZ
801764.SI,True,2020-04-29,True,False,False,True,2015-2021,2020-08-13,"[""financial_bad""]",2020-08-12,801764.SI,300299.SZ
801151.SI,True,2020-04-30,True,False,False,True,2015-2021,2020-08-14,"[""financial_bad""]",2020-08-13,801151.SI,000566.SZ
801101.SI,True,2020-04-18,True,False,False,True,2015-2021,2020-08-14,"[""financial_bad""]",2020-08-13,801101.SI,002308.SZ
801054.SI,True,2020-03-27,True,False,False,True,2015-2021,2020-08-14,"[""financial_bad""]",2020-08-13,801054.SI,002428.SZ
801745.SI,True,2020-04-28,True,False,False,True,2015-2021,2020-08-14,"[""financial_bad""]",2020-08-13,801745.SI,300045.SZ
801034.SI,True,2020-04-16,True,False,False,True,2015-2021,2020-08-14,"[""financial_bad""]",2020-08-13,801034.SI,300073.SZ
801103.SI,True,2020-04-29,True,False,False,True,2015-2021,2020-08-14,"[""financial_bad""]",2020-08-13,801103.SI,300168.SZ
801084.SI,True,2020-04-18,True,False,False,True,2015-2021,2020-08-14,"[""financial_bad""]",2020-08-13,801084.SI,300241.SZ
801764.SI,True,2020-04-29,True,False,False,True,2015-2021,2020-08-14,"[""financial_bad""]",2020-08-13,801764.SI,300299.SZ
801151.SI,True,2020-04-30,True,False,False,True,2015-2021,2020-08-17,"[""financial_bad""]",2020-08-14,801151.SI,000566.SZ
801016.SI,True,2020-04-30,True,False,False,True,2015-2021,2020-08-17,"[""financial_bad""]",2020-08-14,801016.SI,000998.SZ
801101.SI,True,2020-04-18,True,False,False,True,2015-2021,2020-08-17,"[""financial_bad""]",2020-08-14,801101.SI,002308.SZ
801054.SI,True,2020-03-27,True,False,False,True,2015-2021,2020-08-17,"[""financial_bad""]",2020-08-14,801054.SI,002428.SZ
801745.SI,True,2020-04-28,True,False,False,True,2015-2021,2020-08-17,"[""financial_bad""]",2020-08-14,801745.SI,300045.SZ
801034.SI,True,2020-04-16,True,False,False,True,2015-2021,2020-08-17,"[""financial_bad""]",2020-08-14,801034.SI,300073.SZ
801103.SI,True,2020-04-29,True,False,False,True,2015-2021,2020-08-17,"[""financial_bad""]",2020-08-14,801103.SI,300168.SZ
801084.SI,True,2020-04-18,True,False,False,True,2015-2021,2020-08-17,"[""financial_bad""]",2020-08-14,801084.SI,300241.SZ
801764.SI,True,2020-04-29,True,False,False,True,2015-2021,2020-08-17,"[""financial_bad""]",2020-08-14,801764.SI,300299.SZ
801151.SI,True,2020-04-30,True,False,False,True,2015-2021,2020-08-18,"[""financial_bad""]",2020-08-17,801151.SI,000566.SZ
801016.SI,True,2020-04-30,True,False,False,True,2015-2021,2020-08-18,"[""financial_bad""]",2020-08-17,801016.SI,000998.SZ
801101.SI,True,2020-04-18,True,False,False,True,2015-2021,2020-08-18,"[""financial_bad""]",2020-08-17,801101.SI,002308.SZ
801054.SI,True,2020-03-27,True,False,False,True,2015-2021,2020-08-18,"[""financial_bad""]",2020-08-17,801054.SI,002428.SZ
801745.SI,True,2020-04-28,True,False,False,True,2015-2021,2020-08-18,"[""financial_bad""]",2020-08-17,801745.SI,300045.SZ
801034.SI,True,2020-04-16,True,False,False,True,2015-2021,2020-08-18,"[""financial_bad""]",2020-08-17,801034.SI,300073.SZ
801103.SI,True,2020-04-29,True,False,False,True,2015-2021,2020-08-18,"[""financial_bad""]",2020-08-17,801103.SI,300168.SZ
801084.SI,True,2020-04-18,True,False,False,True,2015-2021,2020-08-18,"[""financial_bad""]",2020-08-17,801084.SI,300241.SZ
801764.SI,True,2020-04-29,True,False,False,True,2015-2021,2020-08-18,"[""financial_bad""]",2020-08-17,801764.SI,300299.SZ
801151.SI,True,2020-04-30,True,False,False,True,2015-2021,2020-08-19,"[""financial_bad""]",2020-08-18,801151.SI,000566.SZ
801016.SI,True,2020-04-30,True,False,False,True,2015-2021,2020-08-19,"[""financial_bad""]",2020-08-18,801016.SI,000998.SZ
801101.SI,True,2020-04-18,True,False,False,True,2015-2021,2020-08-19,"[""financial_bad""]",2020-08-18,801101.SI,002308.SZ
801054.SI,True,2020-03-27,True,False,False,True,2015-2021,2020-08-19,"[""financial_bad""]",2020-08-18,801054.SI,002428.SZ
801745.SI,True,2020-04-28,True,False,False,True,2015-2021,2020-08-19,"[""financial_bad""]",2020-08-18,801745.SI,300045.SZ
801034.SI,True,2020-04-16,True,False,False,True,2015-2021,2020-08-19,"[""financial_bad""]",2020-08-18,801034.SI,300073.SZ
801103.SI,True,2020-04-29,True,False,False,True,2015-2021,2020-08-19,"[""financial_bad""]",2020-08-18,801103.SI,300168.SZ
801084.SI,True,2020-04-18,True,False,False,True,2015-2021,2020-08-19,"[""financial_bad""]",2020-08-18,801084.SI,300241.SZ
801151.SI,True,2020-04-30,True,False,False,True,2015-2021,2020-08-20,"[""financial_bad""]",2020-08-19,801151.SI,000566.SZ
801016.SI,True,2020-04-30,True,False,False,True,2015-2021,2020-08-20,"[""financial_bad""]",2020-08-19,801016.SI,000998.SZ
801101.SI,True,2020-04-18,True,False,False,True,2015-2021,2020-08-20,"[""financial_bad""]",2020-08-19,801101.SI,002308.SZ
801054.SI,True,2020-03-27,True,False,False,True,2015-2021,2020-08-20,"[""financial_bad""]",2020-08-19,801054.SI,002428.SZ
801085.SI,True,2020-04-30,False,False,True,True,2015-2021,2020-08-20,"[""st""]",2020-08-19,801085.SI,002681.SZ
801745.SI,True,2020-04-28,True,False,False,True,2015-2021,2020-08-20,"[""financial_bad""]",2020-08-19,801745.SI,300045.SZ
801034.SI,True,2020-04-16,True,False,False,True,2015-2021,2020-08-20,"[""financial_bad""]",2020-08-19,801034.SI,300073.SZ
801103.SI,True,2020-04-29,True,False,False,True,2015-2021,2020-08-20,"[""financial_bad""]",2020-08-19,801103.SI,300168.SZ
801151.SI,True,2020-04-30,True,False,False,True,2015-2021,2020-08-21,"[""financial_bad""]",2020-08-20,801151.SI,000566.SZ
801016.SI,True,2020-04-30,True,False,False,True,2015-2021,2020-08-21,"[""financial_bad""]",2020-08-20,801016.SI,000998.SZ
801101.SI,True,2020-04-18,True,False,False,True,2015-2021,2020-08-21,"[""financial_bad""]",2020-08-20,801101.SI,002308.SZ
801054.SI,True,2020-03-27,True,False,False,True,2015-2021,2020-08-21,"[""financial_bad""]",2020-08-20,801054.SI,002428.SZ
801745.SI,True,2020-04-28,True,False,False,True,2015-2021,2020-08-21,"[""financial_bad""]",2020-08-20,801745.SI,300045.SZ
801034.SI,True,2020-04-16,True,False,False,True,2015-2021,2020-08-21,"[""financial_bad""]",2020-08-20,801034.SI,300073.SZ
801103.SI,True,2020-04-29,True,False,False,True,2015-2021,2020-08-21,"[""financial_bad""]",2020-08-20,801103.SI,300168.SZ
801764.SI,True,2020-04-29,True,False,False,True,2015-2021,2020-08-21,"[""financial_bad""]",2020-08-20,801764.SI,300299.SZ
801151.SI,True,2020-04-30,True,False,False,True,2015-2021,2020-08-24,"[""financial_bad""]",2020-08-21,801151.SI,000566.SZ
801016.SI,True,2020-04-30,True,False,False,True,2015-2021,2020-08-24,"[""financial_bad""]",2020-08-21,801016.SI,000998.SZ
801101.SI,True,2020-04-18,True,False,False,True,2015-2021,2020-08-24,"[""financial_bad""]",2020-08-21,801101.SI,002308.SZ
801054.SI,True,2020-03-27,True,False,False,True,2015-2021,2020-08-24,"[""financial_bad""]",2020-08-21,801054.SI,002428.SZ
801745.SI,True,2020-04-28,True,False,False,True,2015-2021,2020-08-24,"[""financial_bad""]",2020-08-21,801745.SI,300045.SZ
801034.SI,True,2020-04-16,True,False,False,True,2015-2021,2020-08-24,"[""financial_bad""]",2020-08-21,801034.SI,300073.SZ
801103.SI,True,2020-04-29,True,False,False,True,2015-2021,2020-08-24,"[""financial_bad""]",2020-08-21,801103.SI,300168.SZ
801151.SI,True,2020-04-30,True,False,False,True,2015-2021,2020-08-25,"[""financial_bad""]",2020-08-24,801151.SI,000566.SZ
801016.SI,True,2020-04-30,True,False,False,True,2015-2021,2020-08-25,"[""financial_bad""]",2020-08-24,801016.SI,000998.SZ
801101.SI,True,2020-04-18,True,False,False,True,2015-2021,2020-08-25,"[""financial_bad""]",2020-08-24,801101.SI,002308.SZ
801054.SI,True,2020-03-27,True,False,False,True,2015-2021,2020-08-25,"[""financial_bad""]",2020-08-24,801054.SI,002428.SZ
801745.SI,True,2020-04-28,True,False,False,True,2015-2021,2020-08-25,"[""financial_bad""]",2020-08-24,801745.SI,300045.SZ
801034.SI,True,2020-04-16,True,False,False,True,2015-2021,2020-08-25,"[""financial_bad""]",2020-08-24,801034.SI,300073.SZ
801151.SI,True,2020-04-30,True,False,False,True,2015-2021,2020-08-26,"[""financial_bad""]",2020-08-25,801151.SI,000566.SZ
801016.SI,True,2020-04-30,True,False,False,True,2015-2021,2020-08-26,"[""financial_bad""]",2020-08-25,801016.SI,000998.SZ
801101.SI,True,2020-04-18,True,False,False,True,2015-2021,2020-08-26,"[""financial_bad""]",2020-08-25,801101.SI,002308.SZ
801054.SI,True,2020-03-27,True,False,False,True,2015-2021,2020-08-26,"[""financial_bad""]",2020-08-25,801054.SI,002428.SZ
801103.SI,True,2020-04-28,True,False,False,True,2015-2021,2020-08-26,"[""financial_bad""]",2020-08-25,801103.SI,300002.SZ
801745.SI,True,2020-04-28,True,False,False,True,2015-2021,2020-08-26,"[""financial_bad""]",2020-08-25,801745.SI,300045.SZ
801034.SI,True,2020-04-16,True,False,False,True,2015-2021,2020-08-26,"[""financial_bad""]",2020-08-25,801034.SI,300073.SZ
801736.SI,True,2020-03-31,True,False,True,True,2015-2021,2020-08-26,"[""st"",""financial_bad""]",2020-08-25,801736.SI,600416.SH
801151.SI,True,2020-04-30,True,False,False,True,2015-2021,2020-08-27,"[""financial_bad""]",2020-08-26,801151.SI,000566.SZ
801101.SI,True,2020-04-18,True,False,False,True,2015-2021,2020-08-27,"[""financial_bad""]",2020-08-26,801101.SI,002308.SZ
801054.SI,True,2020-03-27,True,False,False,True,2015-2021,2020-08-27,"[""financial_bad""]",2020-08-26,801054.SI,002428.SZ
801745.SI,True,2020-04-28,True,False,False,True,2015-2021,2020-08-27,"[""financial_bad""]",2020-08-26,801745.SI,300045.SZ
801034.SI,True,2020-04-16,True,False,False,True,2015-2021,2020-08-27,"[""financial_bad""]",2020-08-26,801034.SI,300073.SZ
801736.SI,True,2020-03-31,True,False,True,True,2015-2021,2020-08-27,"[""st"",""financial_bad""]",2020-08-26,801736.SI,600416.SH
801151.SI,True,2020-04-30,True,False,False,True,2015-2021,2020-08-28,"[""financial_bad""]",2020-08-27,801151.SI,000566.SZ
801101.SI,True,2020-04-18,True,False,False,True,2015-2021,2020-08-28,"[""financial_bad""]",2020-08-27,801101.SI,002308.SZ
801054.SI,True,2020-03-27,True,False,False,True,2015-2021,2020-08-28,"[""financial_bad""]",2020-08-27,801054.SI,002428.SZ
801103.SI,True,2020-04-28,True,False,False,True,2015-2021,2020-08-28,"[""financial_bad""]",2020-08-27,801103.SI,300002.SZ
801745.SI,True,2020-04-28,True,False,False,True,2015-2021,2020-08-28,"[""financial_bad""]",2020-08-27,801745.SI,300045.SZ
801034.SI,True,2020-04-16,True,False,False,True,2015-2021,2020-09-11,"[""financial_bad""]",2020-08-27,801034.SI,300073.SZ
801103.SI,True,2020-04-29,True,False,False,True,2015-2021,2020-08-28,"[""financial_bad""]",2020-08-27,801103.SI,300168.SZ
801736.SI,True,2020-03-31,True,False,True,True,2015-2021,2020-08-28,"[""st"",""financial_bad""]",2020-08-27,801736.SI,600416.SH
801151.SI,True,2020-04-30,True,False,False,True,2015-2021,2020-08-31,"[""financial_bad""]",2020-08-28,801151.SI,000566.SZ
801101.SI,True,2020-04-18,True,False,False,True,2015-2021,2020-08-31,"[""financial_bad""]",2020-08-28,801101.SI,002308.SZ
801054.SI,True,2020-03-27,True,False,False,True,2015-2021,2020-08-31,"[""financial_bad""]",2020-08-28,801054.SI,002428.SZ
801103.SI,True,2020-04-28,True,False,False,True,2015-2021,2020-08-31,"[""financial_bad""]",2020-08-28,801103.SI,300002.SZ
801745.SI,True,2020-04-28,True,False,False,True,2015-2021,2020-08-31,"[""financial_bad""]",2020-08-28,801745.SI,300045.SZ
801103.SI,True,2020-04-29,True,False,False,True,2015-2021,2020-08-31,"[""financial_bad""]",2020-08-28,801103.SI,300168.SZ
801736.SI,True,2020-03-31,True,False,True,True,2015-2021,2020-08-31,"[""st"",""financial_bad""]",2020-08-28,801736.SI,600416.SH
801151.SI,True,2020-04-30,True,False,False,True,2015-2021,2020-09-01,"[""financial_bad""]",2020-08-31,801151.SI,000566.SZ
801101.SI,True,2020-04-18,True,False,False,True,2015-2021,2020-09-01,"[""financial_bad""]",2020-08-31,801101.SI,002308.SZ
801054.SI,True,2020-03-27,True,False,False,True,2015-2021,2020-09-01,"[""financial_bad""]",2020-08-31,801054.SI,002428.SZ
801103.SI,True,2020-04-28,True,False,False,True,2015-2021,2020-09-01,"[""financial_bad""]",2020-08-31,801103.SI,300002.SZ
801745.SI,True,2020-04-28,True,False,False,True,2015-2021,2020-09-01,"[""financial_bad""]",2020-08-31,801745.SI,300045.SZ
801103.SI,True,2020-04-29,True,False,False,True,2015-2021,2020-09-01,"[""financial_bad""]",2020-08-31,801103.SI,300168.SZ
801151.SI,True,2020-04-30,True,False,False,True,2015-2021,2020-09-02,"[""financial_bad""]",2020-09-01,801151.SI,000566.SZ
801101.SI,True,2020-04-18,True,False,False,True,2015-2021,2020-09-02,"[""financial_bad""]",2020-09-01,801101.SI,002308.SZ
801054.SI,True,2020-03-27,True,False,False,True,2015-2021,2020-09-02,"[""financial_bad""]",2020-09-01,801054.SI,002428.SZ
801103.SI,True,2020-04-28,True,False,False,True,2015-2021,2020-09-02,"[""financial_bad""]",2020-09-01,801103.SI,300002.SZ
801745.SI,True,2020-04-28,True,False,False,True,2015-2021,2020-09-02,"[""financial_bad""]",2020-09-01,801745.SI,300045.SZ
801103.SI,True,2020-04-29,True,False,False,True,2015-2021,2020-09-02,"[""financial_bad""]",2020-09-01,801103.SI,300168.SZ
801151.SI,True,2020-04-30,True,False,False,True,2015-2021,2020-09-03,"[""financial_bad""]",2020-09-02,801151.SI,000566.SZ
801101.SI,True,2020-04-18,True,False,False,True,2015-2021,2020-09-03,"[""financial_bad""]",2020-09-02,801101.SI,002308.SZ
801054.SI,True,2020-03-27,True,False,False,True,2015-2021,2020-09-03,"[""financial_bad""]",2020-09-02,801054.SI,002428.SZ
801103.SI,True,2020-04-28,True,False,False,True,2015-2021,2020-09-03,"[""financial_bad""]",2020-09-02,801103.SI,300002.SZ
801745.SI,True,2020-04-28,True,False,False,True,2015-2021,2020-09-03,"[""financial_bad""]",2020-09-02,801745.SI,300045.SZ
801103.SI,True,2020-04-29,True,False,False,True,2015-2021,2020-09-03,"[""financial_bad""]",2020-09-02,801103.SI,300168.SZ
801151.SI,True,2020-04-30,True,False,False,True,2015-2021,2020-09-04,"[""financial_bad""]",2020-09-03,801151.SI,000566.SZ
801101.SI,True,2020-04-18,True,False,False,True,2015-2021,2020-09-04,"[""financial_bad""]",2020-09-03,801101.SI,002308.SZ
801103.SI,True,2020-04-28,True,False,False,True,2015-2021,2020-09-04,"[""financial_bad""]",2020-09-03,801103.SI,300002.SZ
801745.SI,True,2020-04-28,True,False,False,True,2015-2021,2020-09-04,"[""financial_bad""]",2020-09-03,801745.SI,300045.SZ
801103.SI,True,2020-04-29,True,False,False,True,2015-2021,2020-09-04,"[""financial_bad""]",2020-09-03,801103.SI,300168.SZ
801736.SI,True,2020-03-31,True,False,True,True,2015-2021,2020-09-04,"[""st"",""financial_bad""]",2020-09-03,801736.SI,600416.SH
801101.SI,True,2020-04-18,True,False,False,True,2015-2021,2020-09-07,"[""financial_bad""]",2020-09-04,801101.SI,002308.SZ
801054.SI,True,2020-03-27,True,False,False,True,2015-2021,2020-09-07,"[""financial_bad""]",2020-09-04,801054.SI,002428.SZ
801103.SI,True,2020-04-28,True,False,False,True,2015-2021,2020-09-07,"[""financial_bad""]",2020-09-04,801103.SI,300002.SZ
801745.SI,True,2020-04-28,True,False,False,True,2015-2021,2020-09-07,"[""financial_bad""]",2020-09-04,801745.SI,300045.SZ
801103.SI,True,2020-04-29,True,False,False,True,2015-2021,2020-09-07,"[""financial_bad""]",2020-09-04,801103.SI,300168.SZ
801084.SI,True,2020-04-18,True,False,False,True,2015-2021,2020-09-07,"[""financial_bad""]",2020-09-04,801084.SI,300241.SZ
801736.SI,True,2020-03-31,True,False,True,True,2015-2021,2020-09-07,"[""st"",""financial_bad""]",2020-09-04,801736.SI,600416.SH
801151.SI,True,2020-04-30,True,False,False,True,2015-2021,2020-09-08,"[""financial_bad""]",2020-09-07,801151.SI,000566.SZ
801101.SI,True,2020-04-18,True,False,False,True,2015-2021,2020-09-08,"[""financial_bad""]",2020-09-07,801101.SI,002308.SZ
801054.SI,True,2020-03-27,True,False,False,True,2015-2021,2020-09-08,"[""financial_bad""]",2020-09-07,801054.SI,002428.SZ
801103.SI,True,2020-04-28,True,False,False,True,2015-2021,2020-09-08,"[""financial_bad""]",2020-09-07,801103.SI,300002.SZ
801745.SI,True,2020-04-28,True,False,False,True,2015-2021,2020-09-08,"[""financial_bad""]",2020-09-07,801745.SI,300045.SZ
801103.SI,True,2020-04-29,True,False,False,True,2015-2021,2020-09-08,"[""financial_bad""]",2020-09-07,801103.SI,300168.SZ
801084.SI,True,2020-04-18,True,False,False,True,2015-2021,2020-09-08,"[""financial_bad""]",2020-09-07,801084.SI,300241.SZ
801736.SI,True,2020-03-31,True,False,True,True,2015-2021,2020-09-08,"[""st"",""financial_bad""]",2020-09-07,801736.SI,600416.SH
801151.SI,True,2020-04-30,True,False,False,True,2015-2021,2020-09-09,"[""financial_bad""]",2020-09-08,801151.SI,000566.SZ
801101.SI,True,2020-04-18,True,False,False,True,2015-2021,2020-09-09,"[""financial_bad""]",2020-09-08,801101.SI,002308.SZ
801054.SI,True,2020-03-27,True,False,False,True,2015-2021,2020-09-09,"[""financial_bad""]",2020-09-08,801054.SI,002428.SZ
801103.SI,True,2020-04-28,True,False,False,True,2015-2021,2020-09-09,"[""financial_bad""]",2020-09-08,801103.SI,300002.SZ
801744.SI,True,2020-04-28,True,False,False,True,2015-2021,2020-09-09,"[""financial_bad""]",2020-09-08,801744.SI,300008.SZ
801745.SI,True,2020-04-28,True,False,False,True,2015-2021,2020-09-09,"[""financial_bad""]",2020-09-08,801745.SI,300045.SZ
801081.SI,True,2020-04-30,True,False,False,True,2015-2021,2020-09-09,"[""financial_bad""]",2020-09-08,801081.SI,300053.SZ
801766.SI,True,2020-04-27,True,False,False,True,2015-2021,2020-09-09,"[""financial_bad""]",2020-09-08,801766.SI,300133.SZ
801103.SI,True,2020-04-29,True,False,False,True,2015-2021,2020-09-09,"[""financial_bad""]",2020-09-08,801103.SI,300168.SZ
801084.SI,True,2020-04-18,True,False,False,True,2015-2021,2020-09-09,"[""financial_bad""]",2020-09-08,801084.SI,300241.SZ
801736.SI,True,2020-03-31,True,False,True,True,2015-2021,2020-09-09,"[""st"",""financial_bad""]",2020-09-08,801736.SI,600416.SH
801151.SI,True,2020-04-30,True,False,False,True,2015-2021,2020-09-10,"[""financial_bad""]",2020-09-09,801151.SI,000566.SZ
801101.SI,True,2020-04-18,True,False,False,True,2015-2021,2020-09-10,"[""financial_bad""]",2020-09-09,801101.SI,002308.SZ
801103.SI,True,2020-04-28,True,False,False,True,2015-2021,2020-09-10,"[""financial_bad""]",2020-09-09,801103.SI,300002.SZ
801745.SI,True,2020-04-28,True,False,False,True,2015-2021,2020-09-10,"[""financial_bad""]",2020-09-09,801745.SI,300045.SZ
801103.SI,True,2020-04-29,True,False,False,True,2015-2021,2020-09-10,"[""financial_bad""]",2020-09-09,801103.SI,300168.SZ
801084.SI,True,2020-04-18,True,False,False,True,2015-2021,2020-09-10,"[""financial_bad""]",2020-09-09,801084.SI,300241.SZ
801151.SI,True,2020-04-30,True,False,False,True,2015-2021,2020-09-11,"[""financial_bad""]",2020-09-10,801151.SI,000566.SZ
801103.SI,True,2020-04-29,True,False,False,True,2015-2021,2020-09-11,"[""financial_bad""]",2020-09-10,801103.SI,300168.SZ
801151.SI,True,2020-04-30,True,False,False,True,2015-2021,2020-09-14,"[""financial_bad""]",2020-09-11,801151.SI,000566.SZ
801103.SI,True,2020-04-29,True,False,False,True,2015-2021,2020-09-14,"[""financial_bad""]",2020-09-11,801103.SI,300168.SZ
801151.SI,True,2020-04-30,True,False,False,True,2015-2021,2020-09-15,"[""financial_bad""]",2020-09-14,801151.SI,000566.SZ
801034.SI,True,2020-04-16,True,False,False,True,2015-2021,2020-09-15,"[""financial_bad""]",2020-09-14,801034.SI,300073.SZ
801103.SI,True,2020-04-29,True,False,False,True,2015-2021,2020-09-15,"[""financial_bad""]",2020-09-14,801103.SI,300168.SZ
801151.SI,True,2020-04-30,True,False,False,True,2015-2021,2020-09-16,"[""financial_bad""]",2020-09-15,801151.SI,000566.SZ
801054.SI,True,2020-03-27,True,False,False,True,2015-2021,2020-09-16,"[""financial_bad""]",2020-09-15,801054.SI,002428.SZ
801034.SI,True,2020-04-16,True,False,False,True,2015-2021,2020-09-16,"[""financial_bad""]",2020-09-15,801034.SI,300073.SZ
801103.SI,True,2020-04-29,True,False,False,True,2015-2021,2020-09-16,"[""financial_bad""]",2020-09-15,801103.SI,300168.SZ
801151.SI,True,2020-04-30,True,False,False,True,2015-2021,2020-09-17,"[""financial_bad""]",2020-09-16,801151.SI,000566.SZ
801034.SI,True,2020-04-16,True,False,False,True,2015-2021,2020-09-17,"[""financial_bad""]",2020-09-16,801034.SI,300073.SZ
801103.SI,True,2020-04-29,True,False,False,True,2015-2021,2020-09-17,"[""financial_bad""]",2020-09-16,801103.SI,300168.SZ
801151.SI,True,2020-04-30,True,False,False,True,2015-2021,2020-09-18,"[""financial_bad""]",2020-09-17,801151.SI,000566.SZ
801034.SI,True,2020-04-16,True,False,False,True,2015-2021,2020-09-18,"[""financial_bad""]",2020-09-17,801034.SI,300073.SZ
801103.SI,True,2020-04-29,True,False,False,True,2015-2021,2020-09-18,"[""financial_bad""]",2020-09-17,801103.SI,300168.SZ
801764.SI,True,2020-04-29,True,False,False,True,2015-2021,2020-09-18,"[""financial_bad""]",2020-09-17,801764.SI,300299.SZ
801151.SI,True,2020-04-30,True,False,False,True,2015-2021,2020-09-21,"[""financial_bad""]",2020-09-18,801151.SI,000566.SZ
801034.SI,True,2020-04-16,True,False,False,True,2015-2021,2020-09-21,"[""financial_bad""]",2020-09-18,801034.SI,300073.SZ
801103.SI,True,2020-04-29,True,False,False,True,2015-2021,2020-09-21,"[""financial_bad""]",2020-09-18,801103.SI,300168.SZ
801764.SI,True,2020-04-29,True,False,False,True,2015-2021,2020-09-21,"[""financial_bad""]",2020-09-18,801764.SI,300299.SZ
801151.SI,True,2020-04-30,True,False,False,True,2015-2021,2020-09-22,"[""financial_bad""]",2020-09-21,801151.SI,000566.SZ
801103.SI,True,2020-04-29,True,False,False,True,2015-2021,2020-09-22,"[""financial_bad""]",2020-09-21,801103.SI,300168.SZ
801151.SI,True,2020-04-30,True,False,False,True,2015-2021,2020-09-23,"[""financial_bad""]",2020-09-22,801151.SI,000566.SZ
801034.SI,True,2020-04-16,True,False,False,True,2015-2021,2020-09-23,"[""financial_bad""]",2020-09-22,801034.SI,300073.SZ
801764.SI,True,2020-04-29,True,False,False,True,2015-2021,2020-09-23,"[""financial_bad""]",2020-09-22,801764.SI,300299.SZ
801151.SI,True,2020-04-30,True,False,False,True,2015-2021,2020-09-24,"[""financial_bad""]",2020-09-23,801151.SI,000566.SZ
801034.SI,True,2020-04-16,True,False,False,True,2015-2021,2020-09-24,"[""financial_bad""]",2020-09-23,801034.SI,300073.SZ
801764.SI,True,2020-04-29,True,False,False,True,2015-2021,2020-09-24,"[""financial_bad""]",2020-09-23,801764.SI,300299.SZ
801034.SI,True,2020-04-16,True,False,False,True,2015-2021,2020-09-25,"[""financial_bad""]",2020-09-24,801034.SI,300073.SZ
801764.SI,True,2020-04-29,True,False,False,True,2015-2021,2020-09-25,"[""financial_bad""]",2020-09-24,801764.SI,300299.SZ
801034.SI,True,2020-04-16,True,False,False,True,2015-2021,2020-09-28,"[""financial_bad""]",2020-09-25,801034.SI,300073.SZ
801764.SI,True,2020-04-29,True,False,False,True,2015-2021,2020-09-28,"[""financial_bad""]",2020-09-25,801764.SI,300299.SZ
801054.SI,False,2020-03-27,True,False,False,True,2015-2021,2020-10-14,"[""financial_bad""]",2020-10-13,801054.SI,002428.SZ
801103.SI,True,2020-04-29,True,False,False,True,2015-2021,2020-10-14,"[""financial_bad""]",2020-10-13,801103.SI,300168.SZ
801736.SI,True,2020-03-31,True,False,True,True,2015-2021,2020-10-14,"[""st"",""financial_bad""]",2020-10-13,801736.SI,600416.SH
801151.SI,True,2020-04-30,True,False,False,True,2015-2021,2020-10-15,"[""financial_bad""]",2020-10-14,801151.SI,000566.SZ
801103.SI,True,2020-04-29,True,False,False,True,2015-2021,2020-10-15,"[""financial_bad""]",2020-10-14,801103.SI,300168.SZ
801736.SI,True,2020-03-31,True,False,True,True,2015-2021,2020-10-15,"[""st"",""financial_bad""]",2020-10-14,801736.SI,600416.SH
801125.SI,True,2020-04-25,False,False,True,True,2015-2021,2020-10-15,"[""st""]",2020-10-14,801125.SI,600702.SH
801103.SI,True,2020-04-29,True,False,False,True,2015-2021,2020-10-16,"[""financial_bad""]",2020-10-15,801103.SI,300168.SZ
801736.SI,True,2020-03-31,True,False,True,True,2015-2021,2020-10-16,"[""st"",""financial_bad""]",2020-10-15,801736.SI,600416.SH
801125.SI,True,2020-04-25,False,False,True,True,2015-2021,2020-10-16,"[""st""]",2020-10-15,801125.SI,600702.SH
801103.SI,True,2020-04-29,True,False,False,True,2015-2021,2020-10-19,"[""financial_bad""]",2020-10-16,801103.SI,300168.SZ
801736.SI,True,2020-03-31,True,False,True,True,2015-2021,2020-10-19,"[""st"",""financial_bad""]",2020-10-16,801736.SI,600416.SH
801125.SI,True,2020-04-25,False,False,True,True,2015-2021,2020-10-19,"[""st""]",2020-10-16,801125.SI,600702.SH
801103.SI,True,2020-04-29,True,False,False,True,2015-2021,2020-10-20,"[""financial_bad""]",2020-10-19,801103.SI,300168.SZ
801736.SI,True,2020-03-31,True,False,True,True,2015-2021,2020-10-20,"[""st"",""financial_bad""]",2020-10-19,801736.SI,600416.SH
801103.SI,True,2020-04-29,True,False,False,True,2015-2021,2020-10-21,"[""financial_bad""]",2020-10-20,801103.SI,300168.SZ
801736.SI,True,2020-03-31,True,False,True,True,2015-2021,2020-10-21,"[""st"",""financial_bad""]",2020-10-20,801736.SI,600416.SH
801764.SI,False,2020-04-29,True,False,False,True,2015-2021,2020-10-22,"[""financial_bad""]",2020-10-21,801764.SI,300299.SZ
801764.SI,False,2020-04-29,True,False,False,True,2015-2021,2020-10-23,"[""financial_bad""]",2020-10-22,801764.SI,300299.SZ
801764.SI,False,2020-04-29,True,False,False,True,2015-2021,2020-10-26,"[""financial_bad""]",2020-10-23,801764.SI,300299.SZ
801054.SI,False,2020-03-27,True,False,False,True,2015-2021,2020-10-27,"[""financial_bad""]",2020-10-26,801054.SI,002428.SZ
801764.SI,False,2020-04-29,True,False,False,True,2015-2021,2020-10-27,"[""financial_bad""]",2020-10-26,801764.SI,300299.SZ
801054.SI,False,2020-03-27,True,False,False,True,2015-2021,2020-10-28,"[""financial_bad""]",2020-10-27,801054.SI,002428.SZ
801764.SI,False,2020-04-29,True,False,False,True,2015-2021,2020-10-28,"[""financial_bad""]",2020-10-27,801764.SI,300299.SZ
801736.SI,True,2020-03-31,True,False,True,True,2015-2021,2020-10-28,"[""st"",""financial_bad""]",2020-10-27,801736.SI,600416.SH
801764.SI,False,2020-04-29,True,False,False,True,2015-2021,2020-10-30,"[""financial_bad""]",2020-10-29,801764.SI,300299.SZ
801054.SI,False,2020-03-27,True,False,False,True,2015-2021,2020-11-09,"[""financial_bad""]",2020-11-06,801054.SI,002428.SZ
801054.SI,True,2020-03-27,True,False,False,True,2015-2021,2020-11-10,"[""financial_bad""]",2020-11-09,801054.SI,002428.SZ
801054.SI,True,2020-03-27,True,False,False,True,2015-2021,2020-11-11,"[""financial_bad""]",2020-11-10,801054.SI,002428.SZ
801764.SI,False,2020-04-29,True,False,False,True,2015-2021,2020-11-11,"[""financial_bad""]",2020-11-10,801764.SI,300299.SZ
801054.SI,True,2020-03-27,True,False,False,True,2015-2021,2020-11-12,"[""financial_bad""]",2020-11-11,801054.SI,002428.SZ
801081.SI,True,2020-04-20,True,False,False,True,2015-2021,2020-11-12,"[""financial_bad""]",2020-11-11,801081.SI,300046.SZ
801764.SI,False,2020-04-29,True,False,False,True,2015-2021,2020-11-12,"[""financial_bad""]",2020-11-11,801764.SI,300299.SZ
801054.SI,True,2020-03-27,True,False,False,True,2015-2021,2020-11-13,"[""financial_bad""]",2020-11-12,801054.SI,002428.SZ
801764.SI,False,2020-04-29,True,False,False,True,2015-2021,2020-11-13,"[""financial_bad""]",2020-11-12,801764.SI,300299.SZ
801054.SI,True,2020-03-27,True,False,False,True,2015-2021,2020-11-16,"[""financial_bad""]",2020-11-13,801054.SI,002428.SZ
801081.SI,True,2020-04-20,True,False,False,True,2015-2021,2020-11-16,"[""financial_bad""]",2020-11-13,801081.SI,300046.SZ
801764.SI,False,2020-04-29,True,False,False,True,2015-2021,2020-11-16,"[""financial_bad""]",2020-11-13,801764.SI,300299.SZ
801054.SI,True,2020-03-27,True,False,False,True,2015-2021,2020-11-17,"[""financial_bad""]",2020-11-16,801054.SI,002428.SZ
801764.SI,False,2020-04-29,True,False,False,True,2015-2021,2020-11-17,"[""financial_bad""]",2020-11-16,801764.SI,300299.SZ
801056.SI,True,2020-05-30,True,False,False,True,2015-2021,2020-11-18,"[""financial_bad""]",2020-11-17,801056.SI,002240.SZ
801054.SI,True,2020-03-27,True,False,False,True,2015-2021,2020-11-18,"[""financial_bad""]",2020-11-17,801054.SI,002428.SZ
801129.SI,False,2020-04-24,False,False,True,True,2015-2021,2020-11-18,"[""st""]",2020-11-17,801129.SI,002650.SZ
801081.SI,True,2020-04-20,True,False,False,True,2015-2021,2020-11-18,"[""financial_bad""]",2020-11-17,801081.SI,300046.SZ
801764.SI,False,2020-04-29,True,False,False,True,2015-2021,2020-11-18,"[""financial_bad""]",2020-11-17,801764.SI,300299.SZ
801054.SI,True,2020-03-27,True,False,False,True,2015-2021,2020-11-19,"[""financial_bad""]",2020-11-18,801054.SI,002428.SZ
801129.SI,False,2020-04-24,False,False,True,True,2015-2021,2020-11-19,"[""st""]",2020-11-18,801129.SI,002650.SZ
801081.SI,True,2020-04-20,True,False,False,True,2015-2021,2020-11-19,"[""financial_bad""]",2020-11-18,801081.SI,300046.SZ
801764.SI,False,2020-04-29,True,False,False,True,2015-2021,2020-11-19,"[""financial_bad""]",2020-11-18,801764.SI,300299.SZ
801082.SI,True,2020-04-29,True,False,False,True,2015-2021,2020-11-19,"[""financial_bad""]",2020-11-18,801082.SI,600110.SH
801054.SI,True,2020-03-27,True,False,False,True,2015-2021,2020-11-20,"[""financial_bad""]",2020-11-19,801054.SI,002428.SZ
801129.SI,False,2020-04-24,False,False,True,True,2015-2021,2020-11-20,"[""st""]",2020-11-19,801129.SI,002650.SZ
801764.SI,False,2020-04-29,True,False,False,True,2015-2021,2020-11-20,"[""financial_bad""]",2020-11-19,801764.SI,300299.SZ
801082.SI,True,2020-04-29,True,False,False,True,2015-2021,2020-11-20,"[""financial_bad""]",2020-11-19,801082.SI,600110.SH
801054.SI,True,2020-03-27,True,False,False,True,2015-2021,2020-11-23,"[""financial_bad""]",2020-11-20,801054.SI,002428.SZ
801764.SI,False,2020-04-29,True,False,False,True,2015-2021,2020-11-23,"[""financial_bad""]",2020-11-20,801764.SI,300299.SZ
801082.SI,True,2020-04-29,True,False,False,True,2015-2021,2020-11-23,"[""financial_bad""]",2020-11-20,801082.SI,600110.SH
801054.SI,True,2020-03-27,True,False,False,True,2015-2021,2020-11-24,"[""financial_bad""]",2020-11-23,801054.SI,002428.SZ
801129.SI,False,2020-04-24,False,False,True,True,2015-2021,2020-11-24,"[""st""]",2020-11-23,801129.SI,002650.SZ
801764.SI,False,2020-04-29,True,False,False,True,2015-2021,2020-11-24,"[""financial_bad""]",2020-11-23,801764.SI,300299.SZ
801056.SI,True,2020-05-30,True,False,False,True,2015-2021,2020-11-25,"[""financial_bad""]",2020-11-24,801056.SI,002240.SZ
801054.SI,True,2020-03-27,True,False,False,True,2015-2021,2020-11-25,"[""financial_bad""]",2020-11-24,801054.SI,002428.SZ
801081.SI,True,2020-04-20,True,False,False,True,2015-2021,2020-11-25,"[""financial_bad""]",2020-11-24,801081.SI,300046.SZ
801764.SI,False,2020-04-29,True,False,False,True,2015-2021,2020-11-25,"[""financial_bad""]",2020-11-24,801764.SI,300299.SZ
801056.SI,True,2020-05-30,True,False,False,True,2015-2021,2020-11-26,"[""financial_bad""]",2020-11-25,801056.SI,002240.SZ
801054.SI,True,2020-03-27,True,False,False,True,2015-2021,2020-11-26,"[""financial_bad""]",2020-11-25,801054.SI,002428.SZ
801081.SI,True,2020-04-20,True,False,False,True,2015-2021,2020-11-26,"[""financial_bad""]",2020-11-25,801081.SI,300046.SZ
801764.SI,False,2020-04-29,True,False,False,True,2015-2021,2020-11-26,"[""financial_bad""]",2020-11-25,801764.SI,300299.SZ
801082.SI,True,2020-04-29,True,False,False,True,2015-2021,2020-11-26,"[""financial_bad""]",2020-11-25,801082.SI,600110.SH
801125.SI,True,2020-04-25,False,False,True,True,2015-2021,2020-11-26,"[""st""]",2020-11-25,801125.SI,600702.SH
801054.SI,True,2020-03-27,True,False,False,True,2015-2021,2020-11-27,"[""financial_bad""]",2020-11-26,801054.SI,002428.SZ
801764.SI,False,2020-04-29,True,False,False,True,2015-2021,2020-11-27,"[""financial_bad""]",2020-11-26,801764.SI,300299.SZ
801082.SI,True,2020-04-29,True,False,False,True,2015-2021,2020-11-27,"[""financial_bad""]",2020-11-26,801082.SI,600110.SH
801125.SI,True,2020-04-25,False,False,True,True,2015-2021,2020-11-27,"[""st""]",2020-11-26,801125.SI,600702.SH
801054.SI,True,2020-03-27,True,False,False,True,2015-2021,2020-11-30,"[""financial_bad""]",2020-11-27,801054.SI,002428.SZ
801081.SI,True,2020-04-20,True,False,False,True,2015-2021,2020-11-30,"[""financial_bad""]",2020-11-27,801081.SI,300046.SZ
801764.SI,False,2020-04-29,True,False,False,True,2015-2021,2020-11-30,"[""financial_bad""]",2020-11-27,801764.SI,300299.SZ
801082.SI,True,2020-04-29,True,False,False,True,2015-2021,2020-11-30,"[""financial_bad""]",2020-11-27,801082.SI,600110.SH
801125.SI,True,2020-04-25,False,False,True,True,2015-2021,2020-11-30,"[""st""]",2020-11-27,801125.SI,600702.SH
801054.SI,True,2020-03-27,True,False,False,True,2015-2021,2020-12-01,"[""financial_bad""]",2020-11-30,801054.SI,002428.SZ
801081.SI,True,2020-04-20,True,False,False,True,2015-2021,2020-12-01,"[""financial_bad""]",2020-11-30,801081.SI,300046.SZ
801764.SI,False,2020-04-29,True,False,False,True,2015-2021,2020-12-01,"[""financial_bad""]",2020-11-30,801764.SI,300299.SZ
801082.SI,True,2020-04-29,True,False,False,True,2015-2021,2020-12-01,"[""financial_bad""]",2020-11-30,801082.SI,600110.SH
801125.SI,True,2020-04-25,False,False,True,True,2015-2021,2020-12-01,"[""st""]",2020-11-30,801125.SI,600702.SH
801054.SI,True,2020-03-27,True,False,False,True,2015-2021,2020-12-02,"[""financial_bad""]",2020-12-01,801054.SI,002428.SZ
801081.SI,True,2020-04-20,True,False,False,True,2015-2021,2020-12-02,"[""financial_bad""]",2020-12-01,801081.SI,300046.SZ
801764.SI,False,2020-04-29,True,False,False,True,2015-2021,2020-12-02,"[""financial_bad""]",2020-12-01,801764.SI,300299.SZ
801082.SI,True,2020-04-29,True,False,False,True,2015-2021,2020-12-02,"[""financial_bad""]",2020-12-01,801082.SI,600110.SH
801054.SI,True,2020-03-27,True,False,False,True,2015-2021,2020-12-03,"[""financial_bad""]",2020-12-02,801054.SI,002428.SZ
801081.SI,True,2020-04-20,True,False,False,True,2015-2021,2020-12-03,"[""financial_bad""]",2020-12-02,801081.SI,300046.SZ
801764.SI,False,2020-04-29,True,False,False,True,2015-2021,2020-12-03,"[""financial_bad""]",2020-12-02,801764.SI,300299.SZ
801082.SI,True,2020-04-29,True,False,False,True,2015-2021,2020-12-03,"[""financial_bad""]",2020-12-02,801082.SI,600110.SH
801125.SI,True,2020-04-29,True,False,False,True,2015-2021,2020-12-03,"[""financial_bad""]",2020-12-02,801125.SI,600199.SH
801054.SI,True,2020-03-27,True,False,False,True,2015-2021,2020-12-04,"[""financial_bad""]",2020-12-03,801054.SI,002428.SZ
801081.SI,True,2020-04-20,True,False,False,True,2015-2021,2020-12-04,"[""financial_bad""]",2020-12-03,801081.SI,300046.SZ
801764.SI,False,2020-04-29,True,False,False,True,2015-2021,2020-12-04,"[""financial_bad""]",2020-12-03,801764.SI,300299.SZ
801082.SI,True,2020-04-29,True,False,False,True,2015-2021,2020-12-04,"[""financial_bad""]",2020-12-03,801082.SI,600110.SH
801125.SI,True,2020-04-29,True,False,False,True,2015-2021,2020-12-04,"[""financial_bad""]",2020-12-03,801125.SI,600199.SH
801054.SI,True,2020-03-27,True,False,False,True,2015-2021,2020-12-07,"[""financial_bad""]",2020-12-04,801054.SI,002428.SZ
801081.SI,True,2020-04-20,True,False,False,True,2015-2021,2020-12-07,"[""financial_bad""]",2020-12-04,801081.SI,300046.SZ
801764.SI,False,2020-04-29,True,False,False,True,2015-2021,2020-12-07,"[""financial_bad""]",2020-12-04,801764.SI,300299.SZ
801082.SI,True,2020-04-29,True,False,False,True,2015-2021,2020-12-07,"[""financial_bad""]",2020-12-04,801082.SI,600110.SH
801125.SI,True,2020-04-25,False,False,True,True,2015-2021,2020-12-07,"[""st""]",2020-12-04,801125.SI,600702.SH
801054.SI,True,2020-03-27,True,False,False,True,2015-2021,2020-12-08,"[""financial_bad""]",2020-12-07,801054.SI,002428.SZ
801764.SI,False,2020-04-29,True,False,False,True,2015-2021,2020-12-08,"[""financial_bad""]",2020-12-07,801764.SI,300299.SZ
801082.SI,True,2020-04-29,True,False,False,True,2015-2021,2020-12-08,"[""financial_bad""]",2020-12-07,801082.SI,600110.SH
801125.SI,True,2020-04-25,False,False,True,True,2015-2021,2020-12-08,"[""st""]",2020-12-07,801125.SI,600702.SH
801056.SI,True,2020-05-30,True,False,False,True,2015-2021,2020-12-09,"[""financial_bad""]",2020-12-08,801056.SI,002240.SZ
801054.SI,True,2020-03-27,True,False,False,True,2015-2021,2020-12-09,"[""financial_bad""]",2020-12-08,801054.SI,002428.SZ
801081.SI,True,2020-04-20,True,False,False,True,2015-2021,2020-12-09,"[""financial_bad""]",2020-12-08,801081.SI,300046.SZ
801764.SI,False,2020-04-29,True,False,False,True,2015-2021,2020-12-09,"[""financial_bad""]",2020-12-08,801764.SI,300299.SZ
801082.SI,True,2020-04-29,True,False,False,True,2015-2021,2020-12-09,"[""financial_bad""]",2020-12-08,801082.SI,600110.SH
801056.SI,True,2020-05-30,True,False,False,True,2015-2021,2020-12-10,"[""financial_bad""]",2020-12-09,801056.SI,002240.SZ
801054.SI,True,2020-03-27,True,False,False,True,2015-2021,2020-12-10,"[""financial_bad""]",2020-12-09,801054.SI,002428.SZ
801764.SI,False,2020-04-29,True,False,False,True,2015-2021,2020-12-10,"[""financial_bad""]",2020-12-09,801764.SI,300299.SZ
801151.SI,True,2020-04-30,True,False,False,True,2015-2021,2020-12-11,"[""financial_bad""]",2020-12-10,801151.SI,000566.SZ
801056.SI,True,2020-05-30,True,False,False,True,2015-2021,2020-12-11,"[""financial_bad""]",2020-12-10,801056.SI,002240.SZ
801054.SI,True,2020-03-27,True,False,False,True,2015-2021,2020-12-11,"[""financial_bad""]",2020-12-10,801054.SI,002428.SZ
801764.SI,False,2020-04-29,True,False,False,True,2015-2021,2020-12-11,"[""financial_bad""]",2020-12-10,801764.SI,300299.SZ
801034.SI,True,2020-04-24,True,False,False,True,2015-2021,2021-01-06,"[""financial_bad""]",2021-01-05,801034.SI,002407.SZ
801056.SI,True,2020-04-29,True,False,False,True,2015-2021,2021-01-06,"[""financial_bad""]",2021-01-05,801056.SI,002466.SZ
801016.SI,True,2020-04-30,True,False,False,True,2015-2021,2021-01-07,"[""financial_bad""]",2021-01-06,801016.SI,000998.SZ
801034.SI,True,2020-04-24,True,False,False,True,2015-2021,2021-01-07,"[""financial_bad""]",2021-01-06,801034.SI,002407.SZ
801736.SI,True,2020-03-31,True,False,True,True,2015-2021,2021-01-07,"[""st"",""financial_bad""]",2021-01-06,801736.SI,600416.SH
801129.SI,True,2020-04-24,False,False,True,True,2015-2021,2021-01-22,"[""st""]",2021-01-21,801129.SI,002650.SZ
801125.SI,True,2020-04-25,False,False,True,True,2015-2021,2021-01-22,"[""st""]",2021-01-21,801125.SI,600702.SH
801129.SI,True,2020-04-24,False,False,True,True,2015-2021,2021-01-25,"[""st""]",2021-01-22,801129.SI,002650.SZ
801129.SI,True,2020-04-24,False,False,True,True,2015-2021,2021-01-26,"[""st""]",2021-01-25,801129.SI,002650.SZ
801129.SI,False,2020-04-24,False,False,True,True,2015-2021,2021-02-23,"[""st""]",2021-02-22,801129.SI,002650.SZ
801736.SI,True,2020-03-31,True,False,True,True,2015-2021,2021-02-23,"[""st"",""financial_bad""]",2021-02-22,801736.SI,600416.SH
801125.SI,True,2020-04-25,False,False,True,True,2015-2021,2021-02-23,"[""st""]",2021-02-22,801125.SI,600702.SH
801129.SI,False,2020-04-24,False,False,True,True,2015-2021,2021-02-24,"[""st""]",2021-02-23,801129.SI,002650.SZ
801736.SI,True,2020-03-31,True,False,True,True,2015-2021,2021-02-24,"[""st"",""financial_bad""]",2021-02-23,801736.SI,600416.SH
801125.SI,True,2020-04-25,False,False,True,True,2015-2021,2021-02-24,"[""st""]",2021-02-23,801125.SI,600702.SH
801129.SI,False,2020-04-24,False,False,True,True,2015-2021,2021-02-25,"[""st""]",2021-02-24,801129.SI,002650.SZ
801736.SI,True,2020-03-31,True,False,True,True,2015-2021,2021-02-25,"[""st"",""financial_bad""]",2021-02-24,801736.SI,600416.SH
801125.SI,True,2020-04-25,False,False,True,True,2015-2021,2021-02-25,"[""st""]",2021-02-24,801125.SI,600702.SH
801129.SI,False,2020-04-24,False,False,True,True,2015-2021,2021-02-26,"[""st""]",2021-02-25,801129.SI,002650.SZ
801736.SI,True,2020-03-31,True,False,True,True,2015-2021,2021-02-26,"[""st"",""financial_bad""]",2021-02-25,801736.SI,600416.SH
801125.SI,True,2020-04-25,False,False,True,True,2015-2021,2021-02-26,"[""st""]",2021-02-25,801125.SI,600702.SH
801034.SI,True,2020-04-24,True,False,False,True,2015-2021,2021-03-01,"[""financial_bad""]",2021-02-26,801034.SI,002407.SZ
801129.SI,False,2020-04-24,False,False,True,True,2015-2021,2021-03-01,"[""st""]",2021-02-26,801129.SI,002650.SZ
801736.SI,True,2020-03-31,True,False,True,True,2015-2021,2021-03-01,"[""st"",""financial_bad""]",2021-02-26,801736.SI,600416.SH
801125.SI,True,2020-04-25,False,False,True,True,2015-2021,2021-03-01,"[""st""]",2021-02-26,801125.SI,600702.SH
801129.SI,False,2020-04-24,False,False,True,True,2015-2021,2021-03-02,"[""st""]",2021-03-01,801129.SI,002650.SZ
801736.SI,True,2020-03-31,True,False,True,True,2015-2021,2021-03-02,"[""st"",""financial_bad""]",2021-03-01,801736.SI,600416.SH
801125.SI,True,2020-04-25,False,False,True,True,2015-2021,2021-03-02,"[""st""]",2021-03-01,801125.SI,600702.SH
801056.SI,True,2020-04-29,True,False,False,True,2015-2021,2021-03-03,"[""financial_bad""]",2021-03-02,801056.SI,002466.SZ
801129.SI,False,2020-04-24,False,False,True,True,2015-2021,2021-03-03,"[""st""]",2021-03-02,801129.SI,002650.SZ
801736.SI,True,2020-03-31,True,False,True,True,2015-2021,2021-03-03,"[""st"",""financial_bad""]",2021-03-02,801736.SI,600416.SH
801129.SI,False,2020-04-24,False,False,True,True,2015-2021,2021-03-04,"[""st""]",2021-03-03,801129.SI,002650.SZ
801736.SI,True,2020-03-31,True,False,True,True,2015-2021,2021-03-04,"[""st"",""financial_bad""]",2021-03-03,801736.SI,600416.SH
801056.SI,True,2020-04-29,True,False,False,True,2015-2021,2021-03-05,"[""financial_bad""]",2021-03-04,801056.SI,002466.SZ
801129.SI,False,2020-04-24,False,False,True,True,2015-2021,2021-03-05,"[""st""]",2021-03-04,801129.SI,002650.SZ
801736.SI,True,2020-03-31,True,False,True,True,2015-2021,2021-03-05,"[""st"",""financial_bad""]",2021-03-04,801736.SI,600416.SH
801056.SI,True,2020-04-29,True,False,False,True,2015-2021,2021-03-08,"[""financial_bad""]",2021-03-05,801056.SI,002466.SZ
801129.SI,False,2020-04-24,False,False,True,True,2015-2021,2021-03-08,"[""st""]",2021-03-05,801129.SI,002650.SZ
801736.SI,True,2020-03-31,True,False,True,True,2015-2021,2021-03-08,"[""st"",""financial_bad""]",2021-03-05,801736.SI,600416.SH
801056.SI,True,2020-05-30,True,False,False,True,2015-2021,2021-03-09,"[""financial_bad""]",2021-03-08,801056.SI,002240.SZ
801056.SI,True,2020-04-29,True,False,False,True,2015-2021,2021-03-09,"[""financial_bad""]",2021-03-08,801056.SI,002466.SZ
801129.SI,False,2020-04-24,False,False,True,True,2015-2021,2021-03-09,"[""st""]",2021-03-08,801129.SI,002650.SZ
801736.SI,True,2020-03-31,True,False,True,True,2015-2021,2021-03-09,"[""st"",""financial_bad""]",2021-03-08,801736.SI,600416.SH
801056.SI,True,2020-05-30,True,False,False,True,2015-2021,2021-03-10,"[""financial_bad""]",2021-03-09,801056.SI,002240.SZ
801056.SI,True,2020-04-29,True,False,False,True,2015-2021,2021-03-10,"[""financial_bad""]",2021-03-09,801056.SI,002466.SZ
801129.SI,False,2020-04-24,False,False,True,True,2015-2021,2021-03-10,"[""st""]",2021-03-09,801129.SI,002650.SZ
801056.SI,True,2020-05-30,True,False,False,True,2015-2021,2021-03-11,"[""financial_bad""]",2021-03-10,801056.SI,002240.SZ
801056.SI,True,2020-04-29,True,False,False,True,2015-2021,2021-03-11,"[""financial_bad""]",2021-03-10,801056.SI,002466.SZ
801129.SI,False,2020-04-24,False,False,True,True,2015-2021,2021-03-11,"[""st""]",2021-03-10,801129.SI,002650.SZ
801153.SI,True,2020-04-30,True,False,False,True,2015-2021,2021-03-18,"[""financial_bad""]",2021-03-17,801153.SI,002030.SZ
801056.SI,False,2020-04-29,True,False,False,True,2015-2021,2021-03-18,"[""financial_bad""]",2021-03-17,801056.SI,002466.SZ
801129.SI,False,2020-04-24,False,False,True,True,2015-2021,2021-03-18,"[""st""]",2021-03-17,801129.SI,002650.SZ
801153.SI,True,2020-04-30,True,False,False,True,2015-2021,2021-03-19,"[""financial_bad""]",2021-03-18,801153.SI,002030.SZ
801056.SI,False,2020-04-29,True,False,False,True,2015-2021,2021-03-19,"[""financial_bad""]",2021-03-18,801056.SI,002466.SZ
801736.SI,False,2021-03-17,False,False,True,True,2015-2021,2021-03-19,"[""st""]",2021-03-18,801736.SI,600416.SH
801125.SI,True,2020-04-25,False,False,True,True,2015-2021,2021-03-19,"[""st""]",2021-03-18,801125.SI,600702.SH
801153.SI,True,2020-04-30,True,False,False,True,2015-2021,2021-03-22,"[""financial_bad""]",2021-03-19,801153.SI,002030.SZ
801056.SI,False,2020-04-29,True,False,False,True,2015-2021,2021-03-22,"[""financial_bad""]",2021-03-19,801056.SI,002466.SZ
801736.SI,False,2021-03-17,False,False,True,True,2015-2021,2021-03-22,"[""st""]",2021-03-19,801736.SI,600416.SH
801125.SI,True,2020-04-25,False,False,True,True,2015-2021,2021-03-22,"[""st""]",2021-03-19,801125.SI,600702.SH
801153.SI,True,2020-04-30,True,False,False,True,2015-2021,2021-03-23,"[""financial_bad""]",2021-03-22,801153.SI,002030.SZ
801056.SI,False,2020-04-29,True,False,False,True,2015-2021,2021-03-23,"[""financial_bad""]",2021-03-22,801056.SI,002466.SZ
801736.SI,False,2021-03-17,False,False,True,True,2015-2021,2021-03-23,"[""st""]",2021-03-22,801736.SI,600416.SH
801125.SI,True,2020-04-25,False,False,True,True,2015-2021,2021-03-23,"[""st""]",2021-03-22,801125.SI,600702.SH
801153.SI,True,2020-04-30,True,False,False,True,2015-2021,2021-03-24,"[""financial_bad""]",2021-03-23,801153.SI,002030.SZ
801056.SI,False,2020-05-30,True,False,False,True,2015-2021,2021-03-24,"[""financial_bad""]",2021-03-23,801056.SI,002240.SZ
801034.SI,True,2020-04-24,True,False,False,True,2015-2021,2021-03-24,"[""financial_bad""]",2021-03-23,801034.SI,002407.SZ
801056.SI,False,2020-04-29,True,False,False,True,2015-2021,2021-03-24,"[""financial_bad""]",2021-03-23,801056.SI,002466.SZ
801082.SI,False,2020-04-29,True,False,False,True,2015-2021,2021-03-24,"[""financial_bad""]",2021-03-23,801082.SI,600110.SH
801736.SI,False,2021-03-17,False,False,True,True,2015-2021,2021-03-24,"[""st""]",2021-03-23,801736.SI,600416.SH
801125.SI,True,2020-04-25,False,False,True,True,2015-2021,2021-03-24,"[""st""]",2021-03-23,801125.SI,600702.SH
801153.SI,True,2020-04-30,True,False,False,True,2015-2021,2021-03-25,"[""financial_bad""]",2021-03-24,801153.SI,002030.SZ
801056.SI,False,2020-05-30,True,False,False,True,2015-2021,2021-03-25,"[""financial_bad""]",2021-03-24,801056.SI,002240.SZ
801034.SI,True,2020-04-24,True,False,False,True,2015-2021,2021-03-25,"[""financial_bad""]",2021-03-24,801034.SI,002407.SZ
801082.SI,False,2020-04-29,True,False,False,True,2015-2021,2021-03-25,"[""financial_bad""]",2021-03-24,801082.SI,600110.SH
801736.SI,False,2021-03-17,False,False,True,True,2015-2021,2021-03-25,"[""st""]",2021-03-24,801736.SI,600416.SH
801125.SI,True,2020-04-25,False,False,True,True,2015-2021,2021-03-25,"[""st""]",2021-03-24,801125.SI,600702.SH
801153.SI,True,2020-04-30,True,False,False,True,2015-2021,2021-03-26,"[""financial_bad""]",2021-03-25,801153.SI,002030.SZ
801056.SI,False,2020-05-30,True,False,False,True,2015-2021,2021-03-26,"[""financial_bad""]",2021-03-25,801056.SI,002240.SZ
801034.SI,True,2020-04-24,True,False,False,True,2015-2021,2021-03-26,"[""financial_bad""]",2021-03-25,801034.SI,002407.SZ
801082.SI,False,2020-04-29,True,False,False,True,2015-2021,2021-03-26,"[""financial_bad""]",2021-03-25,801082.SI,600110.SH
801736.SI,False,2021-03-17,False,False,True,True,2015-2021,2021-03-26,"[""st""]",2021-03-25,801736.SI,600416.SH
801125.SI,True,2020-04-25,False,False,True,True,2015-2021,2021-03-26,"[""st""]",2021-03-25,801125.SI,600702.SH
801153.SI,True,2020-04-30,True,False,False,True,2015-2021,2021-03-29,"[""financial_bad""]",2021-03-26,801153.SI,002030.SZ
801034.SI,True,2020-04-24,True,False,False,True,2015-2021,2021-03-29,"[""financial_bad""]",2021-03-26,801034.SI,002407.SZ
801056.SI,False,2020-04-29,True,False,False,True,2015-2021,2021-03-29,"[""financial_bad""]",2021-03-26,801056.SI,002466.SZ
801129.SI,False,2020-04-24,False,False,True,True,2015-2021,2021-03-29,"[""st""]",2021-03-26,801129.SI,002650.SZ
801082.SI,False,2020-04-29,True,False,False,True,2015-2021,2021-03-29,"[""financial_bad""]",2021-03-26,801082.SI,600110.SH
801736.SI,False,2021-03-17,False,False,True,True,2015-2021,2021-03-29,"[""st""]",2021-03-26,801736.SI,600416.SH
801125.SI,True,2020-04-25,False,False,True,True,2015-2021,2021-03-29,"[""st""]",2021-03-26,801125.SI,600702.SH
801056.SI,False,2020-05-30,True,False,False,True,2015-2021,2021-03-30,"[""financial_bad""]",2021-03-29,801056.SI,002240.SZ
801034.SI,True,2020-04-24,True,False,False,True,2015-2021,2021-03-30,"[""financial_bad""]",2021-03-29,801034.SI,002407.SZ
801056.SI,False,2020-04-29,True,False,False,True,2015-2021,2021-03-30,"[""financial_bad""]",2021-03-29,801056.SI,002466.SZ
801129.SI,False,2020-04-24,False,False,True,True,2015-2021,2021-03-30,"[""st""]",2021-03-29,801129.SI,002650.SZ
801082.SI,False,2020-04-29,True,False,False,True,2015-2021,2021-03-30,"[""financial_bad""]",2021-03-29,801082.SI,600110.SH
801736.SI,False,2021-03-17,False,False,True,True,2015-2021,2021-03-30,"[""st""]",2021-03-29,801736.SI,600416.SH
801034.SI,True,2020-04-24,True,False,False,True,2015-2021,2021-03-31,"[""financial_bad""]",2021-03-30,801034.SI,002407.SZ
801056.SI,False,2020-04-29,True,False,False,True,2015-2021,2021-03-31,"[""financial_bad""]",2021-03-30,801056.SI,002466.SZ
801129.SI,False,2020-04-24,False,False,True,True,2015-2021,2021-03-31,"[""st""]",2021-03-30,801129.SI,002650.SZ
801082.SI,False,2020-04-29,True,False,False,True,2015-2021,2021-03-31,"[""financial_bad""]",2021-03-30,801082.SI,600110.SH
801736.SI,False,2021-03-17,False,False,True,True,2015-2021,2021-04-01,"[""st""]",2021-03-30,801736.SI,600416.SH
801056.SI,False,2020-05-30,True,False,False,True,2015-2021,2021-04-01,"[""financial_bad""]",2021-03-31,801056.SI,002240.SZ
801034.SI,True,2020-04-24,True,False,False,True,2015-2021,2021-04-01,"[""financial_bad""]",2021-03-31,801034.SI,002407.SZ
801056.SI,False,2020-04-29,True,False,False,True,2015-2021,2021-04-01,"[""financial_bad""]",2021-03-31,801056.SI,002466.SZ
801129.SI,False,2020-04-24,False,False,True,True,2015-2021,2021-04-01,"[""st""]",2021-03-31,801129.SI,002650.SZ
801082.SI,False,2020-04-29,True,False,False,True,2015-2021,2021-04-01,"[""financial_bad""]",2021-03-31,801082.SI,600110.SH
801056.SI,False,2020-05-30,True,False,False,True,2015-2021,2021-04-02,"[""financial_bad""]",2021-04-01,801056.SI,002240.SZ
801034.SI,True,2020-04-24,True,False,False,True,2015-2021,2021-04-02,"[""financial_bad""]",2021-04-01,801034.SI,002407.SZ
801056.SI,False,2020-04-29,True,False,False,True,2015-2021,2021-04-02,"[""financial_bad""]",2021-04-01,801056.SI,002466.SZ
801129.SI,False,2020-04-24,False,False,True,True,2015-2021,2021-04-02,"[""st""]",2021-04-01,801129.SI,002650.SZ
801082.SI,False,2020-04-29,True,False,False,True,2015-2021,2021-04-02,"[""financial_bad""]",2021-04-01,801082.SI,600110.SH
801056.SI,False,2020-05-30,True,False,False,True,2015-2021,2021-04-06,"[""financial_bad""]",2021-04-02,801056.SI,002240.SZ
801034.SI,True,2020-04-24,True,False,False,True,2015-2021,2021-04-06,"[""financial_bad""]",2021-04-02,801034.SI,002407.SZ
801129.SI,False,2020-04-24,False,False,True,True,2015-2021,2021-04-06,"[""st""]",2021-04-02,801129.SI,002650.SZ
801082.SI,False,2020-04-29,True,False,False,True,2015-2021,2021-04-06,"[""financial_bad""]",2021-04-02,801082.SI,600110.SH
801129.SI,False,2020-04-24,False,False,True,True,2015-2021,2021-04-07,"[""st""]",2021-04-06,801129.SI,002650.SZ
801082.SI,False,2020-04-29,True,False,False,True,2015-2021,2021-04-07,"[""financial_bad""]",2021-04-06,801082.SI,600110.SH
801034.SI,True,2020-04-24,True,False,False,True,2015-2021,2021-04-08,"[""financial_bad""]",2021-04-07,801034.SI,002407.SZ
801129.SI,False,2020-04-24,False,False,True,True,2015-2021,2021-04-08,"[""st""]",2021-04-07,801129.SI,002650.SZ
801082.SI,False,2020-04-29,True,False,False,True,2015-2021,2021-04-08,"[""financial_bad""]",2021-04-07,801082.SI,600110.SH
801034.SI,True,2020-04-24,True,False,False,True,2015-2021,2021-04-09,"[""financial_bad""]",2021-04-08,801034.SI,002407.SZ
801129.SI,False,2020-04-24,False,False,True,True,2015-2021,2021-04-09,"[""st""]",2021-04-08,801129.SI,002650.SZ
801082.SI,False,2020-04-29,True,False,False,True,2015-2021,2021-04-09,"[""financial_bad""]",2021-04-08,801082.SI,600110.SH
801034.SI,True,2020-04-24,True,False,False,True,2015-2021,2021-04-12,"[""financial_bad""]",2021-04-09,801034.SI,002407.SZ
801129.SI,False,2020-04-24,False,False,True,True,2015-2021,2021-04-12,"[""st""]",2021-04-09,801129.SI,002650.SZ
801082.SI,False,2020-04-29,True,False,False,True,2015-2021,2021-04-12,"[""financial_bad""]",2021-04-09,801082.SI,600110.SH
801056.SI,False,2020-05-30,True,False,False,True,2015-2021,2021-04-13,"[""financial_bad""]",2021-04-12,801056.SI,002240.SZ
801034.SI,True,2020-04-24,True,False,False,True,2015-2021,2021-04-13,"[""financial_bad""]",2021-04-12,801034.SI,002407.SZ
801129.SI,False,2020-04-24,False,False,True,True,2015-2021,2021-04-13,"[""st""]",2021-04-12,801129.SI,002650.SZ
801082.SI,False,2020-04-29,True,False,False,True,2015-2021,2021-04-13,"[""financial_bad""]",2021-04-12,801082.SI,600110.SH
801056.SI,False,2020-05-30,True,False,False,True,2015-2021,2021-04-14,"[""financial_bad""]",2021-04-13,801056.SI,002240.SZ
801034.SI,True,2020-04-24,True,False,False,True,2015-2021,2021-04-14,"[""financial_bad""]",2021-04-13,801034.SI,002407.SZ
801129.SI,False,2020-04-24,False,False,True,True,2015-2021,2021-04-14,"[""st""]",2021-04-13,801129.SI,002650.SZ
801082.SI,False,2020-04-29,True,False,False,True,2015-2021,2021-04-14,"[""financial_bad""]",2021-04-13,801082.SI,600110.SH
801161.SI,True,2021-03-31,True,False,False,True,2015-2021,2021-04-15,"[""financial_bad""]",2021-04-14,801161.SI,000993.SZ
801034.SI,True,2020-04-24,True,False,False,True,2015-2021,2021-04-15,"[""financial_bad""]",2021-04-14,801034.SI,002407.SZ
801129.SI,False,2020-04-24,False,False,True,True,2015-2021,2021-04-15,"[""st""]",2021-04-14,801129.SI,002650.SZ
801082.SI,False,2020-04-29,True,False,False,True,2015-2021,2021-04-15,"[""financial_bad""]",2021-04-14,801082.SI,600110.SH
801203.SI,True,2020-04-29,True,False,False,True,2015-2021,2021-04-16,"[""financial_bad""]",2021-04-15,801156.SI,000516.SZ
801034.SI,True,2020-04-24,True,False,False,True,2015-2021,2021-04-16,"[""financial_bad""]",2021-04-15,801034.SI,002407.SZ
801056.SI,False,2020-04-29,True,False,False,True,2015-2021,2021-04-16,"[""financial_bad""]",2021-04-15,801056.SI,002466.SZ
801129.SI,False,2020-04-24,False,False,True,True,2015-2021,2021-04-16,"[""st""]",2021-04-15,801129.SI,002650.SZ
801082.SI,False,2020-04-29,True,False,False,True,2015-2021,2021-04-16,"[""financial_bad""]",2021-04-15,801082.SI,600110.SH
801034.SI,True,2020-04-24,True,False,False,True,2015-2021,2021-04-19,"[""financial_bad""]",2021-04-16,801034.SI,002407.SZ
801056.SI,False,2020-04-29,True,False,False,True,2015-2021,2021-04-19,"[""financial_bad""]",2021-04-16,801056.SI,002466.SZ
801082.SI,False,2020-04-29,True,False,False,True,2015-2021,2021-04-19,"[""financial_bad""]",2021-04-16,801082.SI,600110.SH
801203.SI,True,2020-04-29,True,False,False,True,2015-2021,2021-04-20,"[""financial_bad""]",2021-04-19,801156.SI,000516.SZ
801056.SI,False,2020-04-29,True,False,False,True,2015-2021,2021-04-20,"[""financial_bad""]",2021-04-19,801056.SI,002466.SZ
801129.SI,False,2020-04-24,False,False,True,True,2015-2021,2021-04-20,"[""st""]",2021-04-19,801129.SI,002650.SZ
801082.SI,False,2020-04-29,True,False,False,True,2015-2021,2021-04-20,"[""financial_bad""]",2021-04-19,801082.SI,600110.SH
801056.SI,False,2020-04-29,True,False,False,True,2015-2021,2021-04-21,"[""financial_bad""]",2021-04-20,801056.SI,002466.SZ
801129.SI,False,2020-04-24,False,False,True,True,2015-2021,2021-04-21,"[""st""]",2021-04-20,801129.SI,002650.SZ
801082.SI,False,2020-04-29,True,False,False,True,2015-2021,2021-04-21,"[""financial_bad""]",2021-04-20,801082.SI,600110.SH
801056.SI,False,2020-04-29,True,False,False,True,2015-2021,2021-04-22,"[""financial_bad""]",2021-04-21,801056.SI,002466.SZ
801129.SI,False,2020-04-24,False,False,True,True,2015-2021,2021-04-22,"[""st""]",2021-04-21,801129.SI,002650.SZ
801082.SI,False,2020-04-29,True,False,False,True,2015-2021,2021-04-22,"[""financial_bad""]",2021-04-21,801082.SI,600110.SH
801203.SI,True,2020-04-29,True,False,False,True,2015-2021,2021-04-23,"[""financial_bad""]",2021-04-22,801156.SI,000516.SZ
801056.SI,False,2020-04-29,True,False,False,True,2015-2021,2021-04-23,"[""financial_bad""]",2021-04-22,801056.SI,002466.SZ
801129.SI,False,2020-04-24,False,False,True,True,2015-2021,2021-04-23,"[""st""]",2021-04-22,801129.SI,002650.SZ
801082.SI,False,2020-04-29,True,False,False,True,2015-2021,2021-04-23,"[""financial_bad""]",2021-04-22,801082.SI,600110.SH
801203.SI,True,2020-04-29,True,False,False,True,2015-2021,2021-04-26,"[""financial_bad""]",2021-04-23,801156.SI,000516.SZ
801056.SI,False,2020-04-29,True,False,False,True,2015-2021,2021-04-26,"[""financial_bad""]",2021-04-23,801056.SI,002466.SZ
801129.SI,False,2020-04-24,False,False,True,True,2015-2021,2021-04-26,"[""st""]",2021-04-23,801129.SI,002650.SZ
801082.SI,False,2020-04-29,True,False,False,True,2015-2021,2021-04-26,"[""financial_bad""]",2021-04-23,801082.SI,600110.SH
801203.SI,True,2020-04-29,True,False,False,True,2015-2021,2021-04-27,"[""financial_bad""]",2021-04-26,801156.SI,000516.SZ
801056.SI,False,2020-04-29,True,False,False,True,2015-2021,2021-04-27,"[""financial_bad""]",2021-04-26,801056.SI,002466.SZ
801129.SI,False,2020-04-24,False,False,True,True,2015-2021,2021-04-27,"[""st""]",2021-04-26,801129.SI,002650.SZ
801203.SI,True,2020-04-29,True,False,False,True,2015-2021,2021-04-28,"[""financial_bad""]",2021-04-27,801156.SI,000516.SZ
801056.SI,False,2020-04-29,True,False,False,True,2015-2021,2021-04-28,"[""financial_bad""]",2021-04-27,801056.SI,002466.SZ
801129.SI,False,2020-04-24,False,False,True,True,2015-2021,2021-04-28,"[""st""]",2021-04-27,801129.SI,002650.SZ
801203.SI,True,2020-04-29,True,False,False,True,2015-2021,2021-04-29,"[""financial_bad""]",2021-04-28,801156.SI,000516.SZ
801056.SI,False,2021-04-28,True,False,False,True,2015-2021,2021-04-29,"[""financial_bad""]",2021-04-28,801056.SI,002466.SZ
801129.SI,False,2020-04-24,False,False,True,True,2015-2021,2021-04-29,"[""st""]",2021-04-28,801129.SI,002650.SZ
801033.SI,True,2021-03-30,True,False,False,True,2015-2021,2021-05-17,"[""financial_bad""]",2021-05-14,801033.SI,000822.SZ
801129.SI,False,2021-04-29,False,False,True,True,2015-2021,2021-05-17,"[""st""]",2021-05-14,801129.SI,002650.SZ
801033.SI,True,2021-03-30,True,False,False,True,2015-2021,2021-05-18,"[""financial_bad""]",2021-05-17,801033.SI,000822.SZ
801129.SI,False,2021-04-29,False,False,True,True,2015-2021,2021-05-18,"[""st""]",2021-05-17,801129.SI,002650.SZ
801033.SI,True,2021-03-30,True,False,False,True,2015-2021,2021-05-19,"[""financial_bad""]",2021-05-18,801033.SI,000822.SZ
801129.SI,False,2021-04-29,False,False,True,True,2015-2021,2021-05-19,"[""st""]",2021-05-18,801129.SI,002650.SZ
801033.SI,True,2021-03-30,True,False,False,True,2015-2021,2021-05-20,"[""financial_bad""]",2021-05-19,801033.SI,000822.SZ
801129.SI,False,2021-04-29,False,False,True,True,2015-2021,2021-05-20,"[""st""]",2021-05-19,801129.SI,002650.SZ
801033.SI,True,2021-03-30,True,False,False,True,2015-2021,2021-05-21,"[""financial_bad""]",2021-05-20,801033.SI,000822.SZ
801129.SI,False,2021-04-29,False,False,True,True,2015-2021,2021-05-21,"[""st""]",2021-05-20,801129.SI,002650.SZ
801033.SI,True,2021-03-30,True,False,False,True,2015-2021,2021-05-24,"[""financial_bad""]",2021-05-21,801033.SI,000822.SZ
801161.SI,True,2021-03-31,True,False,False,True,2015-2021,2021-05-24,"[""financial_bad""]",2021-05-21,801161.SI,000993.SZ
801129.SI,False,2021-04-29,False,False,True,True,2015-2021,2021-05-24,"[""st""]",2021-05-21,801129.SI,002650.SZ
801056.SI,True,2021-04-21,True,False,False,True,2015-2021,2021-05-25,"[""financial_bad""]",2021-05-24,801056.SI,000762.SZ
801033.SI,True,2021-03-30,True,False,False,True,2015-2021,2021-05-25,"[""financial_bad""]",2021-05-24,801033.SI,000822.SZ
801129.SI,False,2021-04-29,False,False,True,True,2015-2021,2021-05-25,"[""st""]",2021-05-24,801129.SI,002650.SZ
801034.SI,True,2021-04-28,True,False,False,True,2015-2021,2021-05-25,"[""financial_bad""]",2021-05-24,801034.SI,300769.SZ
801033.SI,True,2021-03-30,True,False,False,True,2015-2021,2021-05-26,"[""financial_bad""]",2021-05-25,801033.SI,000822.SZ
801129.SI,True,2021-04-29,False,False,True,True,2015-2021,2021-05-26,"[""st""]",2021-05-25,801129.SI,002650.SZ
801034.SI,True,2021-04-28,True,False,False,True,2015-2021,2021-05-26,"[""financial_bad""]",2021-05-25,801034.SI,300769.SZ
801033.SI,True,2021-03-30,True,False,False,True,2015-2021,2021-05-27,"[""financial_bad""]",2021-05-26,801033.SI,000822.SZ
801129.SI,True,2021-04-29,False,False,True,True,2015-2021,2021-05-27,"[""st""]",2021-05-26,801129.SI,002650.SZ
801034.SI,True,2021-04-28,True,False,False,True,2015-2021,2021-05-27,"[""financial_bad""]",2021-05-26,801034.SI,300769.SZ
801033.SI,True,2021-03-30,True,False,False,True,2015-2021,2021-05-28,"[""financial_bad""]",2021-05-27,801033.SI,000822.SZ
801161.SI,True,2021-03-31,True,False,False,True,2015-2021,2021-05-28,"[""financial_bad""]",2021-05-27,801161.SI,000993.SZ
801129.SI,True,2021-04-29,False,False,True,True,2015-2021,2021-05-28,"[""st""]",2021-05-27,801129.SI,002650.SZ
801034.SI,True,2021-04-28,True,False,False,True,2015-2021,2021-05-28,"[""financial_bad""]",2021-05-27,801034.SI,300769.SZ
801129.SI,True,2021-04-29,False,False,True,True,2015-2021,2021-05-31,"[""st""]",2021-05-28,801129.SI,002650.SZ
801034.SI,True,2021-04-28,True,False,False,True,2015-2021,2021-05-31,"[""financial_bad""]",2021-05-28,801034.SI,300769.SZ
801179.SI,True,2021-04-30,True,False,False,True,2015-2021,2021-05-31,"[""financial_bad""]",2021-05-28,801179.SI,601021.SH
801129.SI,True,2021-04-29,False,False,True,True,2015-2021,2021-06-01,"[""st""]",2021-05-31,801129.SI,002650.SZ
801126.SI,True,2021-04-27,True,False,False,True,2015-2021,2021-06-02,"[""financial_bad""]",2021-06-01,801126.SI,002646.SZ
801129.SI,True,2021-04-29,False,False,True,True,2015-2021,2021-06-02,"[""st""]",2021-06-01,801129.SI,002650.SZ
801034.SI,True,2021-04-28,True,False,False,True,2015-2021,2021-06-02,"[""financial_bad""]",2021-06-01,801034.SI,300769.SZ
801126.SI,True,2021-04-27,True,False,False,True,2015-2021,2021-06-03,"[""financial_bad""]",2021-06-02,801126.SI,002646.SZ
801129.SI,True,2021-04-29,False,False,True,True,2015-2021,2021-06-03,"[""st""]",2021-06-02,801129.SI,002650.SZ
801737.SI,True,2021-04-28,True,False,False,True,2015-2021,2021-06-03,"[""financial_bad""]",2021-06-02,801737.SI,002759.SZ
801034.SI,True,2021-04-28,True,False,False,True,2015-2021,2021-06-03,"[""financial_bad""]",2021-06-02,801034.SI,300769.SZ
801161.SI,True,2021-03-31,True,False,False,True,2015-2021,2021-06-04,"[""financial_bad""]",2021-06-03,801161.SI,000993.SZ
801126.SI,True,2021-04-27,True,False,False,True,2015-2021,2021-06-04,"[""financial_bad""]",2021-06-03,801126.SI,002646.SZ
801129.SI,True,2021-04-29,False,False,True,True,2015-2021,2021-06-04,"[""st""]",2021-06-03,801129.SI,002650.SZ
801034.SI,True,2021-04-28,True,False,False,True,2015-2021,2021-06-04,"[""financial_bad""]",2021-06-03,801034.SI,300769.SZ
801161.SI,True,2021-03-31,True,False,False,True,2015-2021,2021-06-07,"[""financial_bad""]",2021-06-04,801161.SI,000993.SZ
801126.SI,True,2021-04-27,True,False,False,True,2015-2021,2021-06-07,"[""financial_bad""]",2021-06-04,801126.SI,002646.SZ
801129.SI,True,2021-04-29,False,False,True,True,2015-2021,2021-06-07,"[""st""]",2021-06-04,801129.SI,002650.SZ
801161.SI,True,2021-03-31,True,False,False,True,2015-2021,2021-06-08,"[""financial_bad""]",2021-06-07,801161.SI,000993.SZ
801034.SI,True,2021-04-28,True,False,False,True,2015-2021,2021-06-08,"[""financial_bad""]",2021-06-07,801034.SI,300769.SZ
801056.SI,True,2021-04-21,True,False,False,True,2015-2021,2021-06-09,"[""financial_bad""]",2021-06-08,801056.SI,000762.SZ
801161.SI,True,2021-03-31,True,False,False,True,2015-2021,2021-06-09,"[""financial_bad""]",2021-06-08,801161.SI,000993.SZ
801126.SI,True,2021-04-27,True,False,False,True,2015-2021,2021-06-09,"[""financial_bad""]",2021-06-08,801126.SI,002646.SZ
801034.SI,True,2021-04-28,True,False,False,True,2015-2021,2021-06-09,"[""financial_bad""]",2021-06-08,801034.SI,300769.SZ
801056.SI,True,2021-04-21,True,False,False,True,2015-2021,2021-06-10,"[""financial_bad""]",2021-06-09,801056.SI,000762.SZ
801161.SI,True,2021-03-31,True,False,False,True,2015-2021,2021-06-10,"[""financial_bad""]",2021-06-09,801161.SI,000993.SZ
801126.SI,True,2021-04-27,True,False,False,True,2015-2021,2021-06-10,"[""financial_bad""]",2021-06-09,801126.SI,002646.SZ
801034.SI,True,2021-04-28,True,False,False,True,2015-2021,2021-06-10,"[""financial_bad""]",2021-06-09,801034.SI,300769.SZ
801202.SI,False,2021-04-13,False,False,False,False,2015-2021,2021-06-11,"[""membership_missing""]",2021-06-10,,000408.SZ
801161.SI,True,2021-03-31,True,False,False,True,2015-2021,2021-06-11,"[""financial_bad""]",2021-06-10,801161.SI,000993.SZ
801126.SI,True,2021-04-27,True,False,False,True,2015-2021,2021-06-11,"[""financial_bad""]",2021-06-10,801126.SI,002646.SZ
801034.SI,True,2021-04-28,True,False,False,True,2015-2021,2021-06-11,"[""financial_bad""]",2021-06-10,801034.SI,300769.SZ
801202.SI,False,2021-04-13,False,False,False,False,2015-2021,2021-06-15,"[""membership_missing""]",2021-06-11,,000408.SZ
801056.SI,True,2021-04-21,True,False,False,True,2015-2021,2021-06-15,"[""financial_bad""]",2021-06-11,801056.SI,000762.SZ
801161.SI,True,2021-03-31,True,False,False,True,2015-2021,2021-06-15,"[""financial_bad""]",2021-06-11,801161.SI,000993.SZ
801126.SI,True,2021-04-27,True,False,False,True,2015-2021,2021-06-15,"[""financial_bad""]",2021-06-11,801126.SI,002646.SZ
801034.SI,True,2021-04-28,True,False,False,True,2015-2021,2021-06-15,"[""financial_bad""]",2021-06-11,801034.SI,300769.SZ
801202.SI,False,2021-04-13,False,False,False,False,2015-2021,2021-06-16,"[""membership_missing""]",2021-06-15,,000408.SZ
801056.SI,True,2021-04-21,True,False,False,True,2015-2021,2021-06-16,"[""financial_bad""]",2021-06-15,801056.SI,000762.SZ
801161.SI,True,2021-03-31,True,False,False,True,2015-2021,2021-06-16,"[""financial_bad""]",2021-06-15,801161.SI,000993.SZ
801126.SI,True,2021-04-27,True,False,False,True,2015-2021,2021-06-16,"[""financial_bad""]",2021-06-15,801126.SI,002646.SZ
801034.SI,True,2021-04-28,True,False,False,True,2015-2021,2021-06-16,"[""financial_bad""]",2021-06-15,801034.SI,300769.SZ
801056.SI,True,2021-04-21,True,False,False,True,2015-2021,2021-06-17,"[""financial_bad""]",2021-06-16,801056.SI,000762.SZ
801737.SI,True,2021-04-28,True,False,False,True,2015-2021,2021-06-17,"[""financial_bad""]",2021-06-16,801737.SI,002759.SZ
801202.SI,False,2021-04-13,False,False,False,False,2015-2021,2021-06-18,"[""membership_missing""]",2021-06-17,,000408.SZ
801056.SI,True,2021-04-21,True,False,False,True,2015-2021,2021-06-18,"[""financial_bad""]",2021-06-17,801056.SI,000762.SZ
801126.SI,True,2021-04-27,True,False,False,True,2015-2021,2021-06-18,"[""financial_bad""]",2021-06-17,801126.SI,002646.SZ
801737.SI,True,2021-04-28,True,False,False,True,2015-2021,2021-06-18,"[""financial_bad""]",2021-06-17,801737.SI,002759.SZ
801034.SI,True,2021-04-28,True,False,False,True,2015-2021,2021-06-18,"[""financial_bad""]",2021-06-17,801034.SI,300769.SZ
801202.SI,False,2021-04-13,False,False,False,False,2015-2021,2021-06-21,"[""membership_missing""]",2021-06-18,,000408.SZ
801056.SI,True,2021-04-21,True,False,False,True,2015-2021,2021-06-21,"[""financial_bad""]",2021-06-18,801056.SI,000762.SZ
801126.SI,True,2021-04-27,True,False,False,True,2015-2021,2021-06-21,"[""financial_bad""]",2021-06-18,801126.SI,002646.SZ
801737.SI,True,2021-04-28,True,False,False,True,2015-2021,2021-06-21,"[""financial_bad""]",2021-06-18,801737.SI,002759.SZ
801103.SI,True,2021-04-24,True,False,False,True,2015-2021,2021-06-21,"[""financial_bad""]",2021-06-18,801103.SI,300287.SZ
801034.SI,True,2021-04-28,True,False,False,True,2015-2021,2021-06-21,"[""financial_bad""]",2021-06-18,801034.SI,300769.SZ
801056.SI,True,2021-04-21,True,False,False,True,2015-2021,2021-06-22,"[""financial_bad""]",2021-06-21,801056.SI,000762.SZ
801161.SI,True,2021-03-31,True,False,False,True,2015-2021,2021-06-22,"[""financial_bad""]",2021-06-21,801161.SI,000993.SZ
801126.SI,True,2021-04-27,True,False,False,True,2015-2021,2021-06-22,"[""financial_bad""]",2021-06-21,801126.SI,002646.SZ
801737.SI,True,2021-04-28,True,False,False,True,2015-2021,2021-06-22,"[""financial_bad""]",2021-06-21,801737.SI,002759.SZ
801103.SI,True,2021-04-24,True,False,False,True,2015-2021,2021-06-22,"[""financial_bad""]",2021-06-21,801103.SI,300287.SZ
801034.SI,True,2021-04-28,True,False,False,True,2015-2021,2021-06-22,"[""financial_bad""]",2021-06-21,801034.SI,300769.SZ
801056.SI,True,2021-04-21,True,False,False,True,2015-2021,2021-06-23,"[""financial_bad""]",2021-06-22,801056.SI,000762.SZ
801161.SI,True,2021-03-31,True,False,False,True,2015-2021,2021-06-23,"[""financial_bad""]",2021-06-22,801161.SI,000993.SZ
801126.SI,True,2021-04-27,True,False,False,True,2015-2021,2021-06-23,"[""financial_bad""]",2021-06-22,801126.SI,002646.SZ
801034.SI,True,2021-04-28,True,False,False,True,2015-2021,2021-06-23,"[""financial_bad""]",2021-06-22,801034.SI,300769.SZ
801033.SI,True,2021-03-30,True,False,False,True,2015-2021,2021-06-24,"[""financial_bad""]",2021-06-23,801033.SI,000822.SZ
801161.SI,True,2021-03-31,True,False,False,True,2015-2021,2021-06-24,"[""financial_bad""]",2021-06-23,801161.SI,000993.SZ
801034.SI,True,2021-04-28,True,False,False,True,2015-2021,2021-06-24,"[""financial_bad""]",2021-06-23,801034.SI,300769.SZ
801033.SI,True,2021-03-30,True,False,False,True,2015-2021,2021-06-25,"[""financial_bad""]",2021-06-24,801033.SI,000822.SZ
801161.SI,True,2021-03-31,True,False,False,True,2015-2021,2021-06-25,"[""financial_bad""]",2021-06-24,801161.SI,000993.SZ
801034.SI,True,2021-04-28,True,False,False,True,2015-2021,2021-06-25,"[""financial_bad""]",2021-06-24,801034.SI,300769.SZ
801161.SI,True,2021-03-31,True,False,False,True,2015-2021,2021-06-28,"[""financial_bad""]",2021-06-25,801161.SI,000993.SZ
801034.SI,True,2021-04-28,True,False,False,True,2015-2021,2021-06-28,"[""financial_bad""]",2021-06-25,801034.SI,300769.SZ
801161.SI,True,2021-03-31,True,False,False,True,2015-2021,2021-06-29,"[""financial_bad""]",2021-06-28,801161.SI,000993.SZ
801034.SI,True,2021-04-28,True,False,False,True,2015-2021,2021-06-29,"[""financial_bad""]",2021-06-28,801034.SI,300769.SZ
801202.SI,False,2021-04-13,False,False,False,False,2015-2021,2021-06-30,"[""membership_missing""]",2021-06-29,,000408.SZ
801161.SI,True,2021-03-31,True,False,False,True,2015-2021,2021-06-30,"[""financial_bad""]",2021-06-29,801161.SI,000993.SZ
801034.SI,True,2021-04-28,True,False,False,True,2015-2021,2021-06-30,"[""financial_bad""]",2021-06-29,801034.SI,300769.SZ
801202.SI,False,2021-04-13,False,False,False,False,2015-2021,2021-07-01,"[""membership_missing""]",2021-06-30,,000408.SZ
801161.SI,True,2021-03-31,True,False,False,True,2015-2021,2021-07-01,"[""financial_bad""]",2021-06-30,801161.SI,000993.SZ
801034.SI,True,2021-04-28,True,False,False,True,2015-2021,2021-07-01,"[""financial_bad""]",2021-06-30,801034.SI,300769.SZ
801034.SI,True,2021-04-28,True,False,False,True,2015-2021,2021-07-02,"[""financial_bad""]",2021-07-01,801034.SI,300769.SZ
801161.SI,True,2021-03-31,True,False,False,True,2015-2021,2021-07-05,"[""financial_bad""]",2021-07-02,801161.SI,000993.SZ
801034.SI,True,2021-04-28,True,False,False,True,2015-2021,2021-07-05,"[""financial_bad""]",2021-07-02,801034.SI,300769.SZ
801161.SI,True,2021-03-31,True,False,False,True,2015-2021,2021-07-06,"[""financial_bad""]",2021-07-05,801161.SI,000993.SZ
801034.SI,True,2021-04-28,True,False,False,True,2015-2021,2021-07-06,"[""financial_bad""]",2021-07-05,801034.SI,300769.SZ
801161.SI,True,2021-03-31,True,False,False,True,2015-2021,2021-07-07,"[""financial_bad""]",2021-07-06,801161.SI,000993.SZ
801034.SI,True,2021-04-28,True,False,False,True,2015-2021,2021-07-07,"[""financial_bad""]",2021-07-06,801034.SI,300769.SZ
801161.SI,True,2021-03-31,True,False,False,True,2015-2021,2021-07-08,"[""financial_bad""]",2021-07-07,801161.SI,000993.SZ
801161.SI,True,2021-03-31,True,False,False,True,2015-2021,2021-07-09,"[""financial_bad""]",2021-07-08,801161.SI,000993.SZ
801161.SI,True,2021-03-31,True,False,False,True,2015-2021,2021-07-12,"[""financial_bad""]",2021-07-09,801161.SI,000993.SZ
801161.SI,True,2021-03-31,True,False,False,True,2015-2021,2021-07-13,"[""financial_bad""]",2021-07-12,801161.SI,000993.SZ
801095.SI,True,2021-04-30,True,False,False,True,2015-2021,2021-07-15,"[""financial_bad""]",2021-07-14,801095.SI,600733.SH
801161.SI,True,2021-03-31,True,False,False,True,2015-2021,2021-07-16,"[""financial_bad""]",2021-07-15,801161.SI,000993.SZ
801126.SI,True,2021-04-27,True,False,False,True,2015-2021,2021-07-16,"[""financial_bad""]",2021-07-15,801126.SI,002646.SZ
801095.SI,True,2021-04-30,True,False,False,True,2015-2021,2021-07-16,"[""financial_bad""]",2021-07-15,801095.SI,600733.SH
801161.SI,True,2021-03-31,True,False,False,True,2015-2021,2021-07-19,"[""financial_bad""]",2021-07-16,801161.SI,000993.SZ
801126.SI,True,2021-04-27,True,False,False,True,2015-2021,2021-07-19,"[""financial_bad""]",2021-07-16,801126.SI,002646.SZ
801095.SI,True,2021-04-30,True,False,False,True,2015-2021,2021-07-19,"[""financial_bad""]",2021-07-16,801095.SI,600733.SH
801161.SI,True,2021-03-31,True,False,False,True,2015-2021,2021-07-20,"[""financial_bad""]",2021-07-19,801161.SI,000993.SZ
801126.SI,True,2021-04-27,True,False,False,True,2015-2021,2021-07-20,"[""financial_bad""]",2021-07-19,801126.SI,002646.SZ
801095.SI,True,2021-04-30,True,False,False,True,2015-2021,2021-07-20,"[""financial_bad""]",2021-07-19,801095.SI,600733.SH
801161.SI,True,2021-03-31,True,False,False,True,2015-2021,2021-07-26,"[""financial_bad""]",2021-07-23,801161.SI,000993.SZ
801126.SI,True,2021-04-27,True,False,False,True,2015-2021,2021-07-26,"[""financial_bad""]",2021-07-23,801126.SI,002646.SZ
801074.SI,True,2021-04-13,True,False,False,True,2015-2021,2021-07-26,"[""financial_bad""]",2021-07-23,801074.SI,300471.SZ
801161.SI,True,2021-03-31,True,False,False,True,2015-2021,2021-07-27,"[""financial_bad""]",2021-07-26,801161.SI,000993.SZ
801095.SI,True,2021-04-30,True,False,False,True,2015-2021,2021-07-27,"[""financial_bad""]",2021-07-26,801095.SI,600733.SH
801161.SI,True,2021-03-31,True,False,False,True,2015-2021,2021-08-06,"[""financial_bad""]",2021-08-05,801161.SI,000993.SZ
801151.SI,True,2021-03-31,True,False,False,True,2015-2021,2021-08-06,"[""financial_bad""]",2021-08-05,801151.SI,300006.SZ
801095.SI,True,2021-04-30,True,False,False,True,2015-2021,2021-08-06,"[""financial_bad""]",2021-08-05,801095.SI,600733.SH
801161.SI,True,2021-03-31,True,False,False,True,2015-2021,2021-08-09,"[""financial_bad""]",2021-08-06,801161.SI,000993.SZ
801095.SI,True,2021-04-30,True,False,False,True,2015-2021,2021-08-09,"[""financial_bad""]",2021-08-06,801095.SI,600733.SH
801161.SI,True,2021-03-31,True,False,False,True,2015-2021,2021-08-10,"[""financial_bad""]",2021-08-09,801161.SI,000993.SZ
801095.SI,True,2021-04-30,True,False,False,True,2015-2021,2021-08-10,"[""financial_bad""]",2021-08-09,801095.SI,600733.SH
801161.SI,True,2021-03-31,True,False,False,True,2015-2021,2021-08-11,"[""financial_bad""]",2021-08-10,801161.SI,000993.SZ
801095.SI,True,2021-04-30,True,False,False,True,2015-2021,2021-08-11,"[""financial_bad""]",2021-08-10,801095.SI,600733.SH
801161.SI,True,2021-03-31,True,False,False,True,2015-2021,2021-08-12,"[""financial_bad""]",2021-08-11,801161.SI,000993.SZ
801095.SI,True,2021-04-30,True,False,False,True,2015-2021,2021-08-12,"[""financial_bad""]",2021-08-11,801095.SI,600733.SH
801161.SI,True,2021-03-31,True,False,False,True,2015-2021,2021-08-13,"[""financial_bad""]",2021-08-12,801161.SI,000993.SZ
801161.SI,True,2021-03-31,True,False,False,True,2015-2021,2021-08-16,"[""financial_bad""]",2021-08-13,801161.SI,000993.SZ
801078.SI,True,2021-04-20,True,False,False,True,2015-2021,2021-08-16,"[""financial_bad""]",2021-08-13,801078.SI,300048.SZ
801012.SI,False,2021-04-09,False,False,False,False,2015-2021,2021-08-16,"[""membership_missing""]",2021-08-13,,600873.SH
801161.SI,True,2021-03-31,True,False,False,True,2015-2021,2021-08-17,"[""financial_bad""]",2021-08-16,801161.SI,000993.SZ
801078.SI,True,2021-04-20,True,False,False,True,2015-2021,2021-08-17,"[""financial_bad""]",2021-08-16,801078.SI,300048.SZ
801095.SI,True,2021-04-30,True,False,False,True,2015-2021,2021-08-17,"[""financial_bad""]",2021-08-16,801095.SI,600733.SH
801012.SI,False,2021-04-09,False,False,False,False,2015-2021,2021-08-17,"[""membership_missing""]",2021-08-16,,600873.SH
801161.SI,True,2021-03-31,True,False,False,True,2015-2021,2021-08-18,"[""financial_bad""]",2021-08-17,801161.SI,000993.SZ
801151.SI,True,2021-03-31,True,False,False,True,2015-2021,2021-08-18,"[""financial_bad""]",2021-08-17,801151.SI,300006.SZ
801095.SI,True,2021-04-30,True,False,False,True,2015-2021,2021-08-18,"[""financial_bad""]",2021-08-17,801095.SI,600733.SH
801151.SI,True,2021-03-31,True,False,False,True,2015-2021,2021-08-19,"[""financial_bad""]",2021-08-18,801151.SI,300006.SZ
801095.SI,True,2021-04-30,True,False,False,True,2015-2021,2021-08-19,"[""financial_bad""]",2021-08-18,801095.SI,600733.SH
801151.SI,True,2021-03-31,True,False,False,True,2015-2021,2021-08-20,"[""financial_bad""]",2021-08-19,801151.SI,300006.SZ
801095.SI,True,2021-04-30,True,False,False,True,2015-2021,2021-08-20,"[""financial_bad""]",2021-08-19,801095.SI,600733.SH
801151.SI,True,2021-03-31,True,False,False,True,2015-2021,2021-08-23,"[""financial_bad""]",2021-08-20,801151.SI,300006.SZ
801095.SI,True,2021-04-30,True,False,False,True,2015-2021,2021-08-23,"[""financial_bad""]",2021-08-20,801095.SI,600733.SH
801151.SI,True,2021-03-31,True,False,False,True,2015-2021,2021-08-24,"[""financial_bad""]",2021-08-23,801151.SI,300006.SZ
801095.SI,True,2021-04-30,True,False,False,True,2015-2021,2021-08-24,"[""financial_bad""]",2021-08-23,801095.SI,600733.SH
801151.SI,True,2021-03-31,True,False,False,True,2015-2021,2021-08-25,"[""financial_bad""]",2021-08-24,801151.SI,300006.SZ
801095.SI,True,2021-04-30,True,False,False,True,2015-2021,2021-08-25,"[""financial_bad""]",2021-08-24,801095.SI,600733.SH
801012.SI,False,2021-04-09,False,False,False,False,2015-2021,2021-08-25,"[""membership_missing""]",2021-08-24,,600873.SH
801151.SI,True,2021-03-31,True,False,False,True,2015-2021,2021-08-26,"[""financial_bad""]",2021-08-25,801151.SI,300006.SZ
801078.SI,True,2021-04-20,True,False,False,True,2015-2021,2021-08-26,"[""financial_bad""]",2021-08-25,801078.SI,300048.SZ
801095.SI,True,2021-04-30,True,False,False,True,2015-2021,2021-08-26,"[""financial_bad""]",2021-08-25,801095.SI,600733.SH
801012.SI,False,2021-04-09,False,False,False,False,2015-2021,2021-08-26,"[""membership_missing""]",2021-08-25,,600873.SH
801151.SI,True,2021-03-31,True,False,False,True,2015-2021,2021-08-27,"[""financial_bad""]",2021-08-26,801151.SI,300006.SZ
801078.SI,True,2021-04-20,True,False,False,True,2015-2021,2021-08-27,"[""financial_bad""]",2021-08-26,801078.SI,300048.SZ
801095.SI,True,2021-04-30,True,False,False,True,2015-2021,2021-08-27,"[""financial_bad""]",2021-08-26,801095.SI,600733.SH
801033.SI,True,2021-04-29,True,False,False,True,2015-2021,2021-08-30,"[""financial_bad""]",2021-08-27,801033.SI,000545.SZ
801078.SI,True,2021-04-20,True,False,False,True,2015-2021,2021-08-30,"[""financial_bad""]",2021-08-27,801078.SI,300048.SZ
801095.SI,True,2021-04-30,True,False,False,True,2015-2021,2021-08-30,"[""financial_bad""]",2021-08-27,801095.SI,600733.SH
801161.SI,True,2021-03-31,True,False,False,True,2015-2021,2021-08-31,"[""financial_bad""]",2021-08-30,801161.SI,000993.SZ
801078.SI,True,2021-04-20,True,False,False,True,2015-2021,2021-08-31,"[""financial_bad""]",2021-08-30,801078.SI,300048.SZ
801095.SI,True,2021-04-30,True,False,False,True,2015-2021,2021-08-31,"[""financial_bad""]",2021-08-30,801095.SI,600733.SH
801151.SI,True,2021-03-31,True,False,False,True,2015-2021,2021-09-01,"[""financial_bad""]",2021-08-31,801151.SI,300006.SZ
801095.SI,True,2021-04-30,True,False,False,True,2015-2021,2021-09-01,"[""financial_bad""]",2021-08-31,801095.SI,600733.SH
801161.SI,True,2021-03-31,True,False,False,True,2015-2021,2021-09-02,"[""financial_bad""]",2021-09-01,801161.SI,000993.SZ
801151.SI,True,2021-03-31,True,False,False,True,2015-2021,2021-09-02,"[""financial_bad""]",2021-09-01,801151.SI,300006.SZ
801095.SI,True,2021-04-30,True,False,False,True,2015-2021,2021-09-02,"[""financial_bad""]",2021-09-01,801095.SI,600733.SH
801012.SI,False,2021-04-09,False,False,False,False,2015-2021,2021-09-02,"[""membership_missing""]",2021-09-01,,600873.SH
801033.SI,True,2021-04-29,True,False,False,True,2015-2021,2021-09-03,"[""financial_bad""]",2021-09-02,801033.SI,000545.SZ
801161.SI,True,2021-03-31,True,False,False,True,2015-2021,2021-09-03,"[""financial_bad""]",2021-09-02,801161.SI,000993.SZ
801151.SI,True,2021-03-31,True,False,False,True,2015-2021,2021-09-03,"[""financial_bad""]",2021-09-02,801151.SI,300006.SZ
801078.SI,True,2021-04-20,True,False,False,True,2015-2021,2021-09-03,"[""financial_bad""]",2021-09-02,801078.SI,300048.SZ
801161.SI,True,2021-03-31,True,False,False,True,2015-2021,2021-09-06,"[""financial_bad""]",2021-09-03,801161.SI,000993.SZ
801151.SI,True,2021-03-31,True,False,False,True,2015-2021,2021-09-06,"[""financial_bad""]",2021-09-03,801151.SI,300006.SZ
801095.SI,True,2021-04-30,True,False,False,True,2015-2021,2021-09-06,"[""financial_bad""]",2021-09-03,801095.SI,600733.SH
801012.SI,False,2021-04-09,False,False,False,False,2015-2021,2021-09-06,"[""membership_missing""]",2021-09-03,,600873.SH
801161.SI,True,2021-03-31,True,False,False,True,2015-2021,2021-09-07,"[""financial_bad""]",2021-09-06,801161.SI,000993.SZ
801151.SI,True,2021-03-31,True,False,False,True,2015-2021,2021-09-07,"[""financial_bad""]",2021-09-06,801151.SI,300006.SZ
801012.SI,False,2021-04-09,False,False,False,False,2015-2021,2021-09-07,"[""membership_missing""]",2021-09-06,,600873.SH
801161.SI,True,2021-03-31,True,False,False,True,2015-2021,2021-09-08,"[""financial_bad""]",2021-09-07,801161.SI,000993.SZ
801151.SI,True,2021-03-31,True,False,False,True,2015-2021,2021-09-08,"[""financial_bad""]",2021-09-07,801151.SI,300006.SZ
801012.SI,False,2021-04-09,False,False,False,False,2015-2021,2021-09-08,"[""membership_missing""]",2021-09-07,,600873.SH
801033.SI,True,2021-04-29,True,False,False,True,2015-2021,2021-09-09,"[""financial_bad""]",2021-09-08,801033.SI,000545.SZ
801161.SI,True,2021-03-31,True,False,False,True,2015-2021,2021-09-09,"[""financial_bad""]",2021-09-08,801161.SI,000993.SZ
801151.SI,True,2021-03-31,True,False,False,True,2015-2021,2021-09-09,"[""financial_bad""]",2021-09-08,801151.SI,300006.SZ
801033.SI,True,2021-04-29,True,False,False,True,2015-2021,2021-09-10,"[""financial_bad""]",2021-09-09,801033.SI,000545.SZ
801161.SI,True,2021-03-31,True,False,False,True,2015-2021,2021-09-10,"[""financial_bad""]",2021-09-09,801161.SI,000993.SZ
801012.SI,False,2021-04-09,False,False,False,False,2015-2021,2021-09-10,"[""membership_missing""]",2021-09-09,,600873.SH
801161.SI,True,2021-03-31,True,False,False,True,2015-2021,2021-09-13,"[""financial_bad""]",2021-09-10,801161.SI,000993.SZ
801012.SI,False,2021-04-09,False,False,False,False,2015-2021,2021-09-13,"[""membership_missing""]",2021-09-10,,600873.SH
801033.SI,True,2021-04-29,True,False,False,True,2015-2021,2021-09-14,"[""financial_bad""]",2021-09-13,801033.SI,000545.SZ
801161.SI,True,2021-03-31,True,False,False,True,2015-2021,2021-09-14,"[""financial_bad""]",2021-09-13,801161.SI,000993.SZ
801012.SI,False,2021-04-09,False,False,False,False,2015-2021,2021-09-14,"[""membership_missing""]",2021-09-13,,600873.SH
801161.SI,True,2021-03-31,True,False,False,True,2015-2021,2021-09-15,"[""financial_bad""]",2021-09-14,801161.SI,000993.SZ
801078.SI,True,2021-04-27,True,False,False,True,2015-2021,2021-09-15,"[""financial_bad""]",2021-09-14,801078.SI,300083.SZ
801012.SI,False,2021-04-09,False,False,False,False,2015-2021,2021-09-15,"[""membership_missing""]",2021-09-14,,600873.SH
801034.SI,False,2021-03-23,False,False,False,False,2015-2021,2021-09-15,"[""membership_missing""]",2021-09-14,,603010.SH
801161.SI,True,2021-03-31,True,False,False,True,2015-2021,2021-09-16,"[""financial_bad""]",2021-09-15,801161.SI,000993.SZ
801764.SI,False,2021-04-28,True,False,False,True,2015-2021,2021-09-16,"[""financial_bad""]",2021-09-15,801764.SI,300052.SZ
801012.SI,False,2021-04-09,False,False,False,False,2015-2021,2021-09-16,"[""membership_missing""]",2021-09-15,,600873.SH
801161.SI,True,2021-03-31,True,False,False,True,2015-2021,2021-09-17,"[""financial_bad""]",2021-09-16,801161.SI,000993.SZ
801012.SI,False,2021-04-09,False,False,False,False,2015-2021,2021-09-17,"[""membership_missing""]",2021-09-16,,600873.SH
801161.SI,True,2021-03-31,True,False,False,True,2015-2021,2021-09-22,"[""financial_bad""]",2021-09-17,801161.SI,000993.SZ
801764.SI,False,2021-04-28,True,False,False,True,2015-2021,2021-09-22,"[""financial_bad""]",2021-09-17,801764.SI,300052.SZ
801012.SI,False,2021-04-09,False,False,False,False,2015-2021,2021-09-22,"[""membership_missing""]",2021-09-17,,600873.SH
801033.SI,True,2021-04-29,True,False,False,True,2015-2021,2021-09-23,"[""financial_bad""]",2021-09-22,801033.SI,000545.SZ
801095.SI,True,2021-04-30,True,False,False,True,2015-2021,2021-09-23,"[""financial_bad""]",2021-09-22,801095.SI,600733.SH
801012.SI,False,2021-04-09,False,False,False,False,2015-2021,2021-09-23,"[""membership_missing""]",2021-09-22,,600873.SH
801033.SI,True,2021-04-29,True,False,False,True,2015-2021,2021-09-24,"[""financial_bad""]",2021-09-23,801033.SI,000545.SZ
801151.SI,True,2021-03-31,True,False,False,True,2015-2021,2021-09-24,"[""financial_bad""]",2021-09-23,801151.SI,300006.SZ
801095.SI,True,2021-04-30,True,False,False,True,2015-2021,2021-09-24,"[""financial_bad""]",2021-09-23,801095.SI,600733.SH
801033.SI,True,2021-04-29,True,False,False,True,2015-2021,2021-09-27,"[""financial_bad""]",2021-09-24,801033.SI,000545.SZ
801095.SI,True,2021-04-30,True,False,False,True,2015-2021,2021-09-27,"[""financial_bad""]",2021-09-24,801095.SI,600733.SH
801012.SI,False,2021-04-09,False,False,False,False,2015-2021,2021-09-27,"[""membership_missing""]",2021-09-24,,600873.SH
801151.SI,False,2021-04-28,False,False,False,False,2015-2021,2021-09-27,"[""membership_missing""]",2021-09-24,,603456.SH
801012.SI,False,2021-04-09,False,False,False,False,2015-2021,2021-09-28,"[""membership_missing""]",2021-09-27,,600873.SH
801034.SI,False,2021-03-23,False,False,False,False,2015-2021,2021-09-28,"[""membership_missing""]",2021-09-27,,603010.SH
801012.SI,False,2021-04-09,False,False,False,False,2015-2021,2021-09-29,"[""membership_missing""]",2021-09-28,,600873.SH
801034.SI,False,2021-03-23,False,False,False,False,2015-2021,2021-09-29,"[""membership_missing""]",2021-09-28,,603010.SH
801012.SI,False,2021-04-09,False,False,False,False,2015-2021,2021-09-30,"[""membership_missing""]",2021-09-29,,600873.SH
801034.SI,False,2021-03-23,False,False,False,False,2015-2021,2021-09-30,"[""membership_missing""]",2021-09-29,,603010.SH
801012.SI,False,2021-04-09,False,False,False,False,2015-2021,2021-10-14,"[""membership_missing""]",2021-10-13,,600873.SH
801012.SI,False,2021-04-09,False,False,False,False,2015-2021,2021-10-15,"[""membership_missing""]",2021-10-14,,600873.SH
801151.SI,False,2021-04-28,False,False,False,False,2015-2021,2021-10-15,"[""membership_missing""]",2021-10-14,,603456.SH
801151.SI,False,2021-04-28,False,False,False,False,2015-2021,2021-10-18,"[""membership_missing""]",2021-10-15,,603456.SH
801095.SI,True,2021-04-30,True,False,False,True,2015-2021,2021-11-10,"[""financial_bad""]",2021-11-09,801095.SI,600733.SH
801012.SI,False,2021-04-09,False,False,False,False,2015-2021,2021-11-10,"[""membership_missing""]",2021-11-09,,600873.SH
801034.SI,False,2021-03-23,False,False,False,False,2015-2021,2021-11-10,"[""membership_missing""]",2021-11-09,,603010.SH
801095.SI,True,2021-04-30,True,False,False,True,2015-2021,2021-11-11,"[""financial_bad""]",2021-11-10,801095.SI,600733.SH
801012.SI,False,2021-04-09,False,False,False,False,2015-2021,2021-11-11,"[""membership_missing""]",2021-11-10,,600873.SH
801034.SI,False,2021-03-23,False,False,False,False,2015-2021,2021-11-11,"[""membership_missing""]",2021-11-10,,603010.SH
801095.SI,True,2021-04-30,True,False,False,True,2015-2021,2021-11-12,"[""financial_bad""]",2021-11-11,801095.SI,600733.SH
801012.SI,False,2021-04-09,False,False,False,False,2015-2021,2021-11-12,"[""membership_missing""]",2021-11-11,,600873.SH
801151.SI,False,2021-04-28,False,False,False,False,2015-2021,2021-11-12,"[""membership_missing""]",2021-11-11,,603456.SH
801223.SI,True,2021-04-20,True,False,False,True,2015-2021,2021-11-15,"[""financial_bad""]",2021-11-12,801223.SI,300081.SZ
801095.SI,True,2021-04-30,True,False,False,True,2015-2021,2021-11-15,"[""financial_bad""]",2021-11-12,801095.SI,600733.SH
801012.SI,False,2021-04-09,False,False,False,False,2015-2021,2021-11-15,"[""membership_missing""]",2021-11-12,,600873.SH
801151.SI,False,2021-04-28,False,False,False,False,2015-2021,2021-11-15,"[""membership_missing""]",2021-11-12,,603456.SH
801078.SI,True,2021-04-20,True,False,False,True,2015-2021,2021-11-16,"[""financial_bad""]",2021-11-15,801078.SI,300048.SZ
801095.SI,True,2021-04-30,True,False,False,True,2015-2021,2021-11-16,"[""financial_bad""]",2021-11-15,801095.SI,600733.SH
801012.SI,False,2021-04-09,False,False,False,False,2015-2021,2021-11-16,"[""membership_missing""]",2021-11-15,,600873.SH
801034.SI,False,2021-03-23,False,False,False,False,2015-2021,2021-11-16,"[""membership_missing""]",2021-11-15,,603010.SH
801737.SI,True,2021-04-28,True,False,False,True,2015-2021,2021-11-17,"[""financial_bad""]",2021-11-16,801737.SI,002759.SZ
801078.SI,True,2021-04-20,True,False,False,True,2015-2021,2021-11-17,"[""financial_bad""]",2021-11-16,801078.SI,300048.SZ
801095.SI,True,2021-04-30,True,False,False,True,2015-2021,2021-11-17,"[""financial_bad""]",2021-11-16,801095.SI,600733.SH
801012.SI,False,2021-04-09,False,False,False,False,2015-2021,2021-11-17,"[""membership_missing""]",2021-11-16,,600873.SH
801034.SI,False,2021-03-23,False,False,False,False,2015-2021,2021-11-17,"[""membership_missing""]",2021-11-16,,603010.SH
801151.SI,False,2021-04-28,False,False,False,False,2015-2021,2021-11-17,"[""membership_missing""]",2021-11-16,,603456.SH
801737.SI,True,2021-04-28,True,False,False,True,2015-2021,2021-11-18,"[""financial_bad""]",2021-11-17,801737.SI,002759.SZ
801078.SI,True,2021-04-20,True,False,False,True,2015-2021,2021-11-18,"[""financial_bad""]",2021-11-17,801078.SI,300048.SZ
801223.SI,True,2021-04-20,True,False,False,True,2015-2021,2021-11-18,"[""financial_bad""]",2021-11-17,801223.SI,300081.SZ
801095.SI,True,2021-04-30,True,False,False,True,2015-2021,2021-11-18,"[""financial_bad""]",2021-11-17,801095.SI,600733.SH
801012.SI,False,2021-04-09,False,False,False,False,2015-2021,2021-11-18,"[""membership_missing""]",2021-11-17,,600873.SH
801034.SI,False,2021-03-23,False,False,False,False,2015-2021,2021-11-18,"[""membership_missing""]",2021-11-17,,603010.SH
801078.SI,True,2021-04-20,True,False,False,True,2015-2021,2021-11-19,"[""financial_bad""]",2021-11-18,801078.SI,300048.SZ
801095.SI,True,2021-04-30,True,False,False,True,2015-2021,2021-11-19,"[""financial_bad""]",2021-11-18,801095.SI,600733.SH
801012.SI,False,2021-04-09,False,False,False,False,2015-2021,2021-11-19,"[""membership_missing""]",2021-11-18,,600873.SH
801034.SI,False,2021-03-23,False,False,False,False,2015-2021,2021-11-19,"[""membership_missing""]",2021-11-18,,603010.SH
801151.SI,False,2021-04-28,False,False,False,False,2015-2021,2021-11-19,"[""membership_missing""]",2021-11-18,,603456.SH
801737.SI,True,2021-04-28,True,False,False,True,2015-2021,2021-11-22,"[""financial_bad""]",2021-11-19,801737.SI,002759.SZ
801078.SI,True,2021-04-20,True,False,False,True,2015-2021,2021-11-22,"[""financial_bad""]",2021-11-19,801078.SI,300048.SZ
801223.SI,True,2021-04-20,True,False,False,True,2015-2021,2021-11-22,"[""financial_bad""]",2021-11-19,801223.SI,300081.SZ
801095.SI,True,2021-04-30,True,False,False,True,2015-2021,2021-11-22,"[""financial_bad""]",2021-11-19,801095.SI,600733.SH
801012.SI,False,2021-04-09,False,False,False,False,2015-2021,2021-11-22,"[""membership_missing""]",2021-11-19,,600873.SH
801034.SI,False,2021-03-23,False,False,False,False,2015-2021,2021-11-22,"[""membership_missing""]",2021-11-19,,603010.SH
801151.SI,False,2021-04-28,False,False,False,False,2015-2021,2021-11-22,"[""membership_missing""]",2021-11-19,,603456.SH
801078.SI,True,2021-04-20,True,False,False,True,2015-2021,2021-11-23,"[""financial_bad""]",2021-11-22,801078.SI,300048.SZ
801012.SI,False,2021-04-09,False,False,False,False,2015-2021,2021-11-23,"[""membership_missing""]",2021-11-22,,600873.SH
801151.SI,False,2021-04-28,False,False,False,False,2015-2021,2021-11-23,"[""membership_missing""]",2021-11-22,,603456.SH
801078.SI,True,2021-04-20,True,False,False,True,2015-2021,2021-11-24,"[""financial_bad""]",2021-11-23,801078.SI,300048.SZ
801223.SI,True,2021-04-20,True,False,False,True,2015-2021,2021-11-24,"[""financial_bad""]",2021-11-23,801223.SI,300081.SZ
801012.SI,False,2021-04-09,False,False,False,False,2015-2021,2021-11-24,"[""membership_missing""]",2021-11-23,,600873.SH
801151.SI,False,2021-04-28,False,False,False,False,2015-2021,2021-11-24,"[""membership_missing""]",2021-11-23,,603456.SH
801737.SI,True,2021-04-28,True,False,False,True,2015-2021,2021-11-25,"[""financial_bad""]",2021-11-24,801737.SI,002759.SZ
801078.SI,True,2021-04-20,True,False,False,True,2015-2021,2021-11-25,"[""financial_bad""]",2021-11-24,801078.SI,300048.SZ
801095.SI,True,2021-04-30,True,False,False,True,2015-2021,2021-11-25,"[""financial_bad""]",2021-11-24,801095.SI,600733.SH
801012.SI,False,2021-04-09,False,False,False,False,2015-2021,2021-11-25,"[""membership_missing""]",2021-11-24,,600873.SH
801737.SI,True,2021-04-28,True,False,False,True,2015-2021,2021-11-26,"[""financial_bad""]",2021-11-25,801737.SI,002759.SZ
801078.SI,True,2021-04-20,True,False,False,True,2015-2021,2021-11-26,"[""financial_bad""]",2021-11-25,801078.SI,300048.SZ
801223.SI,True,2021-04-20,True,False,False,True,2015-2021,2021-11-26,"[""financial_bad""]",2021-11-25,801223.SI,300081.SZ
801095.SI,True,2021-04-30,True,False,False,True,2015-2021,2021-11-26,"[""financial_bad""]",2021-11-25,801095.SI,600733.SH
801737.SI,True,2021-04-28,True,False,False,True,2015-2021,2021-11-29,"[""financial_bad""]",2021-11-26,801737.SI,002759.SZ
801223.SI,True,2021-04-20,True,False,False,True,2015-2021,2021-11-29,"[""financial_bad""]",2021-11-26,801223.SI,300081.SZ
801095.SI,True,2021-04-30,True,False,False,True,2015-2021,2021-11-29,"[""financial_bad""]",2021-11-26,801095.SI,600733.SH
801223.SI,True,2021-04-20,True,False,False,True,2015-2021,2021-11-30,"[""financial_bad""]",2021-11-29,801223.SI,300081.SZ
801095.SI,True,2021-04-30,True,False,False,True,2015-2021,2021-11-30,"[""financial_bad""]",2021-11-29,801095.SI,600733.SH
801095.SI,True,2021-04-30,True,False,False,True,2015-2021,2021-12-01,"[""financial_bad""]",2021-11-30,801095.SI,600733.SH
801223.SI,True,2021-04-20,True,False,False,True,2015-2021,2021-12-02,"[""financial_bad""]",2021-12-01,801223.SI,300081.SZ
801095.SI,True,2021-04-30,True,False,False,True,2015-2021,2021-12-02,"[""financial_bad""]",2021-12-01,801095.SI,600733.SH
801095.SI,True,2021-04-30,True,False,False,True,2015-2021,2021-12-03,"[""financial_bad""]",2021-12-02,801095.SI,600733.SH
801095.SI,True,2021-04-30,True,False,False,True,2015-2021,2021-12-06,"[""financial_bad""]",2021-12-03,801095.SI,600733.SH
801737.SI,True,2021-04-28,True,False,False,True,2015-2021,2021-12-07,"[""financial_bad""]",2021-12-06,801737.SI,002759.SZ
801095.SI,True,2021-04-30,True,False,False,True,2015-2021,2021-12-07,"[""financial_bad""]",2021-12-06,801095.SI,600733.SH
801012.SI,False,2021-04-09,False,False,False,False,2015-2021,2021-12-07,"[""membership_missing""]",2021-12-06,,600873.SH
801737.SI,True,2021-04-28,True,False,False,True,2015-2021,2021-12-08,"[""financial_bad""]",2021-12-07,801737.SI,002759.SZ
801095.SI,False,2021-04-30,True,False,False,True,2015-2021,2021-12-08,"[""financial_bad""]",2021-12-07,801095.SI,600733.SH
801012.SI,False,2021-04-09,False,False,False,False,2015-2021,2021-12-08,"[""membership_missing""]",2021-12-07,,600873.SH
801151.SI,False,2021-04-28,False,False,False,False,2015-2021,2021-12-08,"[""membership_missing""]",2021-12-07,,603456.SH
801095.SI,False,2021-04-30,True,False,False,True,2015-2021,2021-12-09,"[""financial_bad""]",2021-12-08,801095.SI,600733.SH
801012.SI,False,2021-04-09,False,False,False,False,2015-2021,2021-12-09,"[""membership_missing""]",2021-12-08,,600873.SH
801095.SI,False,2021-04-30,True,False,False,True,2015-2021,2021-12-10,"[""financial_bad""]",2021-12-09,801095.SI,600733.SH
801012.SI,False,2021-04-09,False,False,False,False,2015-2021,2021-12-10,"[""membership_missing""]",2021-12-09,,600873.SH
801223.SI,True,2021-04-20,True,False,False,True,2015-2021,2021-12-13,"[""financial_bad""]",2021-12-10,801223.SI,300081.SZ
801095.SI,False,2021-04-30,True,False,False,True,2015-2021,2021-12-13,"[""financial_bad""]",2021-12-10,801095.SI,600733.SH
801012.SI,False,2021-04-09,False,False,False,False,2015-2021,2021-12-13,"[""membership_missing""]",2021-12-10,,600873.SH
801072.SI,True,2021-04-24,True,False,False,True,2015-2021,2021-12-14,"[""financial_bad""]",2021-12-13,801072.SI,002639.SZ
801095.SI,False,2021-04-30,True,False,False,True,2015-2021,2021-12-14,"[""financial_bad""]",2021-12-13,801095.SI,600733.SH
801012.SI,False,2021-04-09,False,False,False,False,2015-2021,2021-12-14,"[""membership_missing""]",2021-12-13,,600873.SH
801072.SI,True,2021-04-24,True,False,False,True,2015-2021,2021-12-15,"[""financial_bad""]",2021-12-14,801072.SI,002639.SZ
801737.SI,True,2021-04-28,True,False,False,True,2015-2021,2021-12-15,"[""financial_bad""]",2021-12-14,801737.SI,002759.SZ
801095.SI,False,2021-04-30,True,False,False,True,2015-2021,2021-12-15,"[""financial_bad""]",2021-12-14,801095.SI,600733.SH
801012.SI,False,2021-04-09,False,False,False,False,2015-2021,2021-12-15,"[""membership_missing""]",2021-12-14,,600873.SH
801737.SI,True,2021-04-28,True,False,False,True,2015-2021,2021-12-16,"[""financial_bad""]",2021-12-15,801737.SI,002759.SZ
801095.SI,False,2021-04-30,True,False,False,True,2015-2021,2021-12-16,"[""financial_bad""]",2021-12-15,801095.SI,600733.SH
801012.SI,False,2021-04-09,False,False,False,False,2015-2021,2021-12-16,"[""membership_missing""]",2021-12-15,,600873.SH
801151.SI,False,2021-04-28,False,False,False,False,2015-2021,2021-12-16,"[""membership_missing""]",2021-12-15,,603456.SH
801737.SI,True,2021-04-28,True,False,False,True,2015-2021,2021-12-17,"[""financial_bad""]",2021-12-16,801737.SI,002759.SZ
801095.SI,False,2021-04-30,True,False,False,True,2015-2021,2021-12-17,"[""financial_bad""]",2021-12-16,801095.SI,600733.SH
801012.SI,False,2021-04-09,False,False,False,False,2015-2021,2021-12-17,"[""membership_missing""]",2021-12-16,,600873.SH
801151.SI,False,2021-04-28,False,False,False,False,2015-2021,2021-12-17,"[""membership_missing""]",2021-12-16,,603456.SH
801072.SI,True,2021-04-24,True,False,False,True,2015-2021,2021-12-20,"[""financial_bad""]",2021-12-17,801072.SI,002639.SZ
801737.SI,True,2021-04-28,True,False,False,True,2015-2021,2021-12-20,"[""financial_bad""]",2021-12-17,801737.SI,002759.SZ
801034.SI,True,2021-04-22,True,False,False,True,2015-2021,2021-12-20,"[""financial_bad""]",2021-12-17,801971.SI,300072.SZ
801095.SI,False,2021-04-30,True,False,False,True,2015-2021,2021-12-20,"[""financial_bad""]",2021-12-17,801095.SI,600733.SH
801012.SI,False,2021-04-09,False,False,False,False,2015-2021,2021-12-20,"[""membership_missing""]",2021-12-17,,600873.SH
801151.SI,False,2021-04-28,False,False,False,False,2015-2021,2021-12-20,"[""membership_missing""]",2021-12-17,,603456.SH
801072.SI,True,2021-04-24,True,False,False,True,2015-2021,2021-12-21,"[""financial_bad""]",2021-12-20,801072.SI,002639.SZ
801737.SI,True,2021-04-28,True,False,False,True,2015-2021,2021-12-21,"[""financial_bad""]",2021-12-20,801737.SI,002759.SZ
801223.SI,True,2021-04-20,True,False,False,True,2015-2021,2021-12-21,"[""financial_bad""]",2021-12-20,801223.SI,300081.SZ
801095.SI,False,2021-04-30,True,False,False,True,2015-2021,2021-12-21,"[""financial_bad""]",2021-12-20,801095.SI,600733.SH
801012.SI,False,2021-04-09,False,False,False,False,2015-2021,2021-12-21,"[""membership_missing""]",2021-12-20,,600873.SH
801034.SI,False,2021-03-23,False,False,False,False,2015-2021,2021-12-21,"[""membership_missing""]",2021-12-20,,603010.SH
801151.SI,False,2021-04-28,False,False,False,False,2015-2021,2021-12-21,"[""membership_missing""]",2021-12-20,,603456.SH
801737.SI,True,2021-04-28,True,False,False,True,2015-2021,2021-12-22,"[""financial_bad""]",2021-12-21,801737.SI,002759.SZ
801034.SI,True,2021-04-22,True,False,False,True,2015-2021,2021-12-22,"[""financial_bad""]",2021-12-21,801971.SI,300072.SZ
801095.SI,False,2021-04-30,True,False,False,True,2015-2021,2021-12-22,"[""financial_bad""]",2021-12-21,801095.SI,600733.SH
801034.SI,False,2021-03-23,False,False,False,False,2015-2021,2021-12-22,"[""membership_missing""]",2021-12-21,,603010.SH
801151.SI,False,2021-04-28,False,False,False,False,2015-2021,2021-12-22,"[""membership_missing""]",2021-12-21,,603456.SH
801737.SI,True,2021-04-28,True,False,False,True,2015-2021,2021-12-23,"[""financial_bad""]",2021-12-22,801737.SI,002759.SZ
801095.SI,False,2021-04-30,True,False,False,True,2015-2021,2021-12-23,"[""financial_bad""]",2021-12-22,801095.SI,600733.SH
801034.SI,False,2021-03-23,False,False,False,False,2015-2021,2021-12-23,"[""membership_missing""]",2021-12-22,,603010.SH
801151.SI,False,2021-04-28,False,False,False,False,2015-2021,2021-12-23,"[""membership_missing""]",2021-12-22,,603456.SH
801737.SI,True,2021-04-28,True,False,False,True,2015-2021,2021-12-24,"[""financial_bad""]",2021-12-23,801737.SI,002759.SZ
801095.SI,False,2021-04-30,True,False,False,True,2015-2021,2021-12-24,"[""financial_bad""]",2021-12-23,801095.SI,600733.SH
801034.SI,False,2021-03-23,False,False,False,False,2015-2021,2021-12-24,"[""membership_missing""]",2021-12-23,,603010.SH
801151.SI,False,2021-04-28,False,False,False,False,2015-2021,2021-12-24,"[""membership_missing""]",2021-12-23,,603456.SH
801737.SI,True,2021-04-28,True,False,False,True,2015-2021,2021-12-27,"[""financial_bad""]",2021-12-24,801737.SI,002759.SZ
801034.SI,False,2021-03-23,False,False,False,False,2015-2021,2021-12-27,"[""membership_missing""]",2021-12-24,,603010.SH
801151.SI,False,2021-04-28,False,False,False,False,2015-2021,2021-12-27,"[""membership_missing""]",2021-12-24,,603456.SH
801081.SI,True,2021-04-27,True,False,False,True,2015-2021,2021-12-28,"[""financial_bad""]",2021-12-27,801081.SI,002180.SZ
801737.SI,True,2021-04-28,True,False,False,True,2015-2021,2021-12-28,"[""financial_bad""]",2021-12-27,801737.SI,002759.SZ
801012.SI,False,2021-04-09,False,False,False,False,2015-2021,2021-12-28,"[""membership_missing""]",2021-12-27,,600873.SH
801034.SI,False,2021-03-23,False,False,False,False,2015-2021,2021-12-28,"[""membership_missing""]",2021-12-27,,603010.SH
801151.SI,False,2021-04-28,False,False,False,False,2015-2021,2021-12-28,"[""membership_missing""]",2021-12-27,,603456.SH
801081.SI,True,2021-04-27,True,False,False,True,2015-2021,2021-12-29,"[""financial_bad""]",2021-12-28,801081.SI,002180.SZ
801737.SI,True,2021-04-28,True,False,False,True,2015-2021,2021-12-29,"[""financial_bad""]",2021-12-28,801737.SI,002759.SZ
801712.SI,False,2021-04-28,True,False,False,True,2015-2021,2021-12-29,"[""financial_bad""]",2021-12-28,801712.SI,300093.SZ
801034.SI,False,2021-03-23,False,False,False,False,2015-2021,2021-12-29,"[""membership_missing""]",2021-12-28,,603010.SH
801151.SI,False,2021-04-28,False,False,False,False,2015-2021,2021-12-29,"[""membership_missing""]",2021-12-28,,603456.SH
801081.SI,True,2021-04-27,True,False,False,True,2015-2021,2021-12-30,"[""financial_bad""]",2021-12-29,801081.SI,002180.SZ
801737.SI,True,2021-04-28,True,False,False,True,2015-2021,2021-12-30,"[""financial_bad""]",2021-12-29,801737.SI,002759.SZ
801078.SI,True,2021-04-20,True,False,False,True,2015-2021,2021-12-30,"[""financial_bad""]",2021-12-29,801078.SI,300048.SZ
801712.SI,False,2021-04-28,True,False,False,True,2015-2021,2021-12-30,"[""financial_bad""]",2021-12-29,801712.SI,300093.SZ
801034.SI,False,2021-03-23,False,False,False,False,2015-2021,2021-12-30,"[""membership_missing""]",2021-12-29,,603010.SH
801081.SI,True,2021-04-27,True,False,False,True,2015-2021,2021-12-31,"[""financial_bad""]",2021-12-30,801081.SI,002180.SZ
801737.SI,True,2021-04-28,True,False,False,True,2015-2021,2021-12-31,"[""financial_bad""]",2021-12-30,801737.SI,002759.SZ
801712.SI,False,2021-04-28,True,False,False,True,2015-2021,2021-12-31,"[""financial_bad""]",2021-12-30,801712.SI,300093.SZ
801034.SI,False,2021-03-23,False,False,False,False,2015-2021,2021-12-31,"[""membership_missing""]",2021-12-30,,603010.SH
801081.SI,True,2021-04-27,True,False,False,True,2015-2021,2022-01-04,"[""financial_bad""]",2021-12-31,801081.SI,002180.SZ
801737.SI,True,2021-04-28,True,False,False,True,2015-2021,2022-01-04,"[""financial_bad""]",2021-12-31,801737.SI,002759.SZ
801034.SI,False,2021-03-23,False,False,False,False,2015-2021,2022-01-04,"[""membership_missing""]",2021-12-31,,603010.SH
801151.SI,False,2021-04-28,False,False,False,False,2015-2021,2022-01-04,"[""membership_missing""]",2021-12-31,,603456.SH
801737.SI,True,2021-04-28,True,False,False,True,2022-2025,2022-01-05,"[""financial_bad""]",2022-01-04,801737.SI,002759.SZ
801034.SI,False,2021-03-23,False,False,False,False,2022-2025,2022-01-05,"[""membership_missing""]",2022-01-04,,603010.SH
801151.SI,False,2021-04-28,False,False,False,False,2022-2025,2022-01-05,"[""membership_missing""]",2022-01-04,,603456.SH
801033.SI,True,2021-03-30,True,False,False,True,2022-2025,2022-01-06,"[""financial_bad""]",2022-01-05,801033.SI,000822.SZ
801723.SI,True,2021-04-27,True,False,False,True,2022-2025,2022-01-06,"[""financial_bad""]",2022-01-05,801141.SI,002374.SZ
801737.SI,True,2021-04-28,True,False,False,True,2022-2025,2022-01-06,"[""financial_bad""]",2022-01-05,801737.SI,002759.SZ
801034.SI,False,2021-03-23,False,False,False,False,2022-2025,2022-01-06,"[""membership_missing""]",2022-01-05,,603010.SH
801723.SI,True,2021-04-27,True,False,False,True,2022-2025,2022-01-07,"[""financial_bad""]",2022-01-06,801141.SI,002374.SZ
801737.SI,True,2021-04-28,True,False,False,True,2022-2025,2022-01-07,"[""financial_bad""]",2022-01-06,801737.SI,002759.SZ
801103.SI,True,2021-04-24,True,False,False,True,2022-2025,2022-01-07,"[""financial_bad""]",2022-01-06,801103.SI,300287.SZ
801179.SI,True,2021-03-31,True,False,False,True,2022-2025,2022-01-07,"[""financial_bad""]",2022-01-06,801991.SI,601111.SH
801034.SI,False,2021-03-23,False,False,False,False,2022-2025,2022-01-07,"[""membership_missing""]",2022-01-06,,603010.SH
801737.SI,True,2021-04-28,True,False,False,True,2022-2025,2022-01-10,"[""financial_bad""]",2022-01-07,801737.SI,002759.SZ
801223.SI,True,2021-04-20,True,False,False,True,2022-2025,2022-01-10,"[""financial_bad""]",2022-01-07,801223.SI,300081.SZ
801103.SI,True,2021-04-24,True,False,False,True,2022-2025,2022-01-10,"[""financial_bad""]",2022-01-07,801103.SI,300287.SZ
801012.SI,False,2021-04-09,False,False,False,False,2022-2025,2022-01-10,"[""membership_missing""]",2022-01-07,,600873.SH
801179.SI,True,2021-03-31,True,False,False,True,2022-2025,2022-01-10,"[""financial_bad""]",2022-01-07,801991.SI,601111.SH
801034.SI,False,2021-03-23,False,False,False,False,2022-2025,2022-01-10,"[""membership_missing""]",2022-01-07,,603010.SH
801081.SI,True,2021-04-27,True,False,False,True,2022-2025,2022-01-11,"[""financial_bad""]",2022-01-10,801081.SI,002180.SZ
801737.SI,True,2021-04-28,True,False,False,True,2022-2025,2022-01-11,"[""financial_bad""]",2022-01-10,801737.SI,002759.SZ
801078.SI,True,2021-04-20,True,False,False,True,2022-2025,2022-01-11,"[""financial_bad""]",2022-01-10,801078.SI,300048.SZ
801223.SI,True,2021-04-20,True,False,False,True,2022-2025,2022-01-11,"[""financial_bad""]",2022-01-10,801223.SI,300081.SZ
801034.SI,False,2021-03-23,False,False,False,False,2022-2025,2022-01-11,"[""membership_missing""]",2022-01-10,,603010.SH
801081.SI,True,2021-04-27,True,False,False,True,2022-2025,2022-01-12,"[""financial_bad""]",2022-01-11,801081.SI,002180.SZ
801737.SI,True,2021-04-28,True,False,False,True,2022-2025,2022-01-12,"[""financial_bad""]",2022-01-11,801737.SI,002759.SZ
801078.SI,True,2021-04-20,True,False,False,True,2022-2025,2022-01-12,"[""financial_bad""]",2022-01-11,801078.SI,300048.SZ
801223.SI,True,2021-04-20,True,False,False,True,2022-2025,2022-01-12,"[""financial_bad""]",2022-01-11,801223.SI,300081.SZ
801034.SI,False,2021-03-23,False,False,False,False,2022-2025,2022-01-12,"[""membership_missing""]",2022-01-11,,603010.SH
801737.SI,True,2021-04-28,True,False,False,True,2022-2025,2022-01-13,"[""financial_bad""]",2022-01-12,801737.SI,002759.SZ
801223.SI,True,2021-04-20,True,False,False,True,2022-2025,2022-01-13,"[""financial_bad""]",2022-01-12,801223.SI,300081.SZ
801015.SI,True,2021-04-29,True,False,False,True,2022-2025,2022-01-13,"[""financial_bad""]",2022-01-12,801015.SI,300094.SZ
801179.SI,True,2021-03-31,True,False,False,True,2022-2025,2022-01-13,"[""financial_bad""]",2022-01-12,801991.SI,601111.SH
801034.SI,False,2021-03-23,False,False,False,False,2022-2025,2022-01-13,"[""membership_missing""]",2022-01-12,,603010.SH
801151.SI,False,2021-04-28,False,False,False,False,2022-2025,2022-01-13,"[""membership_missing""]",2022-01-12,,603456.SH
801081.SI,True,2021-04-27,True,False,False,True,2022-2025,2022-01-14,"[""financial_bad""]",2022-01-13,801081.SI,002180.SZ
801737.SI,True,2021-04-28,True,False,False,True,2022-2025,2022-01-14,"[""financial_bad""]",2022-01-13,801737.SI,002759.SZ
801223.SI,True,2021-04-20,True,False,False,True,2022-2025,2022-01-14,"[""financial_bad""]",2022-01-13,801223.SI,300081.SZ
801179.SI,True,2021-03-31,True,False,False,True,2022-2025,2022-01-14,"[""financial_bad""]",2022-01-13,801991.SI,601111.SH
801034.SI,False,2021-03-23,False,False,False,False,2022-2025,2022-01-14,"[""membership_missing""]",2022-01-13,,603010.SH
801151.SI,False,2021-04-28,False,False,False,False,2022-2025,2022-01-14,"[""membership_missing""]",2022-01-13,,603456.SH
801081.SI,True,2021-04-27,True,False,False,True,2022-2025,2022-01-17,"[""financial_bad""]",2022-01-14,801081.SI,002180.SZ
801737.SI,True,2021-04-28,True,False,False,True,2022-2025,2022-01-17,"[""financial_bad""]",2022-01-14,801737.SI,002759.SZ
801223.SI,True,2021-04-20,True,False,False,True,2022-2025,2022-01-17,"[""financial_bad""]",2022-01-14,801223.SI,300081.SZ
801179.SI,True,2021-03-31,True,False,False,True,2022-2025,2022-01-17,"[""financial_bad""]",2022-01-14,801991.SI,601111.SH
801034.SI,False,2021-03-23,False,False,False,False,2022-2025,2022-01-17,"[""membership_missing""]",2022-01-14,,603010.SH
801737.SI,True,2021-04-28,True,False,False,True,2022-2025,2022-01-18,"[""financial_bad""]",2022-01-17,801737.SI,002759.SZ
801223.SI,True,2021-04-20,True,False,False,True,2022-2025,2022-01-18,"[""financial_bad""]",2022-01-17,801223.SI,300081.SZ
801103.SI,True,2021-04-24,True,False,False,True,2022-2025,2022-01-18,"[""financial_bad""]",2022-01-17,801103.SI,300287.SZ
801034.SI,False,2021-03-23,False,False,False,False,2022-2025,2022-01-18,"[""membership_missing""]",2022-01-17,,603010.SH
801737.SI,True,2021-04-28,True,False,False,True,2022-2025,2022-01-19,"[""financial_bad""]",2022-01-18,801737.SI,002759.SZ
801103.SI,True,2021-04-24,True,False,False,True,2022-2025,2022-01-19,"[""financial_bad""]",2022-01-18,801103.SI,300287.SZ
801179.SI,True,2021-03-31,True,False,False,True,2022-2025,2022-01-19,"[""financial_bad""]",2022-01-18,801991.SI,601111.SH
801034.SI,False,2021-03-23,False,False,False,False,2022-2025,2022-01-19,"[""membership_missing""]",2022-01-18,,603010.SH
801151.SI,False,2021-04-28,False,False,False,False,2022-2025,2022-01-19,"[""membership_missing""]",2022-01-18,,603456.SH
801081.SI,True,2021-04-27,True,False,False,True,2022-2025,2022-01-20,"[""financial_bad""]",2022-01-19,801081.SI,002180.SZ
801103.SI,True,2021-04-24,True,False,False,True,2022-2025,2022-01-20,"[""financial_bad""]",2022-01-19,801103.SI,300287.SZ
801179.SI,True,2021-03-31,True,False,False,True,2022-2025,2022-01-20,"[""financial_bad""]",2022-01-19,801991.SI,601111.SH
801034.SI,False,2021-03-23,False,False,False,False,2022-2025,2022-01-20,"[""membership_missing""]",2022-01-19,,603010.SH
801081.SI,True,2021-04-27,True,False,False,True,2022-2025,2022-01-21,"[""financial_bad""]",2022-01-20,801081.SI,002180.SZ
801081.SI,True,2021-04-27,True,False,False,True,2022-2025,2022-01-24,"[""financial_bad""]",2022-01-21,801081.SI,002180.SZ
801078.SI,True,2021-04-20,True,False,False,True,2022-2025,2022-01-24,"[""financial_bad""]",2022-01-21,801078.SI,300048.SZ
801081.SI,True,2021-04-27,True,False,False,True,2022-2025,2022-01-25,"[""financial_bad""]",2022-01-24,801081.SI,002180.SZ
801737.SI,True,2021-04-28,True,False,False,True,2022-2025,2022-01-25,"[""financial_bad""]",2022-01-24,801737.SI,002759.SZ
801078.SI,True,2021-04-20,True,False,False,True,2022-2025,2022-01-25,"[""financial_bad""]",2022-01-24,801078.SI,300048.SZ
801179.SI,True,2021-03-31,True,False,False,True,2022-2025,2022-01-25,"[""financial_bad""]",2022-01-24,801991.SI,601111.SH
801081.SI,True,2021-04-27,True,False,False,True,2022-2025,2022-02-14,"[""financial_bad""]",2022-02-11,801081.SI,002180.SZ
801072.SI,True,2021-04-24,True,False,False,True,2022-2025,2022-02-14,"[""financial_bad""]",2022-02-11,801072.SI,002639.SZ
801737.SI,False,2021-04-28,True,False,False,True,2022-2025,2022-02-14,"[""financial_bad""]",2022-02-11,801737.SI,002759.SZ
801078.SI,False,2021-04-20,True,False,False,True,2022-2025,2022-02-14,"[""financial_bad""]",2022-02-11,801078.SI,300048.SZ
801081.SI,True,2021-04-27,True,False,False,True,2022-2025,2022-02-15,"[""financial_bad""]",2022-02-14,801081.SI,002180.SZ
801072.SI,True,2021-04-24,True,False,False,True,2022-2025,2022-02-15,"[""financial_bad""]",2022-02-14,801072.SI,002639.SZ
801737.SI,False,2021-04-28,True,False,False,True,2022-2025,2022-02-15,"[""financial_bad""]",2022-02-14,801737.SI,002759.SZ
801078.SI,False,2021-04-20,True,False,False,True,2022-2025,2022-02-15,"[""financial_bad""]",2022-02-14,801078.SI,300048.SZ
801102.SI,True,2021-04-23,True,False,False,True,2022-2025,2022-02-15,"[""financial_bad""]",2022-02-14,801102.SI,300205.SZ
801081.SI,True,2021-04-27,True,False,False,True,2022-2025,2022-02-16,"[""financial_bad""]",2022-02-15,801081.SI,002180.SZ
801072.SI,True,2021-04-24,True,False,False,True,2022-2025,2022-02-16,"[""financial_bad""]",2022-02-15,801072.SI,002639.SZ
801737.SI,False,2021-04-28,True,False,False,True,2022-2025,2022-02-16,"[""financial_bad""]",2022-02-15,801737.SI,002759.SZ
801078.SI,False,2021-04-20,True,False,False,True,2022-2025,2022-02-16,"[""financial_bad""]",2022-02-15,801078.SI,300048.SZ
801179.SI,True,2021-03-31,True,False,False,True,2022-2025,2022-02-16,"[""financial_bad""]",2022-02-15,801991.SI,601111.SH
801081.SI,True,2021-04-27,True,False,False,True,2022-2025,2022-02-17,"[""financial_bad""]",2022-02-16,801081.SI,002180.SZ
801072.SI,True,2021-04-24,True,False,False,True,2022-2025,2022-02-17,"[""financial_bad""]",2022-02-16,801072.SI,002639.SZ
801737.SI,False,2021-04-28,True,False,False,True,2022-2025,2022-02-17,"[""financial_bad""]",2022-02-16,801737.SI,002759.SZ
801081.SI,True,2021-04-27,True,False,False,True,2022-2025,2022-02-18,"[""financial_bad""]",2022-02-17,801081.SI,002180.SZ
801072.SI,True,2021-04-24,True,False,False,True,2022-2025,2022-02-18,"[""financial_bad""]",2022-02-17,801072.SI,002639.SZ
801737.SI,False,2021-04-28,True,False,False,True,2022-2025,2022-02-18,"[""financial_bad""]",2022-02-17,801737.SI,002759.SZ
801078.SI,False,2021-04-20,True,False,False,True,2022-2025,2022-02-18,"[""financial_bad""]",2022-02-17,801078.SI,300048.SZ
801034.SI,True,2021-04-22,True,False,False,True,2022-2025,2022-02-18,"[""financial_bad""]",2022-02-17,801971.SI,300072.SZ
801102.SI,True,2021-04-23,True,False,False,True,2022-2025,2022-02-18,"[""financial_bad""]",2022-02-17,801102.SI,300205.SZ
801179.SI,True,2021-03-31,True,False,False,True,2022-2025,2022-02-18,"[""financial_bad""]",2022-02-17,801991.SI,601111.SH
801072.SI,True,2021-04-24,True,False,False,True,2022-2025,2022-02-21,"[""financial_bad""]",2022-02-18,801072.SI,002639.SZ
801737.SI,False,2021-04-28,True,False,False,True,2022-2025,2022-02-21,"[""financial_bad""]",2022-02-18,801737.SI,002759.SZ
801078.SI,False,2021-04-20,True,False,False,True,2022-2025,2022-02-21,"[""financial_bad""]",2022-02-18,801078.SI,300048.SZ
801034.SI,True,2021-04-22,True,False,False,True,2022-2025,2022-02-21,"[""financial_bad""]",2022-02-18,801971.SI,300072.SZ
801102.SI,True,2021-04-23,True,False,False,True,2022-2025,2022-02-21,"[""financial_bad""]",2022-02-18,801102.SI,300205.SZ
801179.SI,True,2021-03-31,True,False,False,True,2022-2025,2022-02-21,"[""financial_bad""]",2022-02-18,801991.SI,601111.SH
801072.SI,True,2021-04-24,True,False,False,True,2022-2025,2022-02-22,"[""financial_bad""]",2022-02-21,801072.SI,002639.SZ
801737.SI,False,2021-04-28,True,False,False,True,2022-2025,2022-02-22,"[""financial_bad""]",2022-02-21,801737.SI,002759.SZ
801078.SI,False,2021-04-20,True,False,False,True,2022-2025,2022-02-22,"[""financial_bad""]",2022-02-21,801078.SI,300048.SZ
801034.SI,True,2021-04-22,True,False,False,True,2022-2025,2022-02-22,"[""financial_bad""]",2022-02-21,801971.SI,300072.SZ
801179.SI,True,2021-03-31,True,False,False,True,2022-2025,2022-02-22,"[""financial_bad""]",2022-02-21,801991.SI,601111.SH
801081.SI,False,2021-04-27,True,False,False,True,2022-2025,2022-02-23,"[""financial_bad""]",2022-02-22,801081.SI,002180.SZ
801072.SI,True,2021-04-24,True,False,False,True,2022-2025,2022-02-23,"[""financial_bad""]",2022-02-22,801072.SI,002639.SZ
801078.SI,False,2021-04-20,True,False,False,True,2022-2025,2022-02-23,"[""financial_bad""]",2022-02-22,801078.SI,300048.SZ
801034.SI,True,2021-04-22,True,False,False,True,2022-2025,2022-02-23,"[""financial_bad""]",2022-02-22,801971.SI,300072.SZ
801179.SI,True,2021-03-31,True,False,False,True,2022-2025,2022-02-23,"[""financial_bad""]",2022-02-22,801991.SI,601111.SH
801081.SI,False,2021-04-27,True,False,False,True,2022-2025,2022-02-24,"[""financial_bad""]",2022-02-23,801081.SI,002180.SZ
801072.SI,True,2021-04-24,True,False,False,True,2022-2025,2022-02-24,"[""financial_bad""]",2022-02-23,801072.SI,002639.SZ
801078.SI,False,2021-04-20,True,False,False,True,2022-2025,2022-02-24,"[""financial_bad""]",2022-02-23,801078.SI,300048.SZ
801034.SI,True,2021-04-22,True,False,False,True,2022-2025,2022-02-24,"[""financial_bad""]",2022-02-23,801971.SI,300072.SZ
801103.SI,True,2021-04-24,True,False,False,True,2022-2025,2022-02-24,"[""financial_bad""]",2022-02-23,801103.SI,300250.SZ
801179.SI,True,2021-03-31,True,False,False,True,2022-2025,2022-02-24,"[""financial_bad""]",2022-02-23,801991.SI,601111.SH
801081.SI,False,2021-04-27,True,False,False,True,2022-2025,2022-02-25,"[""financial_bad""]",2022-02-24,801081.SI,002180.SZ
801072.SI,True,2021-04-24,True,False,False,True,2022-2025,2022-02-25,"[""financial_bad""]",2022-02-24,801072.SI,002639.SZ
801102.SI,True,2021-04-23,True,False,False,True,2022-2025,2022-02-25,"[""financial_bad""]",2022-02-24,801102.SI,300205.SZ
801179.SI,True,2021-03-31,True,False,False,True,2022-2025,2022-02-25,"[""financial_bad""]",2022-02-24,801991.SI,601111.SH
801081.SI,False,2021-04-27,True,False,False,True,2022-2025,2022-02-28,"[""financial_bad""]",2022-02-25,801081.SI,002180.SZ
801072.SI,True,2021-04-24,True,False,False,True,2022-2025,2022-02-28,"[""financial_bad""]",2022-02-25,801072.SI,002639.SZ
801102.SI,True,2021-04-23,True,False,False,True,2022-2025,2022-02-28,"[""financial_bad""]",2022-02-25,801102.SI,300205.SZ
801179.SI,True,2021-03-31,True,False,False,True,2022-2025,2022-02-28,"[""financial_bad""]",2022-02-25,801991.SI,601111.SH
801081.SI,False,2021-04-27,True,False,False,True,2022-2025,2022-03-01,"[""financial_bad""]",2022-02-28,801081.SI,002180.SZ
801072.SI,True,2021-04-24,True,False,False,True,2022-2025,2022-03-01,"[""financial_bad""]",2022-02-28,801072.SI,002639.SZ
801102.SI,True,2021-04-23,True,False,False,True,2022-2025,2022-03-01,"[""financial_bad""]",2022-02-28,801102.SI,300205.SZ
801179.SI,True,2021-03-31,True,False,False,True,2022-2025,2022-03-01,"[""financial_bad""]",2022-02-28,801991.SI,601111.SH
801034.SI,False,2021-03-23,False,False,False,False,2022-2025,2022-03-01,"[""membership_missing""]",2022-02-28,,603010.SH
801081.SI,False,2021-04-27,True,False,False,True,2022-2025,2022-03-02,"[""financial_bad""]",2022-03-01,801081.SI,002180.SZ
801072.SI,True,2021-04-24,True,False,False,True,2022-2025,2022-03-02,"[""financial_bad""]",2022-03-01,801072.SI,002639.SZ
801102.SI,True,2021-04-23,True,False,False,True,2022-2025,2022-03-02,"[""financial_bad""]",2022-03-01,801102.SI,300205.SZ
801103.SI,True,2021-04-24,True,False,False,True,2022-2025,2022-03-02,"[""financial_bad""]",2022-03-01,801103.SI,300250.SZ
801179.SI,True,2021-03-31,True,False,False,True,2022-2025,2022-03-02,"[""financial_bad""]",2022-03-01,801991.SI,601111.SH
801081.SI,False,2021-04-27,True,False,False,True,2022-2025,2022-03-03,"[""financial_bad""]",2022-03-02,801081.SI,002180.SZ
801102.SI,True,2021-04-23,True,False,False,True,2022-2025,2022-03-03,"[""financial_bad""]",2022-03-02,801102.SI,300205.SZ
801179.SI,True,2021-03-31,True,False,False,True,2022-2025,2022-03-03,"[""financial_bad""]",2022-03-02,801991.SI,601111.SH
801102.SI,True,2021-04-30,True,False,False,True,2022-2025,2022-03-04,"[""financial_bad""]",2022-03-03,801102.SI,002104.SZ
801081.SI,False,2021-04-27,True,False,False,True,2022-2025,2022-03-04,"[""financial_bad""]",2022-03-03,801081.SI,002180.SZ
801179.SI,True,2021-03-31,True,False,False,True,2022-2025,2022-03-04,"[""financial_bad""]",2022-03-03,801991.SI,601111.SH
801102.SI,True,2021-04-30,True,False,False,True,2022-2025,2022-03-07,"[""financial_bad""]",2022-03-04,801102.SI,002104.SZ
801081.SI,False,2021-04-27,True,False,False,True,2022-2025,2022-03-07,"[""financial_bad""]",2022-03-04,801081.SI,002180.SZ
801102.SI,True,2021-04-23,True,False,False,True,2022-2025,2022-03-07,"[""financial_bad""]",2022-03-04,801102.SI,300205.SZ
801179.SI,True,2021-03-31,True,False,False,True,2022-2025,2022-03-07,"[""financial_bad""]",2022-03-04,801991.SI,601111.SH
801033.SI,True,2021-03-30,True,False,False,True,2022-2025,2022-03-24,"[""financial_bad""]",2022-03-23,801033.SI,000822.SZ
801078.SI,False,2021-04-20,True,False,False,True,2022-2025,2022-03-24,"[""financial_bad""]",2022-03-23,801078.SI,300048.SZ
801015.SI,False,2021-04-29,True,False,False,True,2022-2025,2022-03-24,"[""financial_bad""]",2022-03-23,801015.SI,300094.SZ
801179.SI,False,2021-03-31,True,False,False,True,2022-2025,2022-03-24,"[""financial_bad""]",2022-03-23,801991.SI,601111.SH
801033.SI,True,2021-03-30,True,False,False,True,2022-2025,2022-03-25,"[""financial_bad""]",2022-03-24,801033.SI,000822.SZ
801102.SI,True,2021-04-30,True,False,False,True,2022-2025,2022-03-25,"[""financial_bad""]",2022-03-24,801102.SI,002104.SZ
801155.SI,True,2021-04-27,True,False,False,True,2022-2025,2022-03-25,"[""financial_bad""]",2022-03-24,801155.SI,002317.SZ
801078.SI,False,2021-04-20,True,False,False,True,2022-2025,2022-03-25,"[""financial_bad""]",2022-03-24,801078.SI,300048.SZ
801015.SI,False,2021-04-29,True,False,False,True,2022-2025,2022-03-25,"[""financial_bad""]",2022-03-24,801015.SI,300094.SZ
801102.SI,True,2021-04-23,True,False,False,True,2022-2025,2022-03-25,"[""financial_bad""]",2022-03-24,801102.SI,300205.SZ
801179.SI,False,2021-03-31,True,False,False,True,2022-2025,2022-03-25,"[""financial_bad""]",2022-03-24,801991.SI,601111.SH
801151.SI,False,2021-04-28,False,False,False,False,2022-2025,2022-03-25,"[""membership_missing""]",2022-03-24,,603456.SH
801102.SI,True,2021-04-30,True,False,False,True,2022-2025,2022-03-28,"[""financial_bad""]",2022-03-25,801102.SI,002104.SZ
801078.SI,False,2021-04-20,True,False,False,True,2022-2025,2022-03-28,"[""financial_bad""]",2022-03-25,801078.SI,300048.SZ
801015.SI,False,2021-04-29,True,False,False,True,2022-2025,2022-03-28,"[""financial_bad""]",2022-03-25,801015.SI,300094.SZ
801102.SI,True,2021-04-23,True,False,False,True,2022-2025,2022-03-28,"[""financial_bad""]",2022-03-25,801102.SI,300205.SZ
801179.SI,False,2021-03-31,True,False,False,True,2022-2025,2022-03-28,"[""financial_bad""]",2022-03-25,801991.SI,601111.SH
801102.SI,True,2021-04-30,True,False,False,True,2022-2025,2022-03-29,"[""financial_bad""]",2022-03-28,801102.SI,002104.SZ
801078.SI,False,2021-04-20,True,False,False,True,2022-2025,2022-03-29,"[""financial_bad""]",2022-03-28,801078.SI,300048.SZ
801015.SI,False,2021-04-29,True,False,False,True,2022-2025,2022-03-29,"[""financial_bad""]",2022-03-28,801015.SI,300094.SZ
801102.SI,True,2021-04-23,True,False,False,True,2022-2025,2022-03-29,"[""financial_bad""]",2022-03-28,801102.SI,300205.SZ
801102.SI,True,2021-04-30,True,False,False,True,2022-2025,2022-03-30,"[""financial_bad""]",2022-03-29,801102.SI,002104.SZ
801078.SI,False,2021-04-20,True,False,False,True,2022-2025,2022-03-30,"[""financial_bad""]",2022-03-29,801078.SI,300048.SZ
801015.SI,False,2021-04-29,True,False,False,True,2022-2025,2022-03-30,"[""financial_bad""]",2022-03-29,801015.SI,300094.SZ
801102.SI,True,2021-04-23,True,False,False,True,2022-2025,2022-03-30,"[""financial_bad""]",2022-03-29,801102.SI,300205.SZ
801102.SI,True,2021-04-30,True,False,False,True,2022-2025,2022-03-31,"[""financial_bad""]",2022-03-30,801102.SI,002104.SZ
801078.SI,False,2021-04-20,True,False,False,True,2022-2025,2022-03-31,"[""financial_bad""]",2022-03-30,801078.SI,300048.SZ
801015.SI,False,2021-04-29,True,False,False,True,2022-2025,2022-03-31,"[""financial_bad""]",2022-03-30,801015.SI,300094.SZ
801102.SI,True,2021-04-23,True,False,False,True,2022-2025,2022-03-31,"[""financial_bad""]",2022-03-30,801102.SI,300205.SZ
801179.SI,False,2021-03-31,True,False,False,True,2022-2025,2022-03-31,"[""financial_bad""]",2022-03-30,801991.SI,601111.SH
801033.SI,True,2021-04-29,True,False,False,True,2022-2025,2022-04-01,"[""financial_bad""]",2022-03-31,801033.SI,000545.SZ
801078.SI,False,2021-04-20,True,False,False,True,2022-2025,2022-04-01,"[""financial_bad""]",2022-03-31,801078.SI,300048.SZ
801015.SI,False,2021-04-29,True,False,False,True,2022-2025,2022-04-01,"[""financial_bad""]",2022-03-31,801015.SI,300094.SZ
801033.SI,True,2021-04-29,True,False,False,True,2022-2025,2022-04-06,"[""financial_bad""]",2022-04-01,801033.SI,000545.SZ
801078.SI,False,2021-04-20,True,False,False,True,2022-2025,2022-04-06,"[""financial_bad""]",2022-04-01,801078.SI,300048.SZ
801223.SI,True,2021-04-20,True,False,False,True,2022-2025,2022-04-06,"[""financial_bad""]",2022-04-01,801223.SI,300081.SZ
801015.SI,False,2021-04-29,True,False,False,True,2022-2025,2022-04-06,"[""financial_bad""]",2022-04-01,801015.SI,300094.SZ
801102.SI,True,2021-04-23,True,False,False,True,2022-2025,2022-04-06,"[""financial_bad""]",2022-04-01,801102.SI,300205.SZ
801078.SI,False,2021-04-20,True,False,False,True,2022-2025,2022-04-07,"[""financial_bad""]",2022-04-06,801078.SI,300048.SZ
801223.SI,True,2021-04-20,True,False,False,True,2022-2025,2022-04-07,"[""financial_bad""]",2022-04-06,801223.SI,300081.SZ
801015.SI,False,2021-04-29,True,False,False,True,2022-2025,2022-04-07,"[""financial_bad""]",2022-04-06,801015.SI,300094.SZ
801102.SI,True,2021-04-30,True,False,False,True,2022-2025,2022-04-08,"[""financial_bad""]",2022-04-07,801102.SI,002104.SZ
801078.SI,False,2021-04-20,True,False,False,True,2022-2025,2022-04-08,"[""financial_bad""]",2022-04-07,801078.SI,300048.SZ
801015.SI,False,2021-04-29,True,False,False,True,2022-2025,2022-04-08,"[""financial_bad""]",2022-04-07,801015.SI,300094.SZ
801102.SI,True,2021-04-23,True,False,False,True,2022-2025,2022-04-08,"[""financial_bad""]",2022-04-07,801102.SI,300205.SZ
801102.SI,False,2022-04-30,False,False,True,True,2022-2025,2022-05-24,"[""st""]",2022-05-23,801102.SI,600734.SH
801102.SI,False,2022-04-30,False,False,True,True,2022-2025,2022-05-25,"[""st""]",2022-05-24,801102.SI,600734.SH
801971.SI,True,2022-04-30,False,False,True,True,2022-2025,2022-06-02,"[""st""]",2022-06-01,801971.SI,600388.SH
801971.SI,True,2022-04-30,False,False,True,True,2022-2025,2022-06-06,"[""st""]",2022-06-02,801971.SI,600388.SH
801971.SI,True,2022-04-30,False,False,True,True,2022-2025,2022-06-07,"[""st""]",2022-06-06,801971.SI,600388.SH
801733.SI,False,2022-04-28,True,False,False,True,2022-2025,2022-06-08,"[""financial_bad""]",2022-06-07,801733.SI,002630.SZ
801992.SI,True,2022-03-31,True,False,False,True,2022-2025,2022-06-08,"[""financial_bad""]",2022-06-07,801992.SI,600026.SH
801971.SI,True,2022-04-30,False,False,True,True,2022-2025,2022-06-08,"[""st""]",2022-06-07,801971.SI,600388.SH
801971.SI,True,2022-04-30,False,False,True,True,2022-2025,2022-06-09,"[""st""]",2022-06-08,801971.SI,600388.SH
801971.SI,True,2022-04-30,False,False,True,True,2022-2025,2022-06-10,"[""st""]",2022-06-09,801971.SI,600388.SH
801733.SI,False,2022-04-28,True,False,False,True,2022-2025,2022-06-17,"[""financial_bad""]",2022-06-16,801733.SI,002630.SZ
801733.SI,False,2022-04-28,True,False,False,True,2022-2025,2022-06-20,"[""financial_bad""]",2022-06-17,801733.SI,002630.SZ
801733.SI,True,2022-04-28,True,False,False,True,2022-2025,2022-06-21,"[""financial_bad""]",2022-06-20,801733.SI,002630.SZ
801733.SI,True,2022-04-28,True,False,False,True,2022-2025,2022-06-22,"[""financial_bad""]",2022-06-21,801733.SI,002630.SZ
801993.SI,True,2022-03-30,True,False,False,True,2022-2025,2022-06-29,"[""financial_bad""]",2022-06-28,801993.SI,002059.SZ
801738.SI,True,2022-04-27,True,False,False,True,2022-2025,2022-06-29,"[""financial_bad""]",2022-06-28,801738.SI,002121.SZ
801733.SI,True,2022-04-28,True,False,False,True,2022-2025,2022-06-30,"[""financial_bad""]",2022-06-29,801733.SI,002630.SZ
801993.SI,True,2022-03-30,True,False,False,True,2022-2025,2022-07-01,"[""financial_bad""]",2022-06-30,801993.SI,002059.SZ
801733.SI,True,2022-04-28,True,False,False,True,2022-2025,2022-07-01,"[""financial_bad""]",2022-06-30,801733.SI,002630.SZ
801991.SI,True,2022-04-09,True,False,False,True,2022-2025,2022-07-01,"[""financial_bad""]",2022-06-30,801991.SI,600004.SH
801151.SI,False,2022-04-20,False,False,False,False,2022-2025,2022-07-01,"[""membership_missing""]",2022-06-30,,603456.SH
801733.SI,True,2022-04-28,True,False,False,True,2022-2025,2022-07-04,"[""financial_bad""]",2022-07-01,801733.SI,002630.SZ
801733.SI,True,2022-04-28,True,False,False,True,2022-2025,2022-07-05,"[""financial_bad""]",2022-07-04,801733.SI,002630.SZ
801151.SI,False,2022-04-20,False,False,False,False,2022-2025,2022-07-05,"[""membership_missing""]",2022-07-04,,603456.SH
801151.SI,False,2022-04-20,False,False,False,False,2022-2025,2022-07-06,"[""membership_missing""]",2022-07-05,,603456.SH
801017.SI,True,2022-04-16,True,False,False,True,2022-2025,2022-07-07,"[""financial_bad""]",2022-07-06,801017.SI,300498.SZ
801151.SI,False,2022-04-20,False,False,False,False,2022-2025,2022-07-07,"[""membership_missing""]",2022-07-06,,603456.SH
801151.SI,False,2022-04-20,False,False,False,False,2022-2025,2022-07-08,"[""membership_missing""]",2022-07-07,,603456.SH
801151.SI,False,2022-04-20,False,False,False,False,2022-2025,2022-07-11,"[""membership_missing""]",2022-07-08,,603456.SH
801971.SI,True,2022-04-30,False,False,True,True,2022-2025,2022-07-12,"[""st""]",2022-07-11,801971.SI,600388.SH
801151.SI,False,2022-04-20,False,False,False,False,2022-2025,2022-07-12,"[""membership_missing""]",2022-07-11,,603456.SH
801971.SI,True,2022-04-30,False,False,True,True,2022-2025,2022-07-13,"[""st""]",2022-07-12,801971.SI,600388.SH
801151.SI,False,2022-04-20,False,False,False,False,2022-2025,2022-07-13,"[""membership_missing""]",2022-07-12,,603456.SH
801733.SI,True,2022-04-28,True,False,False,True,2022-2025,2022-07-14,"[""financial_bad""]",2022-07-13,801733.SI,002630.SZ
801151.SI,False,2022-04-20,False,False,False,False,2022-2025,2022-07-14,"[""membership_missing""]",2022-07-13,,603456.SH
801151.SI,False,2022-04-20,False,False,False,False,2022-2025,2022-07-15,"[""membership_missing""]",2022-07-14,,603456.SH
801017.SI,True,2022-04-16,True,False,False,True,2022-2025,2022-07-18,"[""financial_bad""]",2022-07-15,801017.SI,300498.SZ
801151.SI,False,2022-04-20,False,False,False,False,2022-2025,2022-07-18,"[""membership_missing""]",2022-07-15,,603456.SH
801017.SI,True,2022-04-16,True,False,False,True,2022-2025,2022-07-19,"[""financial_bad""]",2022-07-18,801017.SI,300498.SZ
801151.SI,False,2022-04-20,False,False,False,False,2022-2025,2022-07-19,"[""membership_missing""]",2022-07-18,,603456.SH
801017.SI,True,2022-04-16,True,False,False,True,2022-2025,2022-07-20,"[""financial_bad""]",2022-07-19,801017.SI,300498.SZ
801151.SI,False,2022-04-20,False,False,False,False,2022-2025,2022-07-20,"[""membership_missing""]",2022-07-19,,603456.SH
801017.SI,True,2022-04-16,True,False,False,True,2022-2025,2022-07-21,"[""financial_bad""]",2022-07-20,801017.SI,300498.SZ
801741.SI,True,2022-04-29,True,False,False,True,2022-2025,2022-07-21,"[""financial_bad""]",2022-07-20,801741.SI,600343.SH
801995.SI,False,2022-04-29,True,False,False,True,2022-2025,2022-07-21,"[""financial_bad""]",2022-07-20,801995.SI,600996.SH
801151.SI,False,2022-04-20,False,False,False,False,2022-2025,2022-07-21,"[""membership_missing""]",2022-07-20,,603456.SH
801017.SI,True,2022-04-16,True,False,False,True,2022-2025,2022-07-22,"[""financial_bad""]",2022-07-21,801017.SI,300498.SZ
801741.SI,True,2022-04-29,True,False,False,True,2022-2025,2022-07-22,"[""financial_bad""]",2022-07-21,801741.SI,600343.SH
801971.SI,True,2022-04-30,False,False,True,True,2022-2025,2022-07-22,"[""st""]",2022-07-21,801971.SI,600388.SH
801151.SI,False,2022-04-20,False,False,False,False,2022-2025,2022-07-22,"[""membership_missing""]",2022-07-21,,603456.SH
801017.SI,True,2022-04-16,True,False,False,True,2022-2025,2022-07-25,"[""financial_bad""]",2022-07-22,801017.SI,300498.SZ
801992.SI,False,2022-03-31,True,False,False,True,2022-2025,2022-07-25,"[""financial_bad""]",2022-07-22,801992.SI,600026.SH
801741.SI,True,2022-04-29,True,False,False,True,2022-2025,2022-07-25,"[""financial_bad""]",2022-07-22,801741.SI,600343.SH
801971.SI,True,2022-04-30,False,False,True,True,2022-2025,2022-07-25,"[""st""]",2022-07-22,801971.SI,600388.SH
801995.SI,False,2022-04-29,True,False,False,True,2022-2025,2022-07-25,"[""financial_bad""]",2022-07-22,801995.SI,600996.SH
801017.SI,True,2022-04-16,True,False,False,True,2022-2025,2022-07-26,"[""financial_bad""]",2022-07-25,801017.SI,300498.SZ
801992.SI,True,2022-03-31,True,False,False,True,2022-2025,2022-07-26,"[""financial_bad""]",2022-07-25,801992.SI,600026.SH
801971.SI,True,2022-04-30,False,False,True,True,2022-2025,2022-07-26,"[""st""]",2022-07-25,801971.SI,600388.SH
801995.SI,False,2022-04-29,True,False,False,True,2022-2025,2022-07-26,"[""financial_bad""]",2022-07-25,801995.SI,600996.SH
801738.SI,True,2022-04-27,True,False,False,True,2022-2025,2022-07-27,"[""financial_bad""]",2022-07-26,801738.SI,002121.SZ
801017.SI,True,2022-04-16,True,False,False,True,2022-2025,2022-07-27,"[""financial_bad""]",2022-07-26,801017.SI,300498.SZ
801992.SI,True,2022-03-31,True,False,False,True,2022-2025,2022-07-27,"[""financial_bad""]",2022-07-26,801992.SI,600026.SH
801995.SI,False,2022-04-29,True,False,False,True,2022-2025,2022-07-27,"[""financial_bad""]",2022-07-26,801995.SI,600996.SH
801017.SI,True,2022-04-16,True,False,False,True,2022-2025,2022-07-28,"[""financial_bad""]",2022-07-27,801017.SI,300498.SZ
801992.SI,True,2022-03-31,True,False,False,True,2022-2025,2022-07-28,"[""financial_bad""]",2022-07-27,801992.SI,600026.SH
801995.SI,False,2022-04-29,True,False,False,True,2022-2025,2022-07-28,"[""financial_bad""]",2022-07-27,801995.SI,600996.SH
801017.SI,True,2022-04-16,True,False,False,True,2022-2025,2022-07-29,"[""financial_bad""]",2022-07-28,801017.SI,300498.SZ
801992.SI,True,2022-03-31,True,False,False,True,2022-2025,2022-07-29,"[""financial_bad""]",2022-07-28,801992.SI,600026.SH
801741.SI,True,2022-04-29,True,False,False,True,2022-2025,2022-07-29,"[""financial_bad""]",2022-07-28,801741.SI,600343.SH
801971.SI,True,2022-04-30,False,False,True,True,2022-2025,2022-07-29,"[""st""]",2022-07-28,801971.SI,600388.SH
801017.SI,True,2022-04-16,True,False,False,True,2022-2025,2022-08-01,"[""financial_bad""]",2022-07-29,801017.SI,300498.SZ
801992.SI,True,2022-03-31,True,False,False,True,2022-2025,2022-08-01,"[""financial_bad""]",2022-07-29,801992.SI,600026.SH
801971.SI,True,2022-04-30,False,False,True,True,2022-2025,2022-08-01,"[""st""]",2022-07-29,801972.SI,600388.SH
801995.SI,False,2022-04-29,True,False,False,True,2022-2025,2022-08-01,"[""financial_bad""]",2022-07-29,801995.SI,600996.SH
801017.SI,True,2022-04-16,True,False,False,True,2022-2025,2022-08-02,"[""financial_bad""]",2022-08-01,801017.SI,300498.SZ
801995.SI,False,2022-04-29,True,False,False,True,2022-2025,2022-08-02,"[""financial_bad""]",2022-08-01,801995.SI,600996.SH
801738.SI,True,2022-04-27,True,False,False,True,2022-2025,2022-08-03,"[""financial_bad""]",2022-08-02,801738.SI,002121.SZ
801712.SI,False,2022-04-29,True,False,False,True,2022-2025,2022-08-03,"[""financial_bad""]",2022-08-02,801712.SI,300093.SZ
801017.SI,True,2022-04-16,True,False,False,True,2022-2025,2022-08-03,"[""financial_bad""]",2022-08-02,801017.SI,300498.SZ
801992.SI,True,2022-03-31,True,False,False,True,2022-2025,2022-08-03,"[""financial_bad""]",2022-08-02,801992.SI,600026.SH
801995.SI,False,2022-04-29,True,False,False,True,2022-2025,2022-08-03,"[""financial_bad""]",2022-08-02,801995.SI,600996.SH
801738.SI,True,2022-04-27,True,False,False,True,2022-2025,2022-08-04,"[""financial_bad""]",2022-08-03,801738.SI,002121.SZ
801712.SI,False,2022-04-29,True,False,False,True,2022-2025,2022-08-04,"[""financial_bad""]",2022-08-03,801712.SI,300093.SZ
801017.SI,True,2022-04-16,True,False,False,True,2022-2025,2022-08-04,"[""financial_bad""]",2022-08-03,801017.SI,300498.SZ
801992.SI,True,2022-03-31,True,False,False,True,2022-2025,2022-08-04,"[""financial_bad""]",2022-08-03,801992.SI,600026.SH
801738.SI,True,2022-04-27,True,False,False,True,2022-2025,2022-08-05,"[""financial_bad""]",2022-08-04,801738.SI,002121.SZ
801017.SI,True,2022-04-16,True,False,False,True,2022-2025,2022-08-05,"[""financial_bad""]",2022-08-04,801017.SI,300498.SZ
801992.SI,True,2022-03-31,True,False,False,True,2022-2025,2022-08-05,"[""financial_bad""]",2022-08-04,801992.SI,600026.SH
801995.SI,False,2022-04-29,True,False,False,True,2022-2025,2022-08-05,"[""financial_bad""]",2022-08-04,801995.SI,600996.SH
801738.SI,True,2022-04-27,True,False,False,True,2022-2025,2022-08-08,"[""financial_bad""]",2022-08-05,801738.SI,002121.SZ
801712.SI,False,2022-04-29,True,False,False,True,2022-2025,2022-08-08,"[""financial_bad""]",2022-08-05,801712.SI,300093.SZ
801017.SI,True,2022-04-16,True,False,False,True,2022-2025,2022-08-08,"[""financial_bad""]",2022-08-05,801017.SI,300498.SZ
801992.SI,True,2022-03-31,True,False,False,True,2022-2025,2022-08-08,"[""financial_bad""]",2022-08-05,801992.SI,600026.SH
801738.SI,True,2022-04-27,True,False,False,True,2022-2025,2022-08-09,"[""financial_bad""]",2022-08-08,801738.SI,002121.SZ
801017.SI,True,2022-04-16,True,False,False,True,2022-2025,2022-08-09,"[""financial_bad""]",2022-08-08,801017.SI,300498.SZ
801992.SI,True,2022-03-31,True,False,False,True,2022-2025,2022-08-09,"[""financial_bad""]",2022-08-08,801992.SI,600026.SH
801738.SI,True,2022-04-27,True,False,False,True,2022-2025,2022-08-10,"[""financial_bad""]",2022-08-09,801738.SI,002121.SZ
801992.SI,True,2022-03-31,True,False,False,True,2022-2025,2022-08-10,"[""financial_bad""]",2022-08-09,801992.SI,600026.SH
801738.SI,True,2022-04-27,True,False,False,True,2022-2025,2022-08-11,"[""financial_bad""]",2022-08-10,801738.SI,002121.SZ
801992.SI,True,2022-03-31,True,False,False,True,2022-2025,2022-08-11,"[""financial_bad""]",2022-08-10,801992.SI,600026.SH
801738.SI,True,2022-04-27,True,False,False,True,2022-2025,2022-08-12,"[""financial_bad""]",2022-08-11,801738.SI,002121.SZ
801992.SI,True,2022-03-31,True,False,False,True,2022-2025,2022-08-12,"[""financial_bad""]",2022-08-11,801992.SI,600026.SH
801738.SI,True,2022-04-27,True,False,False,True,2022-2025,2022-08-15,"[""financial_bad""]",2022-08-12,801738.SI,002121.SZ
801992.SI,True,2022-03-31,True,False,False,True,2022-2025,2022-08-15,"[""financial_bad""]",2022-08-12,801992.SI,600026.SH
801738.SI,True,2022-04-27,True,False,False,True,2022-2025,2022-08-16,"[""financial_bad""]",2022-08-15,801738.SI,002121.SZ
801992.SI,True,2022-03-31,True,False,False,True,2022-2025,2022-08-16,"[""financial_bad""]",2022-08-15,801992.SI,600026.SH
801722.SI,True,2022-04-30,True,False,False,True,2022-2025,2022-08-17,"[""financial_bad""]",2022-08-16,801722.SI,002047.SZ
801738.SI,True,2022-04-27,True,False,False,True,2022-2025,2022-08-17,"[""financial_bad""]",2022-08-16,801738.SI,002121.SZ
801733.SI,True,2022-04-28,True,False,False,True,2022-2025,2022-08-17,"[""financial_bad""]",2022-08-16,801733.SI,002630.SZ
801017.SI,True,2022-04-16,True,False,False,True,2022-2025,2022-08-17,"[""financial_bad""]",2022-08-16,801017.SI,300498.SZ
801722.SI,True,2022-04-30,True,False,False,True,2022-2025,2022-08-18,"[""financial_bad""]",2022-08-17,801722.SI,002047.SZ
801738.SI,True,2022-04-27,True,False,False,True,2022-2025,2022-08-18,"[""financial_bad""]",2022-08-17,801738.SI,002121.SZ
801733.SI,True,2022-04-28,True,False,False,True,2022-2025,2022-08-18,"[""financial_bad""]",2022-08-17,801733.SI,002630.SZ
801017.SI,True,2022-04-16,True,False,False,True,2022-2025,2022-08-18,"[""financial_bad""]",2022-08-17,801017.SI,300498.SZ
801722.SI,True,2022-04-30,True,False,False,True,2022-2025,2022-08-19,"[""financial_bad""]",2022-08-18,801722.SI,002047.SZ
801733.SI,True,2022-04-28,True,False,False,True,2022-2025,2022-08-19,"[""financial_bad""]",2022-08-18,801733.SI,002630.SZ
801017.SI,True,2022-04-16,True,False,False,True,2022-2025,2022-08-19,"[""financial_bad""]",2022-08-18,801017.SI,300498.SZ
801733.SI,True,2022-04-28,True,False,False,True,2022-2025,2022-08-22,"[""financial_bad""]",2022-08-19,801733.SI,002630.SZ
801017.SI,True,2022-04-16,True,False,False,True,2022-2025,2022-08-22,"[""financial_bad""]",2022-08-19,801017.SI,300498.SZ
801733.SI,True,2022-04-28,True,False,False,True,2022-2025,2022-08-23,"[""financial_bad""]",2022-08-22,801733.SI,002630.SZ
801971.SI,True,2022-04-30,False,False,True,True,2022-2025,2022-08-23,"[""st""]",2022-08-22,801972.SI,600388.SH
801722.SI,True,2022-04-30,True,False,False,True,2022-2025,2022-08-24,"[""financial_bad""]",2022-08-23,801722.SI,002047.SZ
801733.SI,True,2022-04-28,True,False,False,True,2022-2025,2022-08-24,"[""financial_bad""]",2022-08-23,801733.SI,002630.SZ
801995.SI,False,2022-04-29,True,False,False,True,2022-2025,2022-08-24,"[""financial_bad""]",2022-08-23,801995.SI,600996.SH
801722.SI,True,2022-04-30,True,False,False,True,2022-2025,2022-08-25,"[""financial_bad""]",2022-08-24,801722.SI,002047.SZ
801733.SI,True,2022-04-28,True,False,False,True,2022-2025,2022-08-25,"[""financial_bad""]",2022-08-24,801733.SI,002630.SZ
801971.SI,True,2022-04-30,False,False,True,True,2022-2025,2022-08-25,"[""st""]",2022-08-24,801972.SI,600388.SH
801722.SI,True,2022-04-30,True,False,False,True,2022-2025,2022-08-26,"[""financial_bad""]",2022-08-25,801722.SI,002047.SZ
801722.SI,True,2022-04-30,True,False,False,True,2022-2025,2022-08-29,"[""financial_bad""]",2022-08-26,801722.SI,002047.SZ
801995.SI,False,2022-04-29,True,False,False,True,2022-2025,2022-08-29,"[""financial_bad""]",2022-08-26,801995.SI,600996.SH
801722.SI,True,2022-04-30,True,False,False,True,2022-2025,2022-08-30,"[""financial_bad""]",2022-08-29,801722.SI,002047.SZ
801738.SI,True,2022-04-27,True,False,False,True,2022-2025,2022-08-30,"[""financial_bad""]",2022-08-29,801738.SI,002121.SZ
801995.SI,False,2022-04-29,True,False,False,True,2022-2025,2022-08-30,"[""financial_bad""]",2022-08-29,801995.SI,600996.SH
801722.SI,True,2022-04-30,True,False,False,True,2022-2025,2022-08-31,"[""financial_bad""]",2022-08-30,801722.SI,002047.SZ
801738.SI,True,2022-04-27,True,False,False,True,2022-2025,2022-08-31,"[""financial_bad""]",2022-08-30,801738.SI,002121.SZ
801971.SI,True,2022-04-30,False,False,True,True,2022-2025,2022-08-31,"[""st""]",2022-08-30,801972.SI,600388.SH
801995.SI,False,2022-04-29,True,False,False,True,2022-2025,2022-08-31,"[""financial_bad""]",2022-08-30,801995.SI,600996.SH
801738.SI,True,2022-04-27,True,False,False,True,2022-2025,2022-09-01,"[""financial_bad""]",2022-08-31,801738.SI,002121.SZ
801017.SI,False,2022-04-16,True,False,False,True,2022-2025,2022-09-01,"[""financial_bad""]",2022-08-31,801017.SI,300498.SZ
801971.SI,True,2022-04-30,False,False,True,True,2022-2025,2022-09-01,"[""st""]",2022-08-31,801972.SI,600388.SH
801995.SI,False,2022-04-29,True,False,False,True,2022-2025,2022-09-01,"[""financial_bad""]",2022-08-31,801995.SI,600996.SH
801738.SI,True,2022-04-27,True,False,False,True,2022-2025,2022-09-02,"[""financial_bad""]",2022-09-01,801738.SI,002121.SZ
801017.SI,False,2022-04-16,True,False,False,True,2022-2025,2022-09-02,"[""financial_bad""]",2022-09-01,801017.SI,300498.SZ
801971.SI,True,2022-04-30,False,False,True,True,2022-2025,2022-09-02,"[""st""]",2022-09-01,801972.SI,600388.SH
801722.SI,True,2022-04-30,True,False,False,True,2022-2025,2022-09-09,"[""financial_bad""]",2022-09-08,801722.SI,002047.SZ
801738.SI,True,2022-04-27,True,False,False,True,2022-2025,2022-09-09,"[""financial_bad""]",2022-09-08,801738.SI,002121.SZ
801733.SI,True,2022-04-28,True,False,False,True,2022-2025,2022-09-09,"[""financial_bad""]",2022-09-08,801733.SI,002630.SZ
801017.SI,False,2022-04-16,True,False,False,True,2022-2025,2022-09-09,"[""financial_bad""]",2022-09-08,801017.SI,300498.SZ
801995.SI,False,2022-04-29,True,False,False,True,2022-2025,2022-09-09,"[""financial_bad""]",2022-09-08,801995.SI,600996.SH
801722.SI,True,2022-04-30,True,False,False,True,2022-2025,2022-09-13,"[""financial_bad""]",2022-09-09,801722.SI,002047.SZ
801738.SI,True,2022-04-27,True,False,False,True,2022-2025,2022-09-13,"[""financial_bad""]",2022-09-09,801738.SI,002121.SZ
801733.SI,True,2022-04-28,True,False,False,True,2022-2025,2022-09-13,"[""financial_bad""]",2022-09-09,801733.SI,002630.SZ
801017.SI,False,2022-04-16,True,False,False,True,2022-2025,2022-09-13,"[""financial_bad""]",2022-09-09,801017.SI,300498.SZ
801971.SI,False,2022-04-30,False,False,True,True,2022-2025,2022-09-13,"[""st""]",2022-09-09,801972.SI,600388.SH
801995.SI,False,2022-04-29,True,False,False,True,2022-2025,2022-09-13,"[""financial_bad""]",2022-09-09,801995.SI,600996.SH
801722.SI,True,2022-04-30,True,False,False,True,2022-2025,2022-09-14,"[""financial_bad""]",2022-09-13,801722.SI,002047.SZ
801738.SI,True,2022-04-27,True,False,False,True,2022-2025,2022-09-14,"[""financial_bad""]",2022-09-13,801738.SI,002121.SZ
801733.SI,True,2022-04-28,True,False,False,True,2022-2025,2022-09-14,"[""financial_bad""]",2022-09-13,801733.SI,002630.SZ
801017.SI,False,2022-04-16,True,False,False,True,2022-2025,2022-09-14,"[""financial_bad""]",2022-09-13,801017.SI,300498.SZ
801971.SI,False,2022-04-30,False,False,True,True,2022-2025,2022-09-14,"[""st""]",2022-09-13,801972.SI,600388.SH
801722.SI,True,2022-04-30,True,False,False,True,2022-2025,2022-09-15,"[""financial_bad""]",2022-09-14,801722.SI,002047.SZ
801738.SI,True,2022-04-27,True,False,False,True,2022-2025,2022-09-15,"[""financial_bad""]",2022-09-14,801738.SI,002121.SZ
801733.SI,True,2022-04-28,True,False,False,True,2022-2025,2022-09-15,"[""financial_bad""]",2022-09-14,801733.SI,002630.SZ
801017.SI,False,2022-04-16,True,False,False,True,2022-2025,2022-09-15,"[""financial_bad""]",2022-09-14,801017.SI,300498.SZ
801971.SI,False,2022-04-30,False,False,True,True,2022-2025,2022-09-15,"[""st""]",2022-09-14,801972.SI,600388.SH
801722.SI,False,2022-04-30,True,False,False,True,2022-2025,2022-10-20,"[""financial_bad""]",2022-10-19,801722.SI,002047.SZ
801103.SI,True,2022-04-20,True,False,True,True,2022-2025,2022-10-20,"[""st"",""financial_bad""]",2022-10-19,801103.SI,002417.SZ
801733.SI,True,2022-04-28,True,False,False,True,2022-2025,2022-10-20,"[""financial_bad""]",2022-10-19,801733.SI,002630.SZ
801072.SI,False,2022-04-28,True,False,False,True,2022-2025,2022-10-20,"[""financial_bad""]",2022-10-19,801972.SI,300203.SZ
801995.SI,False,2022-04-29,True,False,False,True,2022-2025,2022-10-20,"[""financial_bad""]",2022-10-19,801995.SI,600996.SH
801722.SI,False,2022-04-30,True,False,False,True,2022-2025,2022-10-21,"[""financial_bad""]",2022-10-20,801722.SI,002047.SZ
801103.SI,True,2022-04-20,True,False,True,True,2022-2025,2022-10-21,"[""st"",""financial_bad""]",2022-10-20,801103.SI,002417.SZ
801733.SI,True,2022-04-28,True,False,False,True,2022-2025,2022-10-21,"[""financial_bad""]",2022-10-20,801733.SI,002630.SZ
801072.SI,False,2022-04-28,True,False,False,True,2022-2025,2022-10-21,"[""financial_bad""]",2022-10-20,801972.SI,300203.SZ
801995.SI,False,2022-04-29,True,False,False,True,2022-2025,2022-10-21,"[""financial_bad""]",2022-10-20,801995.SI,600996.SH
801722.SI,False,2022-04-30,True,False,False,True,2022-2025,2022-10-24,"[""financial_bad""]",2022-10-21,801722.SI,002047.SZ
801733.SI,True,2022-04-28,True,False,False,True,2022-2025,2022-10-24,"[""financial_bad""]",2022-10-21,801733.SI,002630.SZ
801072.SI,False,2022-04-28,True,False,False,True,2022-2025,2022-10-24,"[""financial_bad""]",2022-10-21,801972.SI,300203.SZ
801995.SI,False,2022-04-29,True,False,False,True,2022-2025,2022-10-24,"[""financial_bad""]",2022-10-21,801995.SI,600996.SH
801103.SI,True,2022-04-20,True,False,True,True,2022-2025,2022-10-25,"[""st"",""financial_bad""]",2022-10-24,801103.SI,002417.SZ
801733.SI,True,2022-04-28,True,False,False,True,2022-2025,2022-10-25,"[""financial_bad""]",2022-10-24,801733.SI,002630.SZ
801072.SI,True,2022-04-28,True,False,False,True,2022-2025,2022-10-25,"[""financial_bad""]",2022-10-24,801972.SI,300203.SZ
801995.SI,False,2022-04-29,True,False,False,True,2022-2025,2022-10-25,"[""financial_bad""]",2022-10-24,801995.SI,600996.SH
801722.SI,False,2022-04-30,True,False,False,True,2022-2025,2022-11-08,"[""financial_bad""]",2022-11-07,801722.SI,002047.SZ
801103.SI,True,2022-04-20,True,False,True,True,2022-2025,2022-11-08,"[""st"",""financial_bad""]",2022-11-07,801103.SI,002417.SZ
801733.SI,True,2022-04-28,True,False,False,True,2022-2025,2022-11-08,"[""financial_bad""]",2022-11-07,801733.SI,002630.SZ
801712.SI,False,2022-04-29,True,False,False,True,2022-2025,2022-11-08,"[""financial_bad""]",2022-11-07,801712.SI,300093.SZ
801991.SI,True,2022-04-09,True,False,False,True,2022-2025,2022-11-08,"[""financial_bad""]",2022-11-07,801991.SI,600004.SH
801995.SI,False,2022-04-29,True,False,False,True,2022-2025,2022-11-08,"[""financial_bad""]",2022-11-07,801995.SI,600996.SH
801722.SI,False,2022-04-30,True,False,False,True,2022-2025,2022-11-09,"[""financial_bad""]",2022-11-08,801722.SI,002047.SZ
801103.SI,True,2022-04-20,True,False,True,True,2022-2025,2022-11-09,"[""st"",""financial_bad""]",2022-11-08,801103.SI,002417.SZ
801733.SI,True,2022-04-28,True,False,False,True,2022-2025,2022-11-09,"[""financial_bad""]",2022-11-08,801733.SI,002630.SZ
801712.SI,False,2022-04-29,True,False,False,True,2022-2025,2022-11-09,"[""financial_bad""]",2022-11-08,801712.SI,300093.SZ
801991.SI,True,2022-04-09,True,False,False,True,2022-2025,2022-11-09,"[""financial_bad""]",2022-11-08,801991.SI,600004.SH
801995.SI,False,2022-04-29,True,False,False,True,2022-2025,2022-11-09,"[""financial_bad""]",2022-11-08,801995.SI,600996.SH
801722.SI,False,2022-04-30,True,False,False,True,2022-2025,2022-11-10,"[""financial_bad""]",2022-11-09,801722.SI,002047.SZ
801103.SI,True,2022-04-20,True,False,True,True,2022-2025,2022-11-10,"[""st"",""financial_bad""]",2022-11-09,801103.SI,002417.SZ
801733.SI,True,2022-04-28,True,False,False,True,2022-2025,2022-11-10,"[""financial_bad""]",2022-11-09,801733.SI,002630.SZ
801712.SI,False,2022-04-29,True,False,False,True,2022-2025,2022-11-10,"[""financial_bad""]",2022-11-09,801712.SI,300093.SZ
801991.SI,True,2022-04-09,True,False,False,True,2022-2025,2022-11-10,"[""financial_bad""]",2022-11-09,801991.SI,600004.SH
801995.SI,False,2022-04-29,True,False,False,True,2022-2025,2022-11-10,"[""financial_bad""]",2022-11-09,801995.SI,600996.SH
801103.SI,True,2022-04-20,True,False,True,True,2022-2025,2022-11-11,"[""st"",""financial_bad""]",2022-11-10,801103.SI,002417.SZ
801733.SI,True,2022-04-28,True,False,False,True,2022-2025,2022-11-11,"[""financial_bad""]",2022-11-10,801733.SI,002630.SZ
801712.SI,False,2022-04-29,True,False,False,True,2022-2025,2022-11-11,"[""financial_bad""]",2022-11-10,801712.SI,300093.SZ
801991.SI,True,2022-04-09,True,False,False,True,2022-2025,2022-11-11,"[""financial_bad""]",2022-11-10,801991.SI,600004.SH
801995.SI,False,2022-04-29,True,False,False,True,2022-2025,2022-11-11,"[""financial_bad""]",2022-11-10,801995.SI,600996.SH
801103.SI,True,2022-04-20,True,False,True,True,2022-2025,2022-11-14,"[""st"",""financial_bad""]",2022-11-11,801103.SI,002417.SZ
801733.SI,True,2022-04-28,True,False,False,True,2022-2025,2022-11-14,"[""financial_bad""]",2022-11-11,801733.SI,002630.SZ
801712.SI,False,2022-04-29,True,False,False,True,2022-2025,2022-11-14,"[""financial_bad""]",2022-11-11,801712.SI,300093.SZ
801991.SI,True,2022-04-09,True,False,False,True,2022-2025,2022-11-14,"[""financial_bad""]",2022-11-11,801991.SI,600004.SH
801995.SI,False,2022-04-29,True,False,False,True,2022-2025,2022-11-14,"[""financial_bad""]",2022-11-11,801995.SI,600996.SH
801103.SI,True,2022-04-20,True,False,True,True,2022-2025,2022-11-15,"[""st"",""financial_bad""]",2022-11-14,801103.SI,002417.SZ
801733.SI,True,2022-04-28,True,False,False,True,2022-2025,2022-11-15,"[""financial_bad""]",2022-11-14,801733.SI,002630.SZ
801995.SI,False,2022-04-29,True,False,False,True,2022-2025,2022-11-15,"[""financial_bad""]",2022-11-14,801995.SI,600996.SH
801733.SI,True,2022-04-28,True,False,False,True,2022-2025,2022-11-16,"[""financial_bad""]",2022-11-15,801733.SI,002630.SZ
801712.SI,False,2022-04-29,True,False,False,True,2022-2025,2022-11-16,"[""financial_bad""]",2022-11-15,801712.SI,300093.SZ
801995.SI,False,2022-04-29,True,False,False,True,2022-2025,2022-11-16,"[""financial_bad""]",2022-11-15,801995.SI,600996.SH
801103.SI,True,2022-04-20,True,False,True,True,2022-2025,2022-11-17,"[""st"",""financial_bad""]",2022-11-16,801103.SI,002417.SZ
801733.SI,True,2022-04-28,True,False,False,True,2022-2025,2022-11-17,"[""financial_bad""]",2022-11-16,801733.SI,002630.SZ
801712.SI,False,2022-04-29,True,False,False,True,2022-2025,2022-11-17,"[""financial_bad""]",2022-11-16,801712.SI,300093.SZ
801995.SI,False,2022-04-29,True,False,False,True,2022-2025,2022-11-17,"[""financial_bad""]",2022-11-16,801995.SI,600996.SH
801103.SI,True,2022-04-20,True,False,True,True,2022-2025,2022-11-18,"[""st"",""financial_bad""]",2022-11-17,801103.SI,002417.SZ
801733.SI,True,2022-04-28,True,False,False,True,2022-2025,2022-11-18,"[""financial_bad""]",2022-11-17,801733.SI,002630.SZ
801103.SI,True,2022-04-23,True,False,False,True,2022-2025,2022-11-18,"[""financial_bad""]",2022-11-17,801103.SI,002657.SZ
801712.SI,False,2022-04-29,True,False,False,True,2022-2025,2022-11-18,"[""financial_bad""]",2022-11-17,801712.SI,300093.SZ
801995.SI,False,2022-04-29,True,False,False,True,2022-2025,2022-11-18,"[""financial_bad""]",2022-11-17,801995.SI,600996.SH
801103.SI,True,2022-04-20,True,False,True,True,2022-2025,2022-11-21,"[""st"",""financial_bad""]",2022-11-18,801103.SI,002417.SZ
801733.SI,True,2022-04-28,True,False,False,True,2022-2025,2022-11-21,"[""financial_bad""]",2022-11-18,801733.SI,002630.SZ
801712.SI,False,2022-04-29,True,False,False,True,2022-2025,2022-11-21,"[""financial_bad""]",2022-11-18,801712.SI,300093.SZ
801072.SI,True,2022-04-28,True,False,False,True,2022-2025,2022-11-21,"[""financial_bad""]",2022-11-18,801972.SI,300203.SZ
801995.SI,False,2022-04-29,True,False,False,True,2022-2025,2022-11-21,"[""financial_bad""]",2022-11-18,801995.SI,600996.SH
801103.SI,True,2022-04-20,True,False,True,True,2022-2025,2022-11-22,"[""st"",""financial_bad""]",2022-11-21,801103.SI,002417.SZ
801733.SI,True,2022-04-28,True,False,False,True,2022-2025,2022-11-22,"[""financial_bad""]",2022-11-21,801733.SI,002630.SZ
801712.SI,False,2022-04-29,True,False,False,True,2022-2025,2022-11-22,"[""financial_bad""]",2022-11-21,801712.SI,300093.SZ
801995.SI,False,2022-04-29,True,False,False,True,2022-2025,2022-11-22,"[""financial_bad""]",2022-11-21,801995.SI,600996.SH
801738.SI,True,2022-04-27,True,False,False,True,2022-2025,2022-11-23,"[""financial_bad""]",2022-11-22,801738.SI,002121.SZ
801103.SI,True,2022-04-20,True,False,True,True,2022-2025,2022-11-23,"[""st"",""financial_bad""]",2022-11-22,801103.SI,002417.SZ
801733.SI,True,2022-04-28,True,False,False,True,2022-2025,2022-11-23,"[""financial_bad""]",2022-11-22,801733.SI,002630.SZ
801712.SI,False,2022-04-29,True,False,False,True,2022-2025,2022-11-23,"[""financial_bad""]",2022-11-22,801712.SI,300093.SZ
801995.SI,False,2022-04-29,True,False,False,True,2022-2025,2022-11-23,"[""financial_bad""]",2022-11-22,801995.SI,600996.SH
801103.SI,True,2022-04-20,True,False,True,True,2022-2025,2022-11-24,"[""st"",""financial_bad""]",2022-11-23,801103.SI,002417.SZ
801733.SI,True,2022-04-28,True,False,False,True,2022-2025,2022-11-24,"[""financial_bad""]",2022-11-23,801733.SI,002630.SZ
801712.SI,False,2022-04-29,True,False,False,True,2022-2025,2022-11-24,"[""financial_bad""]",2022-11-23,801712.SI,300093.SZ
801995.SI,False,2022-04-29,True,False,False,True,2022-2025,2022-11-24,"[""financial_bad""]",2022-11-23,801995.SI,600996.SH
801103.SI,True,2022-04-20,True,False,True,True,2022-2025,2022-11-25,"[""st"",""financial_bad""]",2022-11-24,801103.SI,002417.SZ
801733.SI,True,2022-04-28,True,False,False,True,2022-2025,2022-11-25,"[""financial_bad""]",2022-11-24,801733.SI,002630.SZ
801712.SI,False,2022-04-29,True,False,False,True,2022-2025,2022-11-25,"[""financial_bad""]",2022-11-24,801712.SI,300093.SZ
801995.SI,False,2022-04-29,True,False,False,True,2022-2025,2022-11-25,"[""financial_bad""]",2022-11-24,801995.SI,600996.SH
801733.SI,True,2022-04-28,True,False,False,True,2022-2025,2022-11-28,"[""financial_bad""]",2022-11-25,801733.SI,002630.SZ
801712.SI,False,2022-04-29,True,False,False,True,2022-2025,2022-11-28,"[""financial_bad""]",2022-11-25,801712.SI,300093.SZ
801995.SI,False,2022-04-29,True,False,False,True,2022-2025,2022-11-28,"[""financial_bad""]",2022-11-25,801995.SI,600996.SH
801103.SI,True,2022-04-20,True,False,True,True,2022-2025,2022-11-29,"[""st"",""financial_bad""]",2022-11-28,801103.SI,002417.SZ
801733.SI,True,2022-04-28,True,False,False,True,2022-2025,2022-11-29,"[""financial_bad""]",2022-11-28,801733.SI,002630.SZ
801712.SI,False,2022-04-29,True,False,False,True,2022-2025,2022-11-29,"[""financial_bad""]",2022-11-28,801712.SI,300093.SZ
801995.SI,False,2022-04-29,True,False,False,True,2022-2025,2022-11-29,"[""financial_bad""]",2022-11-28,801995.SI,600996.SH
801103.SI,True,2022-04-20,True,False,True,True,2022-2025,2022-11-30,"[""st"",""financial_bad""]",2022-11-29,801103.SI,002417.SZ
801733.SI,True,2022-04-28,True,False,False,True,2022-2025,2022-11-30,"[""financial_bad""]",2022-11-29,801733.SI,002630.SZ
801712.SI,False,2022-04-29,True,False,False,True,2022-2025,2022-11-30,"[""financial_bad""]",2022-11-29,801712.SI,300093.SZ
801995.SI,False,2022-04-29,True,False,False,True,2022-2025,2022-11-30,"[""financial_bad""]",2022-11-29,801995.SI,600996.SH
801103.SI,True,2022-04-20,True,False,True,True,2022-2025,2022-12-01,"[""st"",""financial_bad""]",2022-11-30,801103.SI,002417.SZ
801733.SI,True,2022-04-28,True,False,False,True,2022-2025,2022-12-01,"[""financial_bad""]",2022-11-30,801733.SI,002630.SZ
801712.SI,False,2022-04-29,True,False,False,True,2022-2025,2022-12-01,"[""financial_bad""]",2022-11-30,801712.SI,300093.SZ
801995.SI,False,2022-04-29,True,False,False,True,2022-2025,2022-12-01,"[""financial_bad""]",2022-11-30,801995.SI,600996.SH
801103.SI,True,2022-04-20,True,False,True,True,2022-2025,2022-12-02,"[""st"",""financial_bad""]",2022-12-01,801103.SI,002417.SZ
801733.SI,True,2022-04-28,True,False,False,True,2022-2025,2022-12-02,"[""financial_bad""]",2022-12-01,801733.SI,002630.SZ
801712.SI,False,2022-04-29,True,False,False,True,2022-2025,2022-12-02,"[""financial_bad""]",2022-12-01,801712.SI,300093.SZ
801995.SI,False,2022-04-29,True,False,False,True,2022-2025,2022-12-02,"[""financial_bad""]",2022-12-01,801995.SI,600996.SH
801103.SI,True,2022-04-20,True,False,True,True,2022-2025,2022-12-05,"[""st"",""financial_bad""]",2022-12-02,801103.SI,002417.SZ
801733.SI,True,2022-04-28,True,False,False,True,2022-2025,2022-12-05,"[""financial_bad""]",2022-12-02,801733.SI,002630.SZ
801712.SI,False,2022-04-29,True,False,False,True,2022-2025,2022-12-05,"[""financial_bad""]",2022-12-02,801712.SI,300093.SZ
801995.SI,True,2022-04-29,True,False,False,True,2022-2025,2022-12-05,"[""financial_bad""]",2022-12-02,801995.SI,600996.SH
801733.SI,True,2022-04-28,True,False,False,True,2022-2025,2022-12-06,"[""financial_bad""]",2022-12-05,801733.SI,002630.SZ
801712.SI,False,2022-04-29,True,False,False,True,2022-2025,2022-12-06,"[""financial_bad""]",2022-12-05,801712.SI,300093.SZ
801991.SI,False,2022-04-09,True,False,False,True,2022-2025,2022-12-06,"[""financial_bad""]",2022-12-05,801991.SI,600004.SH
801995.SI,True,2022-04-29,True,False,False,True,2022-2025,2022-12-06,"[""financial_bad""]",2022-12-05,801995.SI,600996.SH
801733.SI,True,2022-04-28,True,False,False,True,2022-2025,2022-12-07,"[""financial_bad""]",2022-12-06,801733.SI,002630.SZ
801712.SI,False,2022-04-29,True,False,False,True,2022-2025,2022-12-07,"[""financial_bad""]",2022-12-06,801712.SI,300093.SZ
801991.SI,True,2022-04-09,True,False,False,True,2022-2025,2022-12-07,"[""financial_bad""]",2022-12-06,801991.SI,600004.SH
801995.SI,True,2022-04-29,True,False,False,True,2022-2025,2022-12-07,"[""financial_bad""]",2022-12-06,801995.SI,600996.SH
801733.SI,True,2022-04-28,True,False,False,True,2022-2025,2022-12-08,"[""financial_bad""]",2022-12-07,801733.SI,002630.SZ
801712.SI,False,2022-04-29,True,False,False,True,2022-2025,2022-12-08,"[""financial_bad""]",2022-12-07,801712.SI,300093.SZ
801991.SI,True,2022-04-09,True,False,False,True,2022-2025,2022-12-08,"[""financial_bad""]",2022-12-07,801991.SI,600004.SH
801995.SI,True,2022-04-29,True,False,False,True,2022-2025,2022-12-08,"[""financial_bad""]",2022-12-07,801995.SI,600996.SH
801733.SI,True,2022-04-28,True,False,False,True,2022-2025,2022-12-09,"[""financial_bad""]",2022-12-08,801733.SI,002630.SZ
801712.SI,False,2022-04-29,True,False,False,True,2022-2025,2022-12-09,"[""financial_bad""]",2022-12-08,801712.SI,300093.SZ
801991.SI,True,2022-04-09,True,False,False,True,2022-2025,2022-12-09,"[""financial_bad""]",2022-12-08,801991.SI,600004.SH
801992.SI,False,2022-03-31,True,False,False,True,2022-2025,2022-12-09,"[""financial_bad""]",2022-12-08,801992.SI,600026.SH
801995.SI,True,2022-04-29,True,False,False,True,2022-2025,2022-12-09,"[""financial_bad""]",2022-12-08,801995.SI,600996.SH
801733.SI,True,2022-04-28,True,False,False,True,2022-2025,2022-12-12,"[""financial_bad""]",2022-12-09,801733.SI,002630.SZ
801712.SI,False,2022-04-29,True,False,False,True,2022-2025,2022-12-12,"[""financial_bad""]",2022-12-09,801712.SI,300093.SZ
801991.SI,True,2022-04-09,True,False,False,True,2022-2025,2022-12-12,"[""financial_bad""]",2022-12-09,801991.SI,600004.SH
801995.SI,True,2022-04-29,True,False,False,True,2022-2025,2022-12-12,"[""financial_bad""]",2022-12-09,801995.SI,600996.SH
801733.SI,True,2022-04-28,True,False,False,True,2022-2025,2022-12-13,"[""financial_bad""]",2022-12-12,801733.SI,002630.SZ
801712.SI,False,2022-04-29,True,False,False,True,2022-2025,2022-12-13,"[""financial_bad""]",2022-12-12,801712.SI,300093.SZ
801991.SI,True,2022-04-09,True,False,False,True,2022-2025,2022-12-13,"[""financial_bad""]",2022-12-12,801991.SI,600004.SH
801995.SI,True,2022-04-29,True,False,False,True,2022-2025,2022-12-13,"[""financial_bad""]",2022-12-12,801995.SI,600996.SH
801733.SI,True,2022-04-28,True,False,False,True,2022-2025,2022-12-14,"[""financial_bad""]",2022-12-13,801733.SI,002630.SZ
801015.SI,True,2022-04-27,True,False,False,True,2022-2025,2022-12-14,"[""financial_bad""]",2022-12-13,801015.SI,300094.SZ
801995.SI,True,2022-04-29,True,False,False,True,2022-2025,2022-12-14,"[""financial_bad""]",2022-12-13,801995.SI,600996.SH
801733.SI,True,2022-04-28,True,False,False,True,2022-2025,2022-12-15,"[""financial_bad""]",2022-12-14,801733.SI,002630.SZ
801712.SI,False,2022-04-29,True,False,False,True,2022-2025,2022-12-15,"[""financial_bad""]",2022-12-14,801712.SI,300093.SZ
801015.SI,True,2022-04-27,True,False,False,True,2022-2025,2022-12-15,"[""financial_bad""]",2022-12-14,801015.SI,300094.SZ
801995.SI,True,2022-04-29,True,False,False,True,2022-2025,2022-12-15,"[""financial_bad""]",2022-12-14,801995.SI,600996.SH
801733.SI,True,2022-04-28,True,False,False,True,2022-2025,2022-12-16,"[""financial_bad""]",2022-12-15,801733.SI,002630.SZ
801991.SI,True,2022-04-09,True,False,False,True,2022-2025,2022-12-16,"[""financial_bad""]",2022-12-15,801991.SI,600004.SH
801995.SI,True,2022-04-29,True,False,False,True,2022-2025,2022-12-16,"[""financial_bad""]",2022-12-15,801995.SI,600996.SH
801738.SI,True,2022-04-27,True,False,False,True,2022-2025,2022-12-19,"[""financial_bad""]",2022-12-16,801738.SI,002121.SZ
801733.SI,False,2022-04-28,True,False,False,True,2022-2025,2022-12-19,"[""financial_bad""]",2022-12-16,801733.SI,002630.SZ
801712.SI,False,2022-04-29,True,False,False,True,2022-2025,2022-12-19,"[""financial_bad""]",2022-12-16,801712.SI,300093.SZ
801738.SI,True,2022-04-27,True,False,False,True,2022-2025,2022-12-20,"[""financial_bad""]",2022-12-19,801738.SI,002121.SZ
801733.SI,False,2022-04-28,True,False,False,True,2022-2025,2022-12-20,"[""financial_bad""]",2022-12-19,801733.SI,002630.SZ
801712.SI,False,2022-04-29,True,False,False,True,2022-2025,2022-12-20,"[""financial_bad""]",2022-12-19,801712.SI,300093.SZ
801015.SI,True,2022-04-27,True,False,False,True,2022-2025,2022-12-20,"[""financial_bad""]",2022-12-19,801015.SI,300094.SZ
801992.SI,False,2022-03-31,True,False,False,True,2022-2025,2022-12-20,"[""financial_bad""]",2022-12-19,801992.SI,600026.SH
801733.SI,False,2022-04-28,True,False,False,True,2022-2025,2023-01-09,"[""financial_bad""]",2023-01-06,801733.SI,002630.SZ
801712.SI,False,2022-04-29,True,False,False,True,2022-2025,2023-01-09,"[""financial_bad""]",2023-01-06,801712.SI,300093.SZ
801992.SI,False,2022-03-31,True,False,False,True,2022-2025,2023-01-09,"[""financial_bad""]",2023-01-06,801992.SI,600026.SH
801733.SI,False,2022-04-28,True,False,False,True,2022-2025,2023-01-10,"[""financial_bad""]",2023-01-09,801733.SI,002630.SZ
801712.SI,False,2022-04-29,True,False,False,True,2022-2025,2023-01-10,"[""financial_bad""]",2023-01-09,801712.SI,300093.SZ
801991.SI,True,2022-04-09,True,False,False,True,2022-2025,2023-01-10,"[""financial_bad""]",2023-01-09,801991.SI,600004.SH
801992.SI,False,2022-03-31,True,False,False,True,2022-2025,2023-01-10,"[""financial_bad""]",2023-01-09,801992.SI,600026.SH
801733.SI,False,2022-04-28,True,False,False,True,2022-2025,2023-01-11,"[""financial_bad""]",2023-01-10,801733.SI,002630.SZ
801712.SI,False,2022-04-29,True,False,False,True,2022-2025,2023-01-11,"[""financial_bad""]",2023-01-10,801712.SI,300093.SZ
801991.SI,True,2022-04-09,True,False,False,True,2022-2025,2023-01-11,"[""financial_bad""]",2023-01-10,801991.SI,600004.SH
801992.SI,False,2022-03-31,True,False,False,True,2022-2025,2023-01-11,"[""financial_bad""]",2023-01-10,801992.SI,600026.SH
801733.SI,False,2022-04-28,True,False,False,True,2022-2025,2023-01-12,"[""financial_bad""]",2023-01-11,801733.SI,002630.SZ
801712.SI,False,2022-04-29,True,False,False,True,2022-2025,2023-01-12,"[""financial_bad""]",2023-01-11,801712.SI,300093.SZ
801992.SI,False,2022-03-31,True,False,False,True,2022-2025,2023-01-12,"[""financial_bad""]",2023-01-11,801992.SI,600026.SH
801712.SI,False,2022-04-29,True,False,False,True,2022-2025,2023-01-13,"[""financial_bad""]",2023-01-12,801712.SI,300093.SZ
801992.SI,False,2022-03-31,True,False,False,True,2022-2025,2023-01-13,"[""financial_bad""]",2023-01-12,801992.SI,600026.SH
801712.SI,False,2022-04-29,True,False,False,True,2022-2025,2023-01-16,"[""financial_bad""]",2023-01-13,801712.SI,300093.SZ
801991.SI,True,2022-04-09,True,False,False,True,2022-2025,2023-01-16,"[""financial_bad""]",2023-01-13,801991.SI,600004.SH
801992.SI,False,2022-03-31,True,False,False,True,2022-2025,2023-01-16,"[""financial_bad""]",2023-01-13,801992.SI,600026.SH
801712.SI,True,2022-04-29,True,False,False,True,2022-2025,2023-01-17,"[""financial_bad""]",2023-01-16,801712.SI,300093.SZ
801991.SI,True,2022-04-09,True,False,False,True,2022-2025,2023-01-17,"[""financial_bad""]",2023-01-16,801991.SI,600004.SH
801712.SI,True,2022-04-29,True,False,False,True,2022-2025,2023-01-18,"[""financial_bad""]",2023-01-17,801712.SI,300093.SZ
801712.SI,True,2022-04-29,True,False,False,True,2022-2025,2023-01-19,"[""financial_bad""]",2023-01-18,801712.SI,300093.SZ
801712.SI,True,2022-04-29,True,False,False,True,2022-2025,2023-01-20,"[""financial_bad""]",2023-01-19,801712.SI,300093.SZ
801733.SI,False,2022-04-28,True,False,False,True,2022-2025,2023-01-30,"[""financial_bad""]",2023-01-20,801733.SI,002630.SZ
801712.SI,True,2022-04-29,True,False,False,True,2022-2025,2023-01-30,"[""financial_bad""]",2023-01-20,801712.SI,300093.SZ
801733.SI,False,2022-04-28,True,False,False,True,2022-2025,2023-01-31,"[""financial_bad""]",2023-01-30,801733.SI,002630.SZ
801712.SI,True,2022-04-29,True,False,False,True,2022-2025,2023-01-31,"[""financial_bad""]",2023-01-30,801712.SI,300093.SZ
801733.SI,False,2022-04-28,True,False,False,True,2022-2025,2023-02-01,"[""financial_bad""]",2023-01-31,801733.SI,002630.SZ
801712.SI,True,2022-04-29,True,False,False,True,2022-2025,2023-02-01,"[""financial_bad""]",2023-01-31,801712.SI,300093.SZ
801733.SI,False,2022-04-28,True,False,False,True,2022-2025,2023-02-02,"[""financial_bad""]",2023-02-01,801733.SI,002630.SZ
801712.SI,True,2022-04-29,True,False,False,True,2022-2025,2023-02-02,"[""financial_bad""]",2023-02-01,801712.SI,300093.SZ
801733.SI,False,2022-04-28,True,False,False,True,2022-2025,2023-02-03,"[""financial_bad""]",2023-02-02,801733.SI,002630.SZ
801712.SI,True,2022-04-29,True,False,False,True,2022-2025,2023-02-03,"[""financial_bad""]",2023-02-02,801712.SI,300093.SZ
801712.SI,True,2022-04-29,True,False,False,True,2022-2025,2023-02-06,"[""financial_bad""]",2023-02-03,801712.SI,300093.SZ
801712.SI,True,2022-04-29,True,False,False,True,2022-2025,2023-02-07,"[""financial_bad""]",2023-02-06,801712.SI,300093.SZ
801733.SI,False,2022-04-28,True,False,False,True,2022-2025,2023-02-08,"[""financial_bad""]",2023-02-07,801733.SI,002630.SZ
801712.SI,True,2022-04-29,True,False,False,True,2022-2025,2023-02-08,"[""financial_bad""]",2023-02-07,801712.SI,300093.SZ
801712.SI,True,2022-04-29,True,False,False,True,2022-2025,2023-02-09,"[""financial_bad""]",2023-02-08,801712.SI,300093.SZ
801712.SI,True,2022-04-29,True,False,False,True,2022-2025,2023-02-10,"[""financial_bad""]",2023-02-09,801712.SI,300093.SZ
801143.SI,True,2023-02-10,True,False,False,True,2022-2025,2023-02-13,"[""financial_bad""]",2023-02-10,801143.SI,000815.SZ
801712.SI,True,2022-04-29,True,False,False,True,2022-2025,2023-02-13,"[""financial_bad""]",2023-02-10,801712.SI,300093.SZ
801143.SI,True,2023-02-10,True,False,False,True,2022-2025,2023-02-14,"[""financial_bad""]",2023-02-13,801143.SI,000815.SZ
801712.SI,True,2022-04-29,True,False,False,True,2022-2025,2023-02-14,"[""financial_bad""]",2023-02-13,801712.SI,300093.SZ
801015.SI,False,2022-04-27,True,False,False,True,2022-2025,2023-02-14,"[""financial_bad""]",2023-02-13,801015.SI,300094.SZ
801143.SI,True,2023-02-10,True,False,False,True,2022-2025,2023-02-15,"[""financial_bad""]",2023-02-14,801143.SI,000815.SZ
801712.SI,True,2022-04-29,True,False,False,True,2022-2025,2023-02-15,"[""financial_bad""]",2023-02-14,801712.SI,300093.SZ
801015.SI,False,2022-04-27,True,False,False,True,2022-2025,2023-02-15,"[""financial_bad""]",2023-02-14,801015.SI,300094.SZ
801143.SI,True,2023-02-10,True,False,False,True,2022-2025,2023-02-16,"[""financial_bad""]",2023-02-15,801143.SI,000815.SZ
801712.SI,True,2022-04-29,True,False,False,True,2022-2025,2023-02-16,"[""financial_bad""]",2023-02-15,801712.SI,300093.SZ
801143.SI,True,2023-02-10,True,False,False,True,2022-2025,2023-02-17,"[""financial_bad""]",2023-02-16,801143.SI,000815.SZ
801712.SI,True,2022-04-29,True,False,False,True,2022-2025,2023-02-17,"[""financial_bad""]",2023-02-16,801712.SI,300093.SZ
801712.SI,True,2022-04-29,True,False,False,True,2022-2025,2023-02-20,"[""financial_bad""]",2023-02-17,801712.SI,300093.SZ
801712.SI,True,2022-04-29,True,False,False,True,2022-2025,2023-02-21,"[""financial_bad""]",2023-02-20,801712.SI,300093.SZ
801096.SI,True,2022-04-30,True,False,False,True,2022-2025,2023-02-21,"[""financial_bad""]",2023-02-20,801096.SI,600166.SH
801712.SI,True,2022-04-29,True,False,False,True,2022-2025,2023-02-22,"[""financial_bad""]",2023-02-21,801712.SI,300093.SZ
801096.SI,True,2022-04-30,True,False,False,True,2022-2025,2023-02-22,"[""financial_bad""]",2023-02-21,801096.SI,600166.SH
801733.SI,True,2022-04-28,True,False,False,True,2022-2025,2023-02-23,"[""financial_bad""]",2023-02-22,801733.SI,002630.SZ
801712.SI,True,2022-04-29,True,False,False,True,2022-2025,2023-02-23,"[""financial_bad""]",2023-02-22,801712.SI,300093.SZ
801096.SI,True,2022-04-30,True,False,False,True,2022-2025,2023-02-23,"[""financial_bad""]",2023-02-22,801096.SI,600166.SH
801712.SI,True,2022-04-29,True,False,False,True,2022-2025,2023-02-24,"[""financial_bad""]",2023-02-23,801712.SI,300093.SZ
801096.SI,True,2022-04-30,True,False,False,True,2022-2025,2023-02-24,"[""financial_bad""]",2023-02-23,801096.SI,600166.SH
801143.SI,True,2023-02-10,True,False,False,True,2022-2025,2023-02-27,"[""financial_bad""]",2023-02-24,801143.SI,000815.SZ
801712.SI,True,2022-04-29,True,False,False,True,2022-2025,2023-02-27,"[""financial_bad""]",2023-02-24,801712.SI,300093.SZ
801096.SI,True,2022-04-30,True,False,False,True,2022-2025,2023-02-27,"[""financial_bad""]",2023-02-24,801096.SI,600166.SH
801712.SI,True,2022-04-29,True,False,False,True,2022-2025,2023-02-28,"[""financial_bad""]",2023-02-27,801712.SI,300093.SZ
801143.SI,True,2023-02-10,True,False,False,True,2022-2025,2023-03-01,"[""financial_bad""]",2023-02-28,801143.SI,000815.SZ
801712.SI,True,2022-04-29,True,False,False,True,2022-2025,2023-03-01,"[""financial_bad""]",2023-02-28,801712.SI,300093.SZ
801143.SI,True,2023-02-10,True,False,False,True,2022-2025,2023-03-02,"[""financial_bad""]",2023-03-01,801143.SI,000815.SZ
801712.SI,True,2022-04-29,True,False,False,True,2022-2025,2023-03-02,"[""financial_bad""]",2023-03-01,801712.SI,300093.SZ
801143.SI,True,2023-02-10,True,False,False,True,2022-2025,2023-03-03,"[""financial_bad""]",2023-03-02,801143.SI,000815.SZ
801712.SI,True,2022-04-29,True,False,False,True,2022-2025,2023-03-03,"[""financial_bad""]",2023-03-02,801712.SI,300093.SZ
801096.SI,True,2022-04-30,True,False,False,True,2022-2025,2023-03-03,"[""financial_bad""]",2023-03-02,801096.SI,600166.SH
801143.SI,True,2023-02-10,True,False,False,True,2022-2025,2023-03-06,"[""financial_bad""]",2023-03-03,801143.SI,000815.SZ
801712.SI,True,2022-04-29,True,False,False,True,2022-2025,2023-03-06,"[""financial_bad""]",2023-03-03,801712.SI,300093.SZ
801991.SI,False,2022-04-09,True,False,False,True,2022-2025,2023-03-06,"[""financial_bad""]",2023-03-03,801991.SI,600004.SH
801143.SI,True,2023-02-10,True,False,False,True,2022-2025,2023-03-07,"[""financial_bad""]",2023-03-06,801143.SI,000815.SZ
801712.SI,True,2022-04-29,True,False,False,True,2022-2025,2023-03-07,"[""financial_bad""]",2023-03-06,801712.SI,300093.SZ
801991.SI,False,2022-04-09,True,False,False,True,2022-2025,2023-03-07,"[""financial_bad""]",2023-03-06,801991.SI,600004.SH
801143.SI,True,2023-02-10,True,False,False,True,2022-2025,2023-03-08,"[""financial_bad""]",2023-03-07,801143.SI,000815.SZ
801712.SI,True,2022-04-29,True,False,False,True,2022-2025,2023-03-08,"[""financial_bad""]",2023-03-07,801712.SI,300093.SZ
801991.SI,False,2022-04-09,True,False,False,True,2022-2025,2023-03-08,"[""financial_bad""]",2023-03-07,801991.SI,600004.SH
801143.SI,True,2023-02-10,True,False,False,True,2022-2025,2023-03-09,"[""financial_bad""]",2023-03-08,801143.SI,000815.SZ
801712.SI,True,2022-04-29,True,False,False,True,2022-2025,2023-03-09,"[""financial_bad""]",2023-03-08,801712.SI,300093.SZ
801991.SI,False,2022-04-09,True,False,False,True,2022-2025,2023-03-09,"[""financial_bad""]",2023-03-08,801991.SI,600004.SH
801143.SI,True,2023-02-10,True,False,False,True,2022-2025,2023-03-10,"[""financial_bad""]",2023-03-09,801143.SI,000815.SZ
801991.SI,False,2022-04-09,True,False,False,True,2022-2025,2023-03-10,"[""financial_bad""]",2023-03-09,801991.SI,600004.SH
801991.SI,False,2022-04-09,True,False,False,True,2022-2025,2023-03-13,"[""financial_bad""]",2023-03-10,801991.SI,600004.SH
801143.SI,True,2023-02-10,True,False,False,True,2022-2025,2023-03-14,"[""financial_bad""]",2023-03-13,801143.SI,000815.SZ
801991.SI,False,2022-04-09,True,False,False,True,2022-2025,2023-03-14,"[""financial_bad""]",2023-03-13,801991.SI,600004.SH
801143.SI,True,2023-02-10,True,False,False,True,2022-2025,2023-03-15,"[""financial_bad""]",2023-03-14,801143.SI,000815.SZ
801738.SI,True,2022-04-27,True,False,False,True,2022-2025,2023-03-15,"[""financial_bad""]",2023-03-14,801738.SI,002121.SZ
801991.SI,False,2022-04-09,True,False,False,True,2022-2025,2023-03-15,"[""financial_bad""]",2023-03-14,801991.SI,600004.SH
801143.SI,True,2023-02-10,True,False,False,True,2022-2025,2023-03-16,"[""financial_bad""]",2023-03-15,801143.SI,000815.SZ
801738.SI,True,2022-04-27,True,False,False,True,2022-2025,2023-03-16,"[""financial_bad""]",2023-03-15,801738.SI,002121.SZ
801991.SI,False,2022-04-09,True,False,False,True,2022-2025,2023-03-16,"[""financial_bad""]",2023-03-15,801991.SI,600004.SH
801738.SI,True,2022-04-27,True,False,False,True,2022-2025,2023-03-17,"[""financial_bad""]",2023-03-16,801738.SI,002121.SZ
801991.SI,False,2022-04-09,True,False,False,True,2022-2025,2023-03-17,"[""financial_bad""]",2023-03-16,801991.SI,600004.SH
801738.SI,True,2022-04-27,True,False,False,True,2022-2025,2023-03-20,"[""financial_bad""]",2023-03-17,801738.SI,002121.SZ
801991.SI,False,2022-04-09,True,False,False,True,2022-2025,2023-03-20,"[""financial_bad""]",2023-03-17,801991.SI,600004.SH
801738.SI,True,2022-04-27,True,False,False,True,2022-2025,2023-03-21,"[""financial_bad""]",2023-03-20,801738.SI,002121.SZ
801991.SI,False,2022-04-09,True,False,False,True,2022-2025,2023-03-21,"[""financial_bad""]",2023-03-20,801991.SI,600004.SH
801991.SI,False,2022-04-09,True,False,False,True,2022-2025,2023-03-22,"[""financial_bad""]",2023-03-21,801991.SI,600004.SH
801143.SI,True,2023-02-10,True,False,False,True,2022-2025,2023-03-23,"[""financial_bad""]",2023-03-22,801143.SI,000815.SZ
801738.SI,True,2022-04-27,True,False,False,True,2022-2025,2023-03-23,"[""financial_bad""]",2023-03-22,801738.SI,002121.SZ
801991.SI,False,2022-04-09,True,False,False,True,2022-2025,2023-03-23,"[""financial_bad""]",2023-03-22,801991.SI,600004.SH
801143.SI,True,2023-02-10,True,False,False,True,2022-2025,2023-03-24,"[""financial_bad""]",2023-03-23,801143.SI,000815.SZ
801991.SI,False,2022-04-09,True,False,False,True,2022-2025,2023-03-24,"[""financial_bad""]",2023-03-23,801991.SI,600004.SH
801143.SI,True,2023-02-10,True,False,False,True,2022-2025,2023-03-27,"[""financial_bad""]",2023-03-24,801143.SI,000815.SZ
801143.SI,True,2023-02-10,True,False,False,True,2022-2025,2023-03-28,"[""financial_bad""]",2023-03-27,801143.SI,000815.SZ
801143.SI,True,2023-02-10,True,False,False,True,2022-2025,2023-03-29,"[""financial_bad""]",2023-03-28,801143.SI,000815.SZ
801738.SI,True,2022-04-27,True,False,False,True,2022-2025,2023-03-29,"[""financial_bad""]",2023-03-28,801738.SI,002121.SZ
801104.SI,True,2022-04-28,True,False,False,True,2022-2025,2023-03-29,"[""financial_bad""]",2023-03-28,801104.SI,002153.SZ
801104.SI,True,2023-03-25,True,False,False,True,2022-2025,2023-03-29,"[""financial_bad""]",2023-03-28,801104.SI,002253.SZ
801738.SI,True,2022-04-27,True,False,False,True,2022-2025,2023-03-30,"[""financial_bad""]",2023-03-29,801738.SI,002121.SZ
801104.SI,True,2022-04-28,True,False,False,True,2022-2025,2023-03-30,"[""financial_bad""]",2023-03-29,801104.SI,002153.SZ
801104.SI,True,2023-03-25,True,False,False,True,2022-2025,2023-03-30,"[""financial_bad""]",2023-03-29,801104.SI,002253.SZ
801103.SI,True,2022-04-20,True,False,False,True,2022-2025,2023-03-30,"[""financial_bad""]",2023-03-29,801103.SI,300212.SZ
801991.SI,False,2022-04-09,True,False,False,True,2022-2025,2023-03-30,"[""financial_bad""]",2023-03-29,801991.SI,600004.SH
801738.SI,True,2022-04-27,True,False,False,True,2022-2025,2023-03-31,"[""financial_bad""]",2023-03-30,801738.SI,002121.SZ
801991.SI,False,2022-04-09,True,False,False,True,2022-2025,2023-03-31,"[""financial_bad""]",2023-03-30,801991.SI,600004.SH
801991.SI,False,2023-03-29,True,False,False,True,2022-2025,2023-03-31,"[""financial_bad""]",2023-03-30,801991.SI,600029.SH
801103.SI,True,2022-04-20,True,False,False,True,2022-2025,2023-04-03,"[""financial_bad""]",2023-03-31,801103.SI,300212.SZ
801991.SI,False,2022-04-09,True,False,False,True,2022-2025,2023-04-03,"[""financial_bad""]",2023-03-31,801991.SI,600004.SH
801143.SI,True,2023-02-10,True,False,False,True,2022-2025,2023-04-04,"[""financial_bad""]",2023-04-03,801143.SI,000815.SZ
801738.SI,True,2022-04-27,True,False,False,True,2022-2025,2023-04-04,"[""financial_bad""]",2023-04-03,801738.SI,002121.SZ
801991.SI,False,2022-04-09,True,False,False,True,2022-2025,2023-04-04,"[""financial_bad""]",2023-04-03,801991.SI,600004.SH
801738.SI,True,2022-04-27,True,False,False,True,2022-2025,2023-04-06,"[""financial_bad""]",2023-04-04,801738.SI,002121.SZ
801084.SI,True,2023-04-04,True,False,False,True,2022-2025,2023-04-07,"[""financial_bad""]",2023-04-06,801084.SI,000725.SZ
801125.SI,False,2023-03-25,True,False,False,True,2022-2025,2023-04-07,"[""financial_bad""]",2023-04-06,801125.SI,000860.SZ
801738.SI,True,2022-04-27,True,False,False,True,2022-2025,2023-04-07,"[""financial_bad""]",2023-04-06,801738.SI,002121.SZ
801104.SI,True,2022-04-28,True,False,False,True,2022-2025,2023-04-07,"[""financial_bad""]",2023-04-06,801104.SI,002153.SZ
801104.SI,True,2023-03-31,True,False,False,True,2022-2025,2023-04-07,"[""financial_bad""]",2023-04-06,801104.SI,300036.SZ
801991.SI,True,2023-03-29,True,False,False,True,2022-2025,2023-04-07,"[""financial_bad""]",2023-04-06,801991.SI,600029.SH
801084.SI,True,2023-04-04,True,False,False,True,2022-2025,2023-04-10,"[""financial_bad""]",2023-04-07,801084.SI,000725.SZ
801125.SI,False,2023-03-25,True,False,False,True,2022-2025,2023-04-10,"[""financial_bad""]",2023-04-07,801125.SI,000860.SZ
801179.SI,False,2022-04-28,False,False,False,False,2022-2025,2023-04-10,"[""membership_missing""]",2023-04-07,,000886.SZ
801738.SI,True,2022-04-27,True,False,False,True,2022-2025,2023-04-10,"[""financial_bad""]",2023-04-07,801738.SI,002121.SZ
801104.SI,True,2022-04-28,True,False,False,True,2022-2025,2023-04-10,"[""financial_bad""]",2023-04-07,801104.SI,002153.SZ
801104.SI,True,2023-03-31,True,False,False,True,2022-2025,2023-04-10,"[""financial_bad""]",2023-04-07,801104.SI,300036.SZ
801017.SI,True,2022-04-28,True,False,False,True,2022-2025,2023-04-10,"[""financial_bad""]",2023-04-07,801017.SI,600975.SH
801125.SI,False,2023-03-25,True,False,False,True,2022-2025,2023-04-11,"[""financial_bad""]",2023-04-10,801125.SI,000860.SZ
801179.SI,False,2022-04-28,False,False,False,False,2022-2025,2023-04-11,"[""membership_missing""]",2023-04-10,,000886.SZ
801738.SI,True,2022-04-27,True,False,False,True,2022-2025,2023-04-11,"[""financial_bad""]",2023-04-10,801738.SI,002121.SZ
801103.SI,True,2022-04-20,True,False,False,True,2022-2025,2023-04-11,"[""financial_bad""]",2023-04-10,801103.SI,300212.SZ
801991.SI,True,2023-03-29,True,False,False,True,2022-2025,2023-04-11,"[""financial_bad""]",2023-04-10,801991.SI,600029.SH
801017.SI,True,2022-04-28,True,False,False,True,2022-2025,2023-04-11,"[""financial_bad""]",2023-04-10,801017.SI,600975.SH
801995.SI,True,2022-04-29,True,False,False,True,2022-2025,2023-04-11,"[""financial_bad""]",2023-04-10,801995.SI,600996.SH
801125.SI,False,2023-03-25,True,False,False,True,2022-2025,2023-04-12,"[""financial_bad""]",2023-04-11,801125.SI,000860.SZ
801179.SI,False,2022-04-28,False,False,False,False,2022-2025,2023-04-12,"[""membership_missing""]",2023-04-11,,000886.SZ
801738.SI,True,2022-04-27,True,False,False,True,2022-2025,2023-04-12,"[""financial_bad""]",2023-04-11,801738.SI,002121.SZ
801104.SI,True,2022-04-28,True,False,False,True,2022-2025,2023-04-12,"[""financial_bad""]",2023-04-11,801104.SI,002153.SZ
801991.SI,True,2023-03-29,True,False,False,True,2022-2025,2023-04-12,"[""financial_bad""]",2023-04-11,801991.SI,600029.SH
801017.SI,True,2022-04-28,True,False,False,True,2022-2025,2023-04-12,"[""financial_bad""]",2023-04-11,801017.SI,600975.SH
801084.SI,True,2023-04-04,True,False,False,True,2022-2025,2023-04-13,"[""financial_bad""]",2023-04-12,801084.SI,000725.SZ
801179.SI,False,2022-04-28,False,False,False,False,2022-2025,2023-04-13,"[""membership_missing""]",2023-04-12,,000886.SZ
801738.SI,True,2022-04-27,True,False,False,True,2022-2025,2023-04-13,"[""financial_bad""]",2023-04-12,801738.SI,002121.SZ
801104.SI,True,2022-04-28,True,False,False,True,2022-2025,2023-04-13,"[""financial_bad""]",2023-04-12,801104.SI,002153.SZ
801104.SI,True,2023-03-31,True,False,False,True,2022-2025,2023-04-13,"[""financial_bad""]",2023-04-12,801104.SI,300036.SZ
801991.SI,True,2023-03-29,True,False,False,True,2022-2025,2023-04-13,"[""financial_bad""]",2023-04-12,801991.SI,600029.SH
801017.SI,True,2022-04-28,True,False,False,True,2022-2025,2023-04-13,"[""financial_bad""]",2023-04-12,801017.SI,600975.SH
801179.SI,False,2022-04-28,False,False,False,False,2022-2025,2023-04-14,"[""membership_missing""]",2023-04-13,,000886.SZ
801738.SI,True,2022-04-27,True,False,False,True,2022-2025,2023-04-14,"[""financial_bad""]",2023-04-13,801738.SI,002121.SZ
801104.SI,True,2022-04-28,True,False,False,True,2022-2025,2023-04-14,"[""financial_bad""]",2023-04-13,801104.SI,002153.SZ
801104.SI,True,2023-04-04,True,False,False,True,2022-2025,2023-04-14,"[""financial_bad""]",2023-04-13,801104.SI,003029.SZ
801991.SI,True,2022-04-09,True,False,False,True,2022-2025,2023-04-14,"[""financial_bad""]",2023-04-13,801991.SI,600004.SH
801991.SI,True,2023-03-29,True,False,False,True,2022-2025,2023-04-14,"[""financial_bad""]",2023-04-13,801991.SI,600029.SH
801017.SI,True,2022-04-28,True,False,False,True,2022-2025,2023-04-14,"[""financial_bad""]",2023-04-13,801017.SI,600975.SH
801179.SI,False,2022-04-28,False,False,False,False,2022-2025,2023-04-17,"[""membership_missing""]",2023-04-14,,000886.SZ
801738.SI,True,2022-04-27,True,False,False,True,2022-2025,2023-04-17,"[""financial_bad""]",2023-04-14,801738.SI,002121.SZ
801991.SI,True,2022-04-09,True,False,False,True,2022-2025,2023-04-17,"[""financial_bad""]",2023-04-14,801991.SI,600004.SH
801991.SI,True,2023-03-29,True,False,False,True,2022-2025,2023-04-17,"[""financial_bad""]",2023-04-14,801991.SI,600029.SH
801017.SI,True,2022-04-28,True,False,False,True,2022-2025,2023-04-17,"[""financial_bad""]",2023-04-14,801017.SI,600975.SH
801995.SI,True,2022-04-29,True,False,False,True,2022-2025,2023-04-17,"[""financial_bad""]",2023-04-14,801995.SI,600996.SH
801179.SI,False,2022-04-28,False,False,False,False,2022-2025,2023-04-18,"[""membership_missing""]",2023-04-17,,000886.SZ
801738.SI,True,2022-04-27,True,False,False,True,2022-2025,2023-04-18,"[""financial_bad""]",2023-04-17,801738.SI,002121.SZ
801991.SI,True,2023-03-29,True,False,False,True,2022-2025,2023-04-18,"[""financial_bad""]",2023-04-17,801991.SI,600029.SH
801017.SI,True,2022-04-28,True,False,False,True,2022-2025,2023-04-18,"[""financial_bad""]",2023-04-17,801017.SI,600975.SH
801995.SI,True,2022-04-29,True,False,False,True,2022-2025,2023-04-18,"[""financial_bad""]",2023-04-17,801995.SI,600996.SH
801179.SI,False,2022-04-28,False,False,False,False,2022-2025,2023-04-19,"[""membership_missing""]",2023-04-18,,000886.SZ
801738.SI,True,2022-04-27,True,False,False,True,2022-2025,2023-04-19,"[""financial_bad""]",2023-04-18,801738.SI,002121.SZ
801223.SI,True,2023-04-15,True,False,False,True,2022-2025,2023-04-19,"[""financial_bad""]",2023-04-18,801223.SI,300053.SZ
801074.SI,True,2023-04-18,True,False,False,True,2022-2025,2023-04-19,"[""financial_bad""]",2023-04-18,801074.SI,300471.SZ
801991.SI,True,2022-04-09,True,False,False,True,2022-2025,2023-04-19,"[""financial_bad""]",2023-04-18,801991.SI,600004.SH
801991.SI,True,2023-03-29,True,False,False,True,2022-2025,2023-04-19,"[""financial_bad""]",2023-04-18,801991.SI,600029.SH
801017.SI,True,2022-04-28,True,False,False,True,2022-2025,2023-04-19,"[""financial_bad""]",2023-04-18,801017.SI,600975.SH
801995.SI,True,2022-04-29,True,False,False,True,2022-2025,2023-04-19,"[""financial_bad""]",2023-04-18,801995.SI,600996.SH
801179.SI,False,2023-04-19,False,False,False,False,2022-2025,2023-04-20,"[""membership_missing""]",2023-04-19,,000886.SZ
801738.SI,True,2022-04-27,True,False,False,True,2022-2025,2023-04-20,"[""financial_bad""]",2023-04-19,801738.SI,002121.SZ
801991.SI,True,2023-04-19,True,False,False,True,2022-2025,2023-04-20,"[""financial_bad""]",2023-04-19,801991.SI,600004.SH
801991.SI,True,2023-03-29,True,False,False,True,2022-2025,2023-04-20,"[""financial_bad""]",2023-04-19,801991.SI,600029.SH
801017.SI,True,2022-04-28,True,False,False,True,2022-2025,2023-04-20,"[""financial_bad""]",2023-04-19,801017.SI,600975.SH
801995.SI,True,2022-04-29,True,False,False,True,2022-2025,2023-04-20,"[""financial_bad""]",2023-04-19,801995.SI,600996.SH
801219.SI,True,2023-04-18,True,False,False,True,2022-2025,2023-04-21,"[""financial_bad""]",2023-04-20,801219.SI,000610.SZ
801179.SI,False,2023-04-19,False,False,False,False,2022-2025,2023-04-21,"[""membership_missing""]",2023-04-20,,000886.SZ
801738.SI,True,2022-04-27,True,False,False,True,2022-2025,2023-04-21,"[""financial_bad""]",2023-04-20,801738.SI,002121.SZ
801223.SI,True,2023-04-15,True,False,False,True,2022-2025,2023-04-21,"[""financial_bad""]",2023-04-20,801223.SI,300053.SZ
801991.SI,True,2023-04-19,True,False,False,True,2022-2025,2023-04-21,"[""financial_bad""]",2023-04-20,801991.SI,600004.SH
801017.SI,True,2022-04-28,True,False,False,True,2022-2025,2023-04-21,"[""financial_bad""]",2023-04-20,801017.SI,600975.SH
801995.SI,True,2022-04-29,True,False,False,True,2022-2025,2023-04-21,"[""financial_bad""]",2023-04-20,801995.SI,600996.SH
801179.SI,False,2023-04-19,False,False,False,False,2022-2025,2023-04-24,"[""membership_missing""]",2023-04-21,,000886.SZ
801738.SI,True,2022-04-27,True,False,False,True,2022-2025,2023-04-24,"[""financial_bad""]",2023-04-21,801738.SI,002121.SZ
801223.SI,True,2023-04-15,True,False,False,True,2022-2025,2023-04-24,"[""financial_bad""]",2023-04-21,801223.SI,300053.SZ
801765.SI,True,2023-04-20,True,False,False,True,2022-2025,2023-04-24,"[""financial_bad""]",2023-04-21,801765.SI,300058.SZ
801991.SI,True,2023-04-19,True,False,False,True,2022-2025,2023-04-24,"[""financial_bad""]",2023-04-21,801991.SI,600004.SH
801017.SI,True,2022-04-28,True,False,False,True,2022-2025,2023-04-24,"[""financial_bad""]",2023-04-21,801017.SI,600975.SH
801995.SI,True,2022-04-29,True,False,False,True,2022-2025,2023-04-24,"[""financial_bad""]",2023-04-21,801995.SI,600996.SH
801125.SI,False,2023-03-25,True,False,False,True,2022-2025,2023-05-08,"[""financial_bad""]",2023-05-05,801125.SI,000860.SZ
801179.SI,False,2023-04-19,False,False,False,False,2022-2025,2023-05-08,"[""membership_missing""]",2023-05-05,,000886.SZ
801765.SI,True,2023-04-29,True,False,False,True,2022-2025,2023-05-08,"[""financial_bad""]",2023-05-05,801765.SI,002131.SZ
801764.SI,True,2023-04-22,True,False,False,True,2022-2025,2023-05-08,"[""financial_bad""]",2023-05-05,801764.SI,300113.SZ
801991.SI,True,2023-04-19,True,False,False,True,2022-2025,2023-05-08,"[""financial_bad""]",2023-05-05,801991.SI,600004.SH
801766.SI,True,2023-04-26,True,False,False,True,2022-2025,2023-05-08,"[""financial_bad""]",2023-05-05,801766.SI,600977.SH
801125.SI,False,2023-03-25,True,False,False,True,2022-2025,2023-05-09,"[""financial_bad""]",2023-05-08,801125.SI,000860.SZ
801765.SI,False,2023-04-22,True,False,False,True,2022-2025,2023-05-09,"[""financial_bad""]",2023-05-08,801145.SI,002103.SZ
801765.SI,True,2023-04-29,True,False,False,True,2022-2025,2023-05-09,"[""financial_bad""]",2023-05-08,801765.SI,002131.SZ
801764.SI,True,2023-04-29,True,False,False,True,2022-2025,2023-05-09,"[""financial_bad""]",2023-05-08,801764.SI,002174.SZ
801223.SI,True,2023-04-15,True,False,False,True,2022-2025,2023-05-09,"[""financial_bad""]",2023-05-08,801223.SI,300053.SZ
801764.SI,True,2023-04-22,True,False,False,True,2022-2025,2023-05-09,"[""financial_bad""]",2023-05-08,801764.SI,300113.SZ
801991.SI,True,2023-04-19,True,False,False,True,2022-2025,2023-05-09,"[""financial_bad""]",2023-05-08,801991.SI,600004.SH
801125.SI,False,2023-04-28,True,False,False,True,2022-2025,2023-05-09,"[""financial_bad""]",2023-05-08,801125.SI,600199.SH
801766.SI,True,2023-04-26,True,False,False,True,2022-2025,2023-05-09,"[""financial_bad""]",2023-05-08,801766.SI,600977.SH
801766.SI,True,2023-04-27,True,False,False,True,2022-2025,2023-05-09,"[""financial_bad""]",2023-05-08,801766.SI,601595.SH
801125.SI,False,2023-03-25,True,False,False,True,2022-2025,2023-05-10,"[""financial_bad""]",2023-05-09,801125.SI,000860.SZ
801764.SI,True,2023-04-29,True,False,False,True,2022-2025,2023-05-10,"[""financial_bad""]",2023-05-09,801764.SI,002174.SZ
801223.SI,True,2023-04-15,True,False,False,True,2022-2025,2023-05-10,"[""financial_bad""]",2023-05-09,801223.SI,300053.SZ
801125.SI,False,2023-04-28,True,False,False,True,2022-2025,2023-05-10,"[""financial_bad""]",2023-05-09,801125.SI,600199.SH
801766.SI,True,2023-04-27,True,False,False,True,2022-2025,2023-05-10,"[""financial_bad""]",2023-05-09,801766.SI,601595.SH
801125.SI,False,2023-03-25,True,False,False,True,2022-2025,2023-05-11,"[""financial_bad""]",2023-05-10,801125.SI,000860.SZ
801764.SI,True,2023-04-29,True,False,False,True,2022-2025,2023-05-11,"[""financial_bad""]",2023-05-10,801764.SI,002174.SZ
801223.SI,True,2023-04-15,True,False,False,True,2022-2025,2023-05-11,"[""financial_bad""]",2023-05-10,801223.SI,300053.SZ
801101.SI,True,2023-04-29,True,False,False,True,2022-2025,2023-05-11,"[""financial_bad""]",2023-05-10,801101.SI,600100.SH
801125.SI,False,2023-04-28,True,False,False,True,2022-2025,2023-05-11,"[""financial_bad""]",2023-05-10,801125.SI,600199.SH
801766.SI,True,2023-04-26,True,False,False,True,2022-2025,2023-05-11,"[""financial_bad""]",2023-05-10,801766.SI,600977.SH
801765.SI,False,2023-04-22,True,False,False,True,2022-2025,2023-05-12,"[""financial_bad""]",2023-05-11,801145.SI,002103.SZ
801765.SI,True,2023-04-29,True,False,False,True,2022-2025,2023-05-12,"[""financial_bad""]",2023-05-11,801765.SI,002131.SZ
801764.SI,True,2023-04-29,True,False,False,True,2022-2025,2023-05-12,"[""financial_bad""]",2023-05-11,801764.SI,002174.SZ
801141.SI,True,2023-04-04,True,False,False,True,2022-2025,2023-05-12,"[""financial_bad""]",2023-05-11,801141.SI,002229.SZ
801764.SI,True,2023-04-27,True,False,False,True,2022-2025,2023-05-12,"[""financial_bad""]",2023-05-11,801764.SI,300052.SZ
801765.SI,True,2023-04-20,True,False,False,True,2022-2025,2023-05-12,"[""financial_bad""]",2023-05-11,801765.SI,300058.SZ
801101.SI,True,2023-04-29,True,False,False,True,2022-2025,2023-05-12,"[""financial_bad""]",2023-05-11,801101.SI,600100.SH
801125.SI,False,2023-04-28,True,False,False,True,2022-2025,2023-05-12,"[""financial_bad""]",2023-05-11,801125.SI,600199.SH
801765.SI,True,2023-04-22,True,False,False,True,2022-2025,2023-07-05,"[""financial_bad""]",2023-07-04,801145.SI,002103.SZ
801764.SI,True,2023-04-27,True,False,False,True,2022-2025,2023-07-05,"[""financial_bad""]",2023-07-04,801764.SI,300052.SZ
801991.SI,False,2023-04-19,True,False,False,True,2022-2025,2023-07-05,"[""financial_bad""]",2023-07-04,801991.SI,600004.SH
801125.SI,False,2023-04-28,True,False,False,True,2022-2025,2023-07-05,"[""financial_bad""]",2023-07-04,801125.SI,600199.SH
801054.SI,False,2023-04-13,True,False,False,True,2022-2025,2023-07-06,"[""financial_bad""]",2023-07-05,801054.SI,002428.SZ
801745.SI,True,2023-04-21,True,False,False,True,2022-2025,2023-07-06,"[""financial_bad""]",2023-07-05,801745.SI,300045.SZ
801764.SI,True,2023-04-27,True,False,False,True,2022-2025,2023-07-06,"[""financial_bad""]",2023-07-05,801764.SI,300052.SZ
801991.SI,False,2023-04-19,True,False,False,True,2022-2025,2023-07-06,"[""financial_bad""]",2023-07-05,801991.SI,600004.SH
801125.SI,False,2023-04-28,True,False,False,True,2022-2025,2023-07-06,"[""financial_bad""]",2023-07-05,801125.SI,600199.SH
801054.SI,False,2023-04-13,True,False,False,True,2022-2025,2023-07-07,"[""financial_bad""]",2023-07-06,801054.SI,002428.SZ
801745.SI,True,2023-04-21,True,False,False,True,2022-2025,2023-07-07,"[""financial_bad""]",2023-07-06,801745.SI,300045.SZ
801764.SI,True,2023-04-27,True,False,False,True,2022-2025,2023-07-07,"[""financial_bad""]",2023-07-06,801764.SI,300052.SZ
801991.SI,False,2023-04-19,True,False,False,True,2022-2025,2023-07-07,"[""financial_bad""]",2023-07-06,801991.SI,600004.SH
801125.SI,False,2023-04-28,True,False,False,True,2022-2025,2023-07-07,"[""financial_bad""]",2023-07-06,801125.SI,600199.SH
801745.SI,True,2023-04-21,True,False,False,True,2022-2025,2023-07-10,"[""financial_bad""]",2023-07-07,801745.SI,300045.SZ
801764.SI,True,2023-04-27,True,False,False,True,2022-2025,2023-07-10,"[""financial_bad""]",2023-07-07,801764.SI,300052.SZ
801991.SI,False,2023-04-19,True,False,False,True,2022-2025,2023-07-10,"[""financial_bad""]",2023-07-07,801991.SI,600004.SH
801125.SI,False,2023-04-28,True,False,False,True,2022-2025,2023-07-10,"[""financial_bad""]",2023-07-07,801125.SI,600199.SH
801054.SI,False,2023-04-13,True,False,False,True,2022-2025,2023-07-11,"[""financial_bad""]",2023-07-10,801054.SI,002428.SZ
801745.SI,True,2023-04-21,True,False,False,True,2022-2025,2023-07-11,"[""financial_bad""]",2023-07-10,801745.SI,300045.SZ
801764.SI,True,2023-04-27,True,False,False,True,2022-2025,2023-07-11,"[""financial_bad""]",2023-07-10,801764.SI,300052.SZ
801765.SI,True,2023-04-22,True,False,False,True,2022-2025,2023-07-12,"[""financial_bad""]",2023-07-11,801145.SI,002103.SZ
801054.SI,False,2023-04-13,True,False,False,True,2022-2025,2023-07-12,"[""financial_bad""]",2023-07-11,801054.SI,002428.SZ
801745.SI,True,2023-04-21,True,False,False,True,2022-2025,2023-07-12,"[""financial_bad""]",2023-07-11,801745.SI,300045.SZ
801764.SI,True,2023-04-27,True,False,False,True,2022-2025,2023-07-12,"[""financial_bad""]",2023-07-11,801764.SI,300052.SZ
801745.SI,True,2023-04-21,True,False,False,True,2022-2025,2023-07-13,"[""financial_bad""]",2023-07-12,801745.SI,300045.SZ
801764.SI,True,2023-04-27,True,False,False,True,2022-2025,2023-07-13,"[""financial_bad""]",2023-07-12,801764.SI,300052.SZ
801765.SI,True,2023-04-22,True,False,False,True,2022-2025,2023-07-14,"[""financial_bad""]",2023-07-13,801145.SI,002103.SZ
801054.SI,False,2023-04-13,True,False,False,True,2022-2025,2023-07-14,"[""financial_bad""]",2023-07-13,801054.SI,002428.SZ
801745.SI,True,2023-04-21,True,False,False,True,2022-2025,2023-07-14,"[""financial_bad""]",2023-07-13,801745.SI,300045.SZ
801764.SI,True,2023-04-27,True,False,False,True,2022-2025,2023-07-14,"[""financial_bad""]",2023-07-13,801764.SI,300052.SZ
801765.SI,False,2023-04-22,True,False,False,True,2022-2025,2023-07-17,"[""financial_bad""]",2023-07-14,801145.SI,002103.SZ
801054.SI,False,2023-04-13,True,False,False,True,2022-2025,2023-07-17,"[""financial_bad""]",2023-07-14,801054.SI,002428.SZ
801745.SI,True,2023-04-21,True,False,False,True,2022-2025,2023-07-17,"[""financial_bad""]",2023-07-14,801745.SI,300045.SZ
801764.SI,True,2023-04-27,True,False,False,True,2022-2025,2023-07-17,"[""financial_bad""]",2023-07-14,801764.SI,300052.SZ
801765.SI,False,2023-04-22,True,False,False,True,2022-2025,2023-07-18,"[""financial_bad""]",2023-07-17,801145.SI,002103.SZ
801083.SI,True,2023-04-22,True,False,False,True,2022-2025,2023-07-18,"[""financial_bad""]",2023-07-17,801083.SI,002199.SZ
801054.SI,False,2023-04-13,True,False,False,True,2022-2025,2023-07-18,"[""financial_bad""]",2023-07-17,801054.SI,002428.SZ
801745.SI,True,2023-04-21,True,False,False,True,2022-2025,2023-07-18,"[""financial_bad""]",2023-07-17,801745.SI,300045.SZ
801764.SI,True,2023-04-27,True,False,False,True,2022-2025,2023-07-18,"[""financial_bad""]",2023-07-17,801764.SI,300052.SZ
801765.SI,False,2023-04-22,True,False,False,True,2022-2025,2023-07-19,"[""financial_bad""]",2023-07-18,801145.SI,002103.SZ
801054.SI,False,2023-04-13,True,False,False,True,2022-2025,2023-07-19,"[""financial_bad""]",2023-07-18,801054.SI,002428.SZ
801745.SI,True,2023-04-21,True,False,False,True,2022-2025,2023-07-19,"[""financial_bad""]",2023-07-18,801745.SI,300045.SZ
801764.SI,True,2023-04-27,True,False,False,True,2022-2025,2023-07-19,"[""financial_bad""]",2023-07-18,801764.SI,300052.SZ
801765.SI,False,2023-04-22,True,False,False,True,2022-2025,2023-07-20,"[""financial_bad""]",2023-07-19,801145.SI,002103.SZ
801764.SI,True,2023-04-12,True,False,False,True,2022-2025,2023-07-20,"[""financial_bad""]",2023-07-19,801765.SI,002354.SZ
801054.SI,False,2023-04-13,True,False,False,True,2022-2025,2023-07-20,"[""financial_bad""]",2023-07-19,801054.SI,002428.SZ
801745.SI,True,2023-04-21,True,False,False,True,2022-2025,2023-07-20,"[""financial_bad""]",2023-07-19,801745.SI,300045.SZ
801764.SI,True,2023-04-27,True,False,False,True,2022-2025,2023-07-20,"[""financial_bad""]",2023-07-19,801764.SI,300052.SZ
801765.SI,False,2023-04-22,True,False,False,True,2022-2025,2023-07-21,"[""financial_bad""]",2023-07-20,801145.SI,002103.SZ
801054.SI,False,2023-04-13,True,False,False,True,2022-2025,2023-07-21,"[""financial_bad""]",2023-07-20,801054.SI,002428.SZ
801764.SI,True,2023-04-27,True,False,False,True,2022-2025,2023-07-21,"[""financial_bad""]",2023-07-20,801764.SI,300052.SZ
801223.SI,True,2023-04-15,True,False,False,True,2022-2025,2023-07-21,"[""financial_bad""]",2023-07-20,801223.SI,300053.SZ
801074.SI,True,2023-04-18,True,False,False,True,2022-2025,2023-07-21,"[""financial_bad""]",2023-07-20,801074.SI,300471.SZ
801765.SI,False,2023-04-22,True,False,False,True,2022-2025,2023-07-28,"[""financial_bad""]",2023-07-27,801145.SI,002103.SZ
801054.SI,False,2023-04-13,True,False,False,True,2022-2025,2023-07-28,"[""financial_bad""]",2023-07-27,801054.SI,002428.SZ
801764.SI,True,2023-04-27,True,False,False,True,2022-2025,2023-07-28,"[""financial_bad""]",2023-07-27,801764.SI,300052.SZ
801223.SI,True,2023-04-15,True,False,False,True,2022-2025,2023-07-28,"[""financial_bad""]",2023-07-27,801223.SI,300053.SZ
801765.SI,False,2023-04-22,True,False,False,True,2022-2025,2023-07-31,"[""financial_bad""]",2023-07-28,801145.SI,002103.SZ
801054.SI,False,2023-04-13,True,False,False,True,2022-2025,2023-07-31,"[""financial_bad""]",2023-07-28,801054.SI,002428.SZ
801764.SI,True,2023-04-27,True,False,False,True,2022-2025,2023-07-31,"[""financial_bad""]",2023-07-28,801764.SI,300052.SZ
801223.SI,True,2023-04-15,True,False,False,True,2022-2025,2023-07-31,"[""financial_bad""]",2023-07-28,801223.SI,300053.SZ
801765.SI,False,2023-04-22,True,False,False,True,2022-2025,2023-08-01,"[""financial_bad""]",2023-07-31,801145.SI,002103.SZ
801054.SI,False,2023-04-13,True,False,False,True,2022-2025,2023-08-01,"[""financial_bad""]",2023-07-31,801054.SI,002428.SZ
801764.SI,True,2023-04-27,True,False,False,True,2022-2025,2023-08-01,"[""financial_bad""]",2023-07-31,801764.SI,300052.SZ
801223.SI,True,2023-04-15,True,False,False,True,2022-2025,2023-08-01,"[""financial_bad""]",2023-07-31,801223.SI,300053.SZ
801765.SI,False,2023-04-22,True,False,False,True,2022-2025,2023-08-02,"[""financial_bad""]",2023-08-01,801145.SI,002103.SZ
801054.SI,False,2023-04-13,True,False,False,True,2022-2025,2023-08-02,"[""financial_bad""]",2023-08-01,801054.SI,002428.SZ
801733.SI,False,2023-04-27,True,False,False,True,2022-2025,2023-08-02,"[""financial_bad""]",2023-08-01,801733.SI,002630.SZ
801764.SI,True,2023-04-27,True,False,False,True,2022-2025,2023-08-02,"[""financial_bad""]",2023-08-01,801764.SI,300052.SZ
801223.SI,True,2023-04-15,True,False,False,True,2022-2025,2023-08-02,"[""financial_bad""]",2023-08-01,801223.SI,300053.SZ
801993.SI,True,2023-04-28,True,False,False,True,2022-2025,2023-08-03,"[""financial_bad""]",2023-08-02,801993.SI,000888.SZ
801765.SI,False,2023-04-22,True,False,False,True,2022-2025,2023-08-03,"[""financial_bad""]",2023-08-02,801145.SI,002103.SZ
801054.SI,False,2023-04-13,True,False,False,True,2022-2025,2023-08-03,"[""financial_bad""]",2023-08-02,801054.SI,002428.SZ
801733.SI,False,2023-04-27,True,False,False,True,2022-2025,2023-08-03,"[""financial_bad""]",2023-08-02,801733.SI,002630.SZ
801764.SI,True,2023-04-27,True,False,False,True,2022-2025,2023-08-03,"[""financial_bad""]",2023-08-02,801764.SI,300052.SZ
801223.SI,True,2023-04-15,True,False,False,True,2022-2025,2023-08-03,"[""financial_bad""]",2023-08-02,801223.SI,300053.SZ
801993.SI,True,2023-04-28,True,False,False,True,2022-2025,2023-08-04,"[""financial_bad""]",2023-08-03,801993.SI,000888.SZ
801765.SI,False,2023-04-22,True,False,False,True,2022-2025,2023-08-04,"[""financial_bad""]",2023-08-03,801145.SI,002103.SZ
801054.SI,False,2023-04-13,True,False,False,True,2022-2025,2023-08-04,"[""financial_bad""]",2023-08-03,801054.SI,002428.SZ
801764.SI,True,2023-04-27,True,False,False,True,2022-2025,2023-08-04,"[""financial_bad""]",2023-08-03,801764.SI,300052.SZ
801993.SI,True,2023-04-28,True,False,False,True,2022-2025,2023-08-07,"[""financial_bad""]",2023-08-04,801993.SI,000888.SZ
801765.SI,False,2023-04-22,True,False,False,True,2022-2025,2023-08-07,"[""financial_bad""]",2023-08-04,801145.SI,002103.SZ
801054.SI,False,2023-04-13,True,False,False,True,2022-2025,2023-08-07,"[""financial_bad""]",2023-08-04,801054.SI,002428.SZ
801745.SI,False,2023-04-21,True,False,False,True,2022-2025,2023-08-07,"[""financial_bad""]",2023-08-04,801745.SI,300045.SZ
801764.SI,True,2023-04-27,True,False,False,True,2022-2025,2023-08-07,"[""financial_bad""]",2023-08-04,801764.SI,300052.SZ
801223.SI,True,2023-04-15,True,False,False,True,2022-2025,2023-08-07,"[""financial_bad""]",2023-08-04,801223.SI,300053.SZ
801193.SI,True,2023-04-28,True,False,False,True,2022-2025,2023-08-07,"[""financial_bad""]",2023-08-04,801193.SI,601099.SH
801993.SI,True,2023-04-28,True,False,False,True,2022-2025,2023-08-08,"[""financial_bad""]",2023-08-07,801993.SI,000888.SZ
801765.SI,False,2023-04-22,True,False,False,True,2022-2025,2023-08-08,"[""financial_bad""]",2023-08-07,801145.SI,002103.SZ
801054.SI,False,2023-04-13,True,False,False,True,2022-2025,2023-08-08,"[""financial_bad""]",2023-08-07,801054.SI,002428.SZ
801764.SI,False,2023-04-27,True,False,False,True,2022-2025,2023-08-08,"[""financial_bad""]",2023-08-07,801764.SI,300052.SZ
801193.SI,True,2023-04-28,True,False,False,True,2022-2025,2023-08-08,"[""financial_bad""]",2023-08-07,801193.SI,601099.SH
801104.SI,True,2023-04-12,True,False,False,True,2022-2025,2023-08-08,"[""financial_bad""]",2023-08-07,801104.SI,601519.SH
801993.SI,True,2023-04-28,True,False,False,True,2022-2025,2023-08-09,"[""financial_bad""]",2023-08-08,801993.SI,000888.SZ
801765.SI,False,2023-04-22,True,False,False,True,2022-2025,2023-08-09,"[""financial_bad""]",2023-08-08,801145.SI,002103.SZ
801054.SI,False,2023-04-13,True,False,False,True,2022-2025,2023-08-09,"[""financial_bad""]",2023-08-08,801054.SI,002428.SZ
801764.SI,False,2023-04-27,True,False,False,True,2022-2025,2023-08-09,"[""financial_bad""]",2023-08-08,801764.SI,300052.SZ
801074.SI,True,2023-04-18,True,False,False,True,2022-2025,2023-08-09,"[""financial_bad""]",2023-08-08,801074.SI,300471.SZ
801104.SI,True,2023-04-12,True,False,False,True,2022-2025,2023-08-09,"[""financial_bad""]",2023-08-08,801104.SI,601519.SH
801993.SI,False,2023-04-28,True,False,False,True,2022-2025,2023-09-07,"[""financial_bad""]",2023-09-06,801993.SI,000888.SZ
801765.SI,False,2023-04-22,True,False,False,True,2022-2025,2023-09-07,"[""financial_bad""]",2023-09-06,801145.SI,002103.SZ
801054.SI,False,2023-04-13,True,False,False,True,2022-2025,2023-09-07,"[""financial_bad""]",2023-09-06,801054.SI,002428.SZ
801223.SI,True,2023-04-15,True,False,False,True,2022-2025,2023-09-07,"[""financial_bad""]",2023-09-06,801223.SI,300053.SZ
801218.SI,True,2023-04-26,True,False,False,True,2022-2025,2023-09-07,"[""financial_bad""]",2023-09-06,801218.SI,301169.SZ
801015.SI,True,2023-04-26,True,False,False,True,2022-2025,2023-09-07,"[""financial_bad""]",2023-09-06,801015.SI,600257.SH
801993.SI,False,2023-04-28,True,False,False,True,2022-2025,2023-09-08,"[""financial_bad""]",2023-09-07,801993.SI,000888.SZ
801765.SI,False,2023-04-22,True,False,False,True,2022-2025,2023-09-08,"[""financial_bad""]",2023-09-07,801145.SI,002103.SZ
801054.SI,False,2023-04-13,True,False,False,True,2022-2025,2023-09-08,"[""financial_bad""]",2023-09-07,801054.SI,002428.SZ
801764.SI,False,2023-04-27,True,False,False,True,2022-2025,2023-09-08,"[""financial_bad""]",2023-09-07,801764.SI,300052.SZ
801223.SI,True,2023-04-15,True,False,False,True,2022-2025,2023-09-08,"[""financial_bad""]",2023-09-07,801223.SI,300053.SZ
801218.SI,True,2023-04-26,True,False,False,True,2022-2025,2023-09-08,"[""financial_bad""]",2023-09-07,801218.SI,301169.SZ
801015.SI,True,2023-04-26,True,False,False,True,2022-2025,2023-09-08,"[""financial_bad""]",2023-09-07,801015.SI,600257.SH
801103.SI,True,2023-04-17,True,False,False,True,2022-2025,2023-11-08,"[""financial_bad""]",2023-11-07,801103.SI,000158.SZ
801765.SI,False,2023-04-22,True,False,False,True,2022-2025,2023-11-08,"[""financial_bad""]",2023-11-07,801145.SI,002103.SZ
801764.SI,False,2023-04-27,True,False,False,True,2022-2025,2023-11-08,"[""financial_bad""]",2023-11-07,801764.SI,300052.SZ
801223.SI,True,2023-04-15,True,False,False,True,2022-2025,2023-11-08,"[""financial_bad""]",2023-11-07,801223.SI,300053.SZ
801125.SI,False,2023-04-28,True,False,False,True,2022-2025,2023-11-08,"[""financial_bad""]",2023-11-07,801125.SI,600199.SH
801103.SI,True,2023-04-17,True,False,False,True,2022-2025,2023-11-09,"[""financial_bad""]",2023-11-08,801103.SI,000158.SZ
801765.SI,False,2023-04-22,True,False,False,True,2022-2025,2023-11-09,"[""financial_bad""]",2023-11-08,801145.SI,002103.SZ
801103.SI,True,2023-04-19,True,False,False,True,2022-2025,2023-11-09,"[""financial_bad""]",2023-11-08,801103.SI,002657.SZ
801223.SI,True,2023-04-15,True,False,False,True,2022-2025,2023-11-09,"[""financial_bad""]",2023-11-08,801223.SI,300053.SZ
801125.SI,False,2023-04-28,True,False,False,True,2022-2025,2023-11-09,"[""financial_bad""]",2023-11-08,801125.SI,600199.SH
801103.SI,True,2023-04-17,True,False,False,True,2022-2025,2023-11-10,"[""financial_bad""]",2023-11-09,801103.SI,000158.SZ
801765.SI,False,2023-04-22,True,False,False,True,2022-2025,2023-11-10,"[""financial_bad""]",2023-11-09,801145.SI,002103.SZ
801764.SI,False,2023-04-27,True,False,False,True,2022-2025,2023-11-10,"[""financial_bad""]",2023-11-09,801764.SI,300052.SZ
801223.SI,True,2023-04-15,True,False,False,True,2022-2025,2023-11-10,"[""financial_bad""]",2023-11-09,801223.SI,300053.SZ
801125.SI,False,2023-04-28,True,False,False,True,2022-2025,2023-11-10,"[""financial_bad""]",2023-11-09,801125.SI,600199.SH
801103.SI,True,2023-04-17,True,False,False,True,2022-2025,2023-11-13,"[""financial_bad""]",2023-11-10,801103.SI,000158.SZ
801765.SI,False,2023-04-22,True,False,False,True,2022-2025,2023-11-13,"[""financial_bad""]",2023-11-10,801145.SI,002103.SZ
801103.SI,True,2023-04-19,True,False,False,True,2022-2025,2023-11-13,"[""financial_bad""]",2023-11-10,801103.SI,002657.SZ
801223.SI,True,2023-04-15,True,False,False,True,2022-2025,2023-11-13,"[""financial_bad""]",2023-11-10,801223.SI,300053.SZ
801125.SI,False,2023-04-28,True,False,False,True,2022-2025,2023-11-13,"[""financial_bad""]",2023-11-10,801125.SI,600199.SH
801765.SI,False,2023-04-22,True,False,False,True,2022-2025,2023-11-14,"[""financial_bad""]",2023-11-13,801145.SI,002103.SZ
801764.SI,False,2023-04-27,True,False,False,True,2022-2025,2023-11-14,"[""financial_bad""]",2023-11-13,801764.SI,300052.SZ
801223.SI,True,2023-04-15,True,False,False,True,2022-2025,2023-11-14,"[""financial_bad""]",2023-11-13,801223.SI,300053.SZ
801769.SI,True,2023-04-26,True,False,False,True,2022-2025,2023-11-14,"[""financial_bad""]",2023-11-13,801769.SI,300364.SZ
801125.SI,False,2023-04-28,True,False,False,True,2022-2025,2023-11-14,"[""financial_bad""]",2023-11-13,801125.SI,600199.SH
801765.SI,False,2023-04-22,True,False,False,True,2022-2025,2023-11-15,"[""financial_bad""]",2023-11-14,801145.SI,002103.SZ
801103.SI,True,2023-04-19,True,False,False,True,2022-2025,2023-11-15,"[""financial_bad""]",2023-11-14,801103.SI,002657.SZ
801223.SI,True,2023-04-15,True,False,False,True,2022-2025,2023-11-15,"[""financial_bad""]",2023-11-14,801223.SI,300053.SZ
801125.SI,False,2023-04-28,True,False,False,True,2022-2025,2023-11-15,"[""financial_bad""]",2023-11-14,801125.SI,600199.SH
801103.SI,True,2023-04-17,True,False,False,True,2022-2025,2023-11-16,"[""financial_bad""]",2023-11-15,801103.SI,000158.SZ
801765.SI,False,2023-04-22,True,False,False,True,2022-2025,2023-11-16,"[""financial_bad""]",2023-11-15,801145.SI,002103.SZ
801764.SI,False,2023-04-27,True,False,False,True,2022-2025,2023-11-16,"[""financial_bad""]",2023-11-15,801764.SI,300052.SZ
801769.SI,True,2023-04-26,True,False,False,True,2022-2025,2023-11-16,"[""financial_bad""]",2023-11-15,801769.SI,300364.SZ
801125.SI,False,2023-04-28,True,False,False,True,2022-2025,2023-11-16,"[""financial_bad""]",2023-11-15,801125.SI,600199.SH
801103.SI,True,2023-04-17,True,False,False,True,2022-2025,2023-11-17,"[""financial_bad""]",2023-11-16,801103.SI,000158.SZ
801765.SI,False,2023-04-22,True,False,False,True,2022-2025,2023-11-17,"[""financial_bad""]",2023-11-16,801145.SI,002103.SZ
801103.SI,True,2023-04-19,True,False,False,True,2022-2025,2023-11-17,"[""financial_bad""]",2023-11-16,801103.SI,002657.SZ
801764.SI,False,2023-04-27,True,False,False,True,2022-2025,2023-11-17,"[""financial_bad""]",2023-11-16,801764.SI,300052.SZ
801769.SI,True,2023-04-26,True,False,False,True,2022-2025,2023-11-17,"[""financial_bad""]",2023-11-16,801769.SI,300364.SZ
801125.SI,False,2023-04-28,True,False,False,True,2022-2025,2023-11-17,"[""financial_bad""]",2023-11-16,801125.SI,600199.SH
801103.SI,True,2023-04-17,True,False,False,True,2022-2025,2023-11-20,"[""financial_bad""]",2023-11-17,801103.SI,000158.SZ
801103.SI,True,2023-04-19,True,False,False,True,2022-2025,2023-11-20,"[""financial_bad""]",2023-11-17,801103.SI,002657.SZ
801764.SI,False,2023-04-27,True,False,False,True,2022-2025,2023-11-20,"[""financial_bad""]",2023-11-17,801764.SI,300052.SZ
801769.SI,True,2023-04-26,True,False,False,True,2022-2025,2023-11-20,"[""financial_bad""]",2023-11-17,801769.SI,300364.SZ
801125.SI,False,2023-04-28,True,False,False,True,2022-2025,2023-11-20,"[""financial_bad""]",2023-11-17,801125.SI,600199.SH
801103.SI,True,2023-04-17,True,False,False,True,2022-2025,2023-11-21,"[""financial_bad""]",2023-11-20,801103.SI,000158.SZ
801103.SI,True,2023-04-19,True,False,False,True,2022-2025,2023-11-21,"[""financial_bad""]",2023-11-20,801103.SI,002657.SZ
801764.SI,False,2023-04-27,True,False,False,True,2022-2025,2023-11-21,"[""financial_bad""]",2023-11-20,801764.SI,300052.SZ
801769.SI,True,2023-04-26,True,False,False,True,2022-2025,2023-11-21,"[""financial_bad""]",2023-11-20,801769.SI,300364.SZ
801125.SI,False,2023-04-28,True,False,False,True,2022-2025,2023-11-21,"[""financial_bad""]",2023-11-20,801125.SI,600199.SH
801103.SI,True,2023-04-17,True,False,False,True,2022-2025,2023-11-22,"[""financial_bad""]",2023-11-21,801103.SI,000158.SZ
801103.SI,True,2023-04-19,True,False,False,True,2022-2025,2023-11-22,"[""financial_bad""]",2023-11-21,801103.SI,002657.SZ
801764.SI,False,2023-04-27,True,False,False,True,2022-2025,2023-11-22,"[""financial_bad""]",2023-11-21,801764.SI,300052.SZ
801769.SI,True,2023-04-26,True,False,False,True,2022-2025,2023-11-22,"[""financial_bad""]",2023-11-21,801769.SI,300364.SZ
801125.SI,False,2023-04-28,True,False,False,True,2022-2025,2023-11-22,"[""financial_bad""]",2023-11-21,801125.SI,600199.SH
801103.SI,True,2023-04-19,True,False,False,True,2022-2025,2023-11-23,"[""financial_bad""]",2023-11-22,801103.SI,002657.SZ
801125.SI,False,2023-04-28,True,False,False,True,2022-2025,2023-11-23,"[""financial_bad""]",2023-11-22,801125.SI,600199.SH
801103.SI,True,2023-04-17,True,False,False,True,2022-2025,2023-11-24,"[""financial_bad""]",2023-11-23,801103.SI,000158.SZ
801103.SI,True,2023-04-19,True,False,False,True,2022-2025,2023-11-24,"[""financial_bad""]",2023-11-23,801103.SI,002657.SZ
801764.SI,False,2023-04-27,True,False,False,True,2022-2025,2023-11-24,"[""financial_bad""]",2023-11-23,801764.SI,300052.SZ
801769.SI,True,2023-04-26,True,False,False,True,2022-2025,2023-11-24,"[""financial_bad""]",2023-11-23,801769.SI,300364.SZ
801125.SI,False,2023-04-28,True,False,False,True,2022-2025,2023-11-24,"[""financial_bad""]",2023-11-23,801125.SI,600199.SH
801765.SI,True,2023-04-29,True,False,False,True,2022-2025,2023-11-24,"[""financial_bad""]",2023-11-23,801765.SI,603598.SH
801084.SI,True,2023-04-18,True,False,False,True,2022-2025,2023-11-27,"[""financial_bad""]",2023-11-24,801084.SI,000536.SZ
801764.SI,False,2023-04-27,True,False,False,True,2022-2025,2023-11-27,"[""financial_bad""]",2023-11-24,801764.SI,300052.SZ
801125.SI,False,2023-04-28,True,False,False,True,2022-2025,2023-11-27,"[""financial_bad""]",2023-11-24,801125.SI,600199.SH
801015.SI,False,2023-04-26,True,False,False,True,2022-2025,2023-11-27,"[""financial_bad""]",2023-11-24,801015.SI,600257.SH
801103.SI,True,2023-04-17,True,False,False,True,2022-2025,2023-11-28,"[""financial_bad""]",2023-11-27,801103.SI,000158.SZ
801764.SI,False,2023-04-27,True,False,False,True,2022-2025,2023-11-28,"[""financial_bad""]",2023-11-27,801764.SI,300052.SZ
801769.SI,True,2023-04-26,True,False,False,True,2022-2025,2023-11-28,"[""financial_bad""]",2023-11-27,801769.SI,300364.SZ
801218.SI,False,2023-04-26,True,False,False,True,2022-2025,2023-11-28,"[""financial_bad""]",2023-11-27,801218.SI,301169.SZ
801015.SI,False,2023-04-26,True,False,False,True,2022-2025,2023-11-28,"[""financial_bad""]",2023-11-27,801015.SI,600257.SH
801764.SI,False,2023-04-27,True,False,False,True,2022-2025,2023-11-29,"[""financial_bad""]",2023-11-28,801764.SI,300052.SZ
801769.SI,True,2023-04-26,True,False,False,True,2022-2025,2023-11-29,"[""financial_bad""]",2023-11-28,801769.SI,300364.SZ
801015.SI,False,2023-04-26,True,False,False,True,2022-2025,2023-11-29,"[""financial_bad""]",2023-11-28,801015.SI,600257.SH
801103.SI,True,2023-04-17,True,False,False,True,2022-2025,2023-11-30,"[""financial_bad""]",2023-11-29,801103.SI,000158.SZ
801764.SI,False,2023-04-27,True,False,False,True,2022-2025,2023-11-30,"[""financial_bad""]",2023-11-29,801764.SI,300052.SZ
801769.SI,True,2023-04-26,True,False,False,True,2022-2025,2023-11-30,"[""financial_bad""]",2023-11-29,801769.SI,300364.SZ
801015.SI,False,2023-04-26,True,False,False,True,2022-2025,2023-11-30,"[""financial_bad""]",2023-11-29,801015.SI,600257.SH
801764.SI,False,2023-04-27,True,False,False,True,2022-2025,2023-12-01,"[""financial_bad""]",2023-11-30,801764.SI,300052.SZ
801769.SI,True,2023-04-26,True,False,False,True,2022-2025,2023-12-01,"[""financial_bad""]",2023-11-30,801769.SI,300364.SZ
801015.SI,False,2023-04-26,True,False,False,True,2022-2025,2023-12-01,"[""financial_bad""]",2023-11-30,801015.SI,600257.SH
801103.SI,True,2023-04-19,True,False,False,True,2022-2025,2023-12-04,"[""financial_bad""]",2023-12-01,801103.SI,002657.SZ
801764.SI,False,2023-04-27,True,False,False,True,2022-2025,2023-12-04,"[""financial_bad""]",2023-12-01,801764.SI,300052.SZ
801769.SI,True,2023-04-26,True,False,False,True,2022-2025,2023-12-04,"[""financial_bad""]",2023-12-01,801769.SI,300364.SZ
801218.SI,True,2023-04-26,True,False,False,True,2022-2025,2023-12-04,"[""financial_bad""]",2023-12-01,801218.SI,301169.SZ
801015.SI,False,2023-04-26,True,False,False,True,2022-2025,2023-12-04,"[""financial_bad""]",2023-12-01,801015.SI,600257.SH
801765.SI,False,2023-04-22,True,False,False,True,2022-2025,2024-02-26,"[""financial_bad""]",2024-02-23,801145.SI,002103.SZ
801769.SI,False,2023-04-26,True,False,False,True,2022-2025,2024-02-26,"[""financial_bad""]",2024-02-23,801769.SI,300364.SZ
801765.SI,False,2023-04-22,True,False,False,True,2022-2025,2024-02-27,"[""financial_bad""]",2024-02-26,801145.SI,002103.SZ
801769.SI,False,2023-04-26,True,False,False,True,2022-2025,2024-02-27,"[""financial_bad""]",2024-02-26,801769.SI,300364.SZ
801765.SI,False,2023-04-22,True,False,False,True,2022-2025,2024-02-28,"[""financial_bad""]",2024-02-27,801145.SI,002103.SZ
801769.SI,False,2023-04-26,True,False,False,True,2022-2025,2024-02-28,"[""financial_bad""]",2024-02-27,801769.SI,300364.SZ
801765.SI,False,2023-04-22,True,False,False,True,2022-2025,2024-02-29,"[""financial_bad""]",2024-02-28,801145.SI,002103.SZ
801769.SI,False,2023-04-26,True,False,False,True,2022-2025,2024-02-29,"[""financial_bad""]",2024-02-28,801769.SI,300364.SZ
801765.SI,False,2023-04-22,True,False,False,True,2022-2025,2024-03-01,"[""financial_bad""]",2024-02-29,801145.SI,002103.SZ
801769.SI,False,2023-04-26,True,False,False,True,2022-2025,2024-03-01,"[""financial_bad""]",2024-02-29,801769.SI,300364.SZ
801765.SI,False,2023-04-22,True,False,False,True,2022-2025,2024-03-04,"[""financial_bad""]",2024-03-01,801145.SI,002103.SZ
801769.SI,False,2023-04-26,True,False,False,True,2022-2025,2024-03-04,"[""financial_bad""]",2024-03-01,801769.SI,300364.SZ
801765.SI,False,2023-04-22,True,False,False,True,2022-2025,2024-03-05,"[""financial_bad""]",2024-03-04,801145.SI,002103.SZ
801769.SI,False,2023-04-26,True,False,False,True,2022-2025,2024-03-05,"[""financial_bad""]",2024-03-04,801769.SI,300364.SZ
801765.SI,False,2023-04-29,True,False,False,True,2022-2025,2024-03-05,"[""financial_bad""]",2024-03-04,801765.SI,603598.SH
801765.SI,False,2023-04-22,True,False,False,True,2022-2025,2024-03-06,"[""financial_bad""]",2024-03-05,801145.SI,002103.SZ
801769.SI,False,2023-04-26,True,False,False,True,2022-2025,2024-03-06,"[""financial_bad""]",2024-03-05,801769.SI,300364.SZ
801765.SI,False,2023-04-22,True,False,False,True,2022-2025,2024-03-07,"[""financial_bad""]",2024-03-06,801145.SI,002103.SZ
801769.SI,False,2023-04-26,True,False,False,True,2022-2025,2024-03-07,"[""financial_bad""]",2024-03-06,801769.SI,300364.SZ
801765.SI,False,2023-04-22,True,False,False,True,2022-2025,2024-03-08,"[""financial_bad""]",2024-03-07,801145.SI,002103.SZ
801769.SI,False,2023-04-26,True,False,False,True,2022-2025,2024-03-08,"[""financial_bad""]",2024-03-07,801769.SI,300364.SZ
801765.SI,False,2023-04-22,True,False,False,True,2022-2025,2024-03-11,"[""financial_bad""]",2024-03-08,801145.SI,002103.SZ
801769.SI,False,2023-04-26,True,False,False,True,2022-2025,2024-03-11,"[""financial_bad""]",2024-03-08,801769.SI,300364.SZ
801993.SI,False,2023-04-28,True,False,False,True,2022-2025,2024-03-12,"[""financial_bad""]",2024-03-11,801993.SI,000888.SZ
801765.SI,False,2023-04-22,True,False,False,True,2022-2025,2024-03-12,"[""financial_bad""]",2024-03-11,801145.SI,002103.SZ
801769.SI,False,2023-04-26,True,False,False,True,2022-2025,2024-03-12,"[""financial_bad""]",2024-03-11,801769.SI,300364.SZ
801993.SI,False,2023-04-28,True,False,False,True,2022-2025,2024-03-13,"[""financial_bad""]",2024-03-12,801993.SI,000888.SZ
801765.SI,False,2023-04-22,True,False,False,True,2022-2025,2024-03-13,"[""financial_bad""]",2024-03-12,801145.SI,002103.SZ
801223.SI,False,2023-04-15,True,False,False,True,2022-2025,2024-03-13,"[""financial_bad""]",2024-03-12,801223.SI,300053.SZ
801769.SI,False,2023-04-26,True,False,False,True,2022-2025,2024-03-13,"[""financial_bad""]",2024-03-12,801769.SI,300364.SZ
801993.SI,False,2023-04-28,True,False,False,True,2022-2025,2024-03-14,"[""financial_bad""]",2024-03-13,801993.SI,000888.SZ
801765.SI,False,2023-04-22,True,False,False,True,2022-2025,2024-03-14,"[""financial_bad""]",2024-03-13,801145.SI,002103.SZ
801223.SI,False,2023-04-15,True,False,False,True,2022-2025,2024-03-14,"[""financial_bad""]",2024-03-13,801223.SI,300053.SZ
801769.SI,False,2023-04-26,True,False,False,True,2022-2025,2024-03-14,"[""financial_bad""]",2024-03-13,801769.SI,300364.SZ
801993.SI,False,2023-04-28,True,False,False,True,2022-2025,2024-03-15,"[""financial_bad""]",2024-03-14,801993.SI,000888.SZ
801765.SI,False,2023-04-22,True,False,False,True,2022-2025,2024-03-15,"[""financial_bad""]",2024-03-14,801145.SI,002103.SZ
801769.SI,False,2023-04-26,True,False,False,True,2022-2025,2024-03-15,"[""financial_bad""]",2024-03-14,801769.SI,300364.SZ
801993.SI,False,2023-04-28,True,False,False,True,2022-2025,2024-03-18,"[""financial_bad""]",2024-03-15,801993.SI,000888.SZ
801765.SI,False,2023-04-22,True,False,False,True,2022-2025,2024-03-18,"[""financial_bad""]",2024-03-15,801145.SI,002103.SZ
801223.SI,False,2023-04-15,True,False,False,True,2022-2025,2024-03-18,"[""financial_bad""]",2024-03-15,801223.SI,300053.SZ
801769.SI,False,2023-04-26,True,False,False,True,2022-2025,2024-03-18,"[""financial_bad""]",2024-03-15,801769.SI,300364.SZ
801993.SI,False,2023-04-28,True,False,False,True,2022-2025,2024-03-19,"[""financial_bad""]",2024-03-18,801993.SI,000888.SZ
801765.SI,False,2023-04-22,True,False,False,True,2022-2025,2024-03-19,"[""financial_bad""]",2024-03-18,801145.SI,002103.SZ
801766.SI,False,2023-04-28,True,False,False,True,2022-2025,2024-03-19,"[""financial_bad""]",2024-03-18,801766.SI,002739.SZ
801223.SI,False,2023-04-15,True,False,False,True,2022-2025,2024-03-19,"[""financial_bad""]",2024-03-18,801223.SI,300053.SZ
801769.SI,False,2023-04-26,True,False,False,True,2022-2025,2024-03-19,"[""financial_bad""]",2024-03-18,801769.SI,300364.SZ
801765.SI,False,2023-04-29,True,False,False,True,2022-2025,2024-03-19,"[""financial_bad""]",2024-03-18,801765.SI,603598.SH
801993.SI,False,2023-04-28,True,False,False,True,2022-2025,2024-03-20,"[""financial_bad""]",2024-03-19,801993.SI,000888.SZ
801765.SI,False,2023-04-22,True,False,False,True,2022-2025,2024-03-20,"[""financial_bad""]",2024-03-19,801145.SI,002103.SZ
801223.SI,False,2023-04-15,True,False,False,True,2022-2025,2024-03-20,"[""financial_bad""]",2024-03-19,801223.SI,300053.SZ
801769.SI,False,2023-04-26,True,False,False,True,2022-2025,2024-03-20,"[""financial_bad""]",2024-03-19,801769.SI,300364.SZ
801765.SI,False,2023-04-29,True,False,False,True,2022-2025,2024-03-20,"[""financial_bad""]",2024-03-19,801765.SI,603598.SH
801993.SI,False,2023-04-28,True,False,False,True,2022-2025,2024-03-21,"[""financial_bad""]",2024-03-20,801993.SI,000888.SZ
801765.SI,False,2023-04-22,True,False,False,True,2022-2025,2024-03-21,"[""financial_bad""]",2024-03-20,801145.SI,002103.SZ
801223.SI,True,2023-04-15,True,False,False,True,2022-2025,2024-03-21,"[""financial_bad""]",2024-03-20,801223.SI,300053.SZ
801769.SI,False,2023-04-26,True,False,False,True,2022-2025,2024-03-21,"[""financial_bad""]",2024-03-20,801769.SI,300364.SZ
801765.SI,False,2023-04-29,True,False,False,True,2022-2025,2024-03-21,"[""financial_bad""]",2024-03-20,801765.SI,603598.SH
801993.SI,False,2023-04-28,True,False,False,True,2022-2025,2024-03-22,"[""financial_bad""]",2024-03-21,801993.SI,000888.SZ
801765.SI,False,2023-04-22,True,False,False,True,2022-2025,2024-03-22,"[""financial_bad""]",2024-03-21,801145.SI,002103.SZ
801223.SI,True,2023-04-15,True,False,False,True,2022-2025,2024-03-22,"[""financial_bad""]",2024-03-21,801223.SI,300053.SZ
801769.SI,True,2023-04-26,True,False,False,True,2022-2025,2024-03-22,"[""financial_bad""]",2024-03-21,801769.SI,300364.SZ
801765.SI,False,2023-04-29,True,False,False,True,2022-2025,2024-03-22,"[""financial_bad""]",2024-03-21,801765.SI,603598.SH
801102.SI,True,2023-04-27,True,False,False,True,2022-2025,2024-03-22,"[""financial_bad""]",2024-03-21,801102.SI,688027.SH
801993.SI,False,2023-04-28,True,False,False,True,2022-2025,2024-03-25,"[""financial_bad""]",2024-03-22,801993.SI,000888.SZ
801765.SI,False,2023-04-22,True,False,False,True,2022-2025,2024-03-25,"[""financial_bad""]",2024-03-22,801145.SI,002103.SZ
801223.SI,True,2023-04-15,True,False,False,True,2022-2025,2024-03-25,"[""financial_bad""]",2024-03-22,801223.SI,300053.SZ
801102.SI,True,2023-04-27,True,False,False,True,2022-2025,2024-03-25,"[""financial_bad""]",2024-03-22,801102.SI,688027.SH
801993.SI,False,2023-04-28,True,False,False,True,2022-2025,2024-03-26,"[""financial_bad""]",2024-03-25,801993.SI,000888.SZ
801765.SI,False,2023-04-22,True,False,False,True,2022-2025,2024-03-26,"[""financial_bad""]",2024-03-25,801145.SI,002103.SZ
801766.SI,True,2023-04-28,True,False,False,True,2022-2025,2024-03-26,"[""financial_bad""]",2024-03-25,801766.SI,002739.SZ
801223.SI,True,2023-04-15,True,False,False,True,2022-2025,2024-03-26,"[""financial_bad""]",2024-03-25,801223.SI,300053.SZ
801769.SI,True,2023-04-26,True,False,False,True,2022-2025,2024-03-26,"[""financial_bad""]",2024-03-25,801769.SI,300364.SZ
801765.SI,False,2023-04-29,True,False,False,True,2022-2025,2024-03-26,"[""financial_bad""]",2024-03-25,801765.SI,603598.SH
801102.SI,True,2023-04-27,True,False,False,True,2022-2025,2024-03-26,"[""financial_bad""]",2024-03-25,801102.SI,688027.SH
801993.SI,False,2023-04-28,True,False,False,True,2022-2025,2024-03-27,"[""financial_bad""]",2024-03-26,801993.SI,000888.SZ
801765.SI,False,2023-04-22,True,False,False,True,2022-2025,2024-03-27,"[""financial_bad""]",2024-03-26,801145.SI,002103.SZ
801766.SI,True,2023-04-28,True,False,False,True,2022-2025,2024-03-27,"[""financial_bad""]",2024-03-26,801766.SI,002739.SZ
801223.SI,True,2023-04-15,True,False,False,True,2022-2025,2024-03-27,"[""financial_bad""]",2024-03-26,801223.SI,300053.SZ
801769.SI,True,2023-04-26,True,False,False,True,2022-2025,2024-03-27,"[""financial_bad""]",2024-03-26,801769.SI,300364.SZ
801765.SI,False,2023-04-29,True,False,False,True,2022-2025,2024-03-27,"[""financial_bad""]",2024-03-26,801765.SI,603598.SH
801102.SI,True,2023-04-27,True,False,False,True,2022-2025,2024-03-27,"[""financial_bad""]",2024-03-26,801102.SI,688027.SH
801993.SI,False,2023-04-28,True,False,False,True,2022-2025,2024-03-28,"[""financial_bad""]",2024-03-27,801993.SI,000888.SZ
801766.SI,True,2023-04-28,True,False,False,True,2022-2025,2024-03-28,"[""financial_bad""]",2024-03-27,801766.SI,002739.SZ
801769.SI,True,2023-04-26,True,False,False,True,2022-2025,2024-03-28,"[""financial_bad""]",2024-03-27,801769.SI,300364.SZ
801765.SI,False,2023-04-29,True,False,False,True,2022-2025,2024-03-28,"[""financial_bad""]",2024-03-27,801765.SI,603598.SH
801102.SI,True,2023-04-27,True,False,False,True,2022-2025,2024-03-28,"[""financial_bad""]",2024-03-27,801102.SI,688027.SH
801993.SI,False,2023-04-28,True,False,False,True,2022-2025,2024-03-29,"[""financial_bad""]",2024-03-28,801993.SI,000888.SZ
801766.SI,True,2023-04-28,True,False,False,True,2022-2025,2024-03-29,"[""financial_bad""]",2024-03-28,801766.SI,002739.SZ
801223.SI,True,2023-04-15,True,False,False,True,2022-2025,2024-03-29,"[""financial_bad""]",2024-03-28,801223.SI,300053.SZ
801769.SI,True,2023-04-26,True,False,False,True,2022-2025,2024-03-29,"[""financial_bad""]",2024-03-28,801769.SI,300364.SZ
801765.SI,False,2023-04-29,True,False,False,True,2022-2025,2024-03-29,"[""financial_bad""]",2024-03-28,801765.SI,603598.SH
801993.SI,False,2023-04-28,True,False,False,True,2022-2025,2024-04-01,"[""financial_bad""]",2024-03-29,801993.SI,000888.SZ
801766.SI,True,2023-04-28,True,False,False,True,2022-2025,2024-04-01,"[""financial_bad""]",2024-03-29,801766.SI,002739.SZ
801223.SI,True,2023-04-15,True,False,False,True,2022-2025,2024-04-01,"[""financial_bad""]",2024-03-29,801223.SI,300053.SZ
801769.SI,True,2023-04-26,True,False,False,True,2022-2025,2024-04-01,"[""financial_bad""]",2024-03-29,801769.SI,300364.SZ
801015.SI,False,2023-04-26,True,False,False,True,2022-2025,2024-04-01,"[""financial_bad""]",2024-03-29,801015.SI,600257.SH
801765.SI,False,2023-04-29,True,False,False,True,2022-2025,2024-04-01,"[""financial_bad""]",2024-03-29,801765.SI,603598.SH
801766.SI,True,2023-04-28,True,False,False,True,2022-2025,2024-04-02,"[""financial_bad""]",2024-04-01,801766.SI,002739.SZ
801223.SI,True,2023-04-15,True,False,False,True,2022-2025,2024-04-02,"[""financial_bad""]",2024-04-01,801223.SI,300053.SZ
801769.SI,True,2023-04-26,True,False,False,True,2022-2025,2024-04-02,"[""financial_bad""]",2024-04-01,801769.SI,300364.SZ
801015.SI,False,2023-04-26,True,False,False,True,2022-2025,2024-04-02,"[""financial_bad""]",2024-04-01,801015.SI,600257.SH
801765.SI,False,2023-04-29,True,False,False,True,2022-2025,2024-04-02,"[""financial_bad""]",2024-04-01,801765.SI,603598.SH
801765.SI,False,2023-04-22,True,False,False,True,2022-2025,2024-04-03,"[""financial_bad""]",2024-04-02,801145.SI,002103.SZ
801766.SI,True,2023-04-28,True,False,False,True,2022-2025,2024-04-03,"[""financial_bad""]",2024-04-02,801766.SI,002739.SZ
801223.SI,True,2023-04-15,True,False,False,True,2022-2025,2024-04-03,"[""financial_bad""]",2024-04-02,801223.SI,300053.SZ
801015.SI,False,2023-04-26,True,False,False,True,2022-2025,2024-04-03,"[""financial_bad""]",2024-04-02,801015.SI,600257.SH
801102.SI,True,2023-04-27,True,False,False,True,2022-2025,2024-04-03,"[""financial_bad""]",2024-04-02,801102.SI,688027.SH
801765.SI,False,2023-04-22,True,False,False,True,2022-2025,2024-04-08,"[""financial_bad""]",2024-04-03,801145.SI,002103.SZ
801769.SI,True,2023-04-26,True,False,False,True,2022-2025,2024-04-08,"[""financial_bad""]",2024-04-03,801769.SI,300364.SZ
801015.SI,False,2023-04-26,True,False,False,True,2022-2025,2024-04-08,"[""financial_bad""]",2024-04-03,801015.SI,600257.SH
801102.SI,True,2023-04-27,True,False,False,True,2022-2025,2024-04-08,"[""financial_bad""]",2024-04-03,801102.SI,688027.SH
801765.SI,False,2023-04-22,True,False,False,True,2022-2025,2024-04-09,"[""financial_bad""]",2024-04-08,801145.SI,002103.SZ
801766.SI,True,2023-04-28,True,False,False,True,2022-2025,2024-04-09,"[""financial_bad""]",2024-04-08,801766.SI,002739.SZ
801769.SI,True,2023-04-26,True,False,False,True,2022-2025,2024-04-09,"[""financial_bad""]",2024-04-08,801769.SI,300364.SZ
801015.SI,False,2023-04-26,True,False,False,True,2022-2025,2024-04-09,"[""financial_bad""]",2024-04-08,801015.SI,600257.SH
801102.SI,True,2023-04-27,True,False,False,True,2022-2025,2024-04-09,"[""financial_bad""]",2024-04-08,801102.SI,688027.SH
801765.SI,False,2023-04-22,True,False,False,True,2022-2025,2024-04-10,"[""financial_bad""]",2024-04-09,801145.SI,002103.SZ
801766.SI,True,2023-04-28,True,False,False,True,2022-2025,2024-04-10,"[""financial_bad""]",2024-04-09,801766.SI,002739.SZ
801015.SI,False,2023-04-26,True,False,False,True,2022-2025,2024-04-10,"[""financial_bad""]",2024-04-09,801015.SI,600257.SH
801765.SI,False,2023-04-22,True,False,False,True,2022-2025,2024-04-11,"[""financial_bad""]",2024-04-10,801145.SI,002103.SZ
801015.SI,False,2023-04-26,True,False,False,True,2022-2025,2024-04-11,"[""financial_bad""]",2024-04-10,801015.SI,600257.SH
801765.SI,False,2023-04-22,True,False,False,True,2022-2025,2024-04-12,"[""financial_bad""]",2024-04-11,801145.SI,002103.SZ
801015.SI,False,2023-04-26,True,False,False,True,2022-2025,2024-04-12,"[""financial_bad""]",2024-04-11,801015.SI,600257.SH
801765.SI,False,2023-04-22,True,False,False,True,2022-2025,2024-04-15,"[""financial_bad""]",2024-04-12,801145.SI,002103.SZ
801015.SI,False,2023-04-26,True,False,False,True,2022-2025,2024-04-15,"[""financial_bad""]",2024-04-12,801015.SI,600257.SH
801141.SI,True,2023-04-04,True,False,False,True,2022-2025,2024-04-16,"[""financial_bad""]",2024-04-15,801141.SI,002229.SZ
801015.SI,False,2023-04-26,True,False,False,True,2022-2025,2024-04-16,"[""financial_bad""]",2024-04-15,801015.SI,600257.SH
801141.SI,True,2023-04-04,True,False,False,True,2022-2025,2024-04-17,"[""financial_bad""]",2024-04-16,801141.SI,002229.SZ
801141.SI,True,2023-04-04,True,False,False,True,2022-2025,2024-04-18,"[""financial_bad""]",2024-04-17,801141.SI,002229.SZ
801141.SI,True,2023-04-04,True,False,False,True,2022-2025,2024-04-19,"[""financial_bad""]",2024-04-18,801141.SI,002229.SZ
801141.SI,True,2023-04-04,True,False,False,True,2022-2025,2024-04-22,"[""financial_bad""]",2024-04-19,801141.SI,002229.SZ
801081.SI,False,2024-04-26,True,False,False,True,2022-2025,2024-05-06,"[""financial_bad""]",2024-04-30,801081.SI,300077.SZ
801103.SI,False,2024-04-30,True,False,False,True,2022-2025,2024-05-06,"[""financial_bad""]",2024-04-30,801103.SI,300419.SZ
801081.SI,False,2024-04-26,True,False,False,True,2022-2025,2024-05-07,"[""financial_bad""]",2024-05-06,801081.SI,300077.SZ
801103.SI,False,2024-04-30,True,False,False,True,2022-2025,2024-05-07,"[""financial_bad""]",2024-05-06,801103.SI,300419.SZ
801081.SI,False,2024-04-26,True,False,False,True,2022-2025,2024-05-08,"[""financial_bad""]",2024-05-07,801081.SI,300077.SZ
801103.SI,False,2024-04-30,True,False,False,True,2022-2025,2024-05-08,"[""financial_bad""]",2024-05-07,801103.SI,300419.SZ
801143.SI,True,2024-04-23,True,False,False,True,2022-2025,2024-05-08,"[""financial_bad""]",2024-05-07,801143.SI,603863.SH
801081.SI,False,2024-04-26,True,False,False,True,2022-2025,2024-05-09,"[""financial_bad""]",2024-05-08,801081.SI,300077.SZ
801143.SI,True,2024-04-23,True,False,False,True,2022-2025,2024-05-09,"[""financial_bad""]",2024-05-08,801143.SI,603863.SH
801081.SI,False,2024-04-26,True,False,False,True,2022-2025,2024-05-10,"[""financial_bad""]",2024-05-09,801081.SI,300077.SZ
801143.SI,True,2024-04-23,True,False,False,True,2022-2025,2024-05-10,"[""financial_bad""]",2024-05-09,801143.SI,603863.SH
801081.SI,False,2024-04-26,True,False,False,True,2022-2025,2024-05-13,"[""financial_bad""]",2024-05-10,801081.SI,300077.SZ
801143.SI,True,2024-04-23,True,False,False,True,2022-2025,2024-05-13,"[""financial_bad""]",2024-05-10,801143.SI,603863.SH
801081.SI,False,2024-04-26,True,False,False,True,2022-2025,2024-05-14,"[""financial_bad""]",2024-05-13,801081.SI,300077.SZ
801143.SI,True,2024-04-23,True,False,False,True,2022-2025,2024-05-14,"[""financial_bad""]",2024-05-13,801143.SI,603863.SH
801081.SI,False,2024-04-26,True,False,False,True,2022-2025,2024-05-15,"[""financial_bad""]",2024-05-14,801081.SI,300077.SZ
801143.SI,True,2024-04-23,True,False,False,True,2022-2025,2024-05-15,"[""financial_bad""]",2024-05-14,801143.SI,603863.SH
801179.SI,False,2024-04-17,False,False,False,False,2022-2025,2024-05-16,"[""membership_missing""]",2024-05-15,,000886.SZ
801081.SI,False,2024-04-26,True,False,False,True,2022-2025,2024-05-16,"[""financial_bad""]",2024-05-15,801081.SI,300077.SZ
801143.SI,True,2024-04-23,True,False,False,True,2022-2025,2024-05-16,"[""financial_bad""]",2024-05-15,801143.SI,603863.SH
801179.SI,False,2024-04-17,False,False,False,False,2022-2025,2024-05-17,"[""membership_missing""]",2024-05-16,,000886.SZ
801081.SI,False,2024-04-26,True,False,False,True,2022-2025,2024-05-17,"[""financial_bad""]",2024-05-16,801081.SI,300077.SZ
801143.SI,True,2024-04-23,True,False,False,True,2022-2025,2024-05-17,"[""financial_bad""]",2024-05-16,801143.SI,603863.SH
801179.SI,False,2024-04-17,False,False,False,False,2022-2025,2024-05-20,"[""membership_missing""]",2024-05-17,,000886.SZ
801081.SI,False,2024-04-26,True,False,False,True,2022-2025,2024-05-20,"[""financial_bad""]",2024-05-17,801081.SI,300077.SZ
801143.SI,True,2024-04-23,True,False,False,True,2022-2025,2024-05-20,"[""financial_bad""]",2024-05-17,801143.SI,603863.SH
801179.SI,False,2024-04-17,False,False,False,False,2022-2025,2024-05-21,"[""membership_missing""]",2024-05-20,,000886.SZ
801081.SI,False,2024-04-26,True,False,False,True,2022-2025,2024-05-21,"[""financial_bad""]",2024-05-20,801081.SI,300077.SZ
801143.SI,True,2024-04-23,True,False,False,True,2022-2025,2024-05-21,"[""financial_bad""]",2024-05-20,801143.SI,603863.SH
801179.SI,False,2024-04-17,False,False,False,False,2022-2025,2024-05-22,"[""membership_missing""]",2024-05-21,,000886.SZ
801081.SI,False,2024-04-26,True,False,False,True,2022-2025,2024-05-22,"[""financial_bad""]",2024-05-21,801081.SI,300077.SZ
801143.SI,True,2024-04-23,True,False,False,True,2022-2025,2024-05-22,"[""financial_bad""]",2024-05-21,801143.SI,603863.SH
801179.SI,False,2024-04-17,False,False,False,False,2022-2025,2024-05-23,"[""membership_missing""]",2024-05-22,,000886.SZ
801081.SI,False,2024-04-26,True,False,False,True,2022-2025,2024-05-23,"[""financial_bad""]",2024-05-22,801081.SI,300077.SZ
801143.SI,True,2024-04-23,True,False,False,True,2022-2025,2024-05-23,"[""financial_bad""]",2024-05-22,801143.SI,603863.SH
801081.SI,False,2024-04-26,True,False,False,True,2022-2025,2024-05-24,"[""financial_bad""]",2024-05-23,801081.SI,300077.SZ
801143.SI,True,2024-04-23,True,False,False,True,2022-2025,2024-05-24,"[""financial_bad""]",2024-05-23,801143.SI,603863.SH
801081.SI,False,2024-04-26,True,False,False,True,2022-2025,2024-05-27,"[""financial_bad""]",2024-05-24,801081.SI,300077.SZ
801223.SI,True,2024-04-26,True,False,False,True,2022-2025,2024-10-08,"[""financial_bad""]",2024-09-30,801081.SI,300053.SZ
801767.SI,True,2024-04-24,True,False,False,True,2022-2025,2024-10-08,"[""financial_bad""]",2024-09-30,801767.SI,300295.SZ
801767.SI,True,2024-04-24,True,False,False,True,2022-2025,2024-10-10,"[""financial_bad""]",2024-10-09,801767.SI,300295.SZ
801745.SI,True,2024-04-30,True,False,False,True,2022-2025,2024-10-10,"[""financial_bad""]",2024-10-09,801745.SI,300762.SZ
801223.SI,True,2024-04-26,True,False,False,True,2022-2025,2024-10-11,"[""financial_bad""]",2024-10-10,801081.SI,300053.SZ
801767.SI,True,2024-04-24,True,False,False,True,2022-2025,2024-10-11,"[""financial_bad""]",2024-10-10,801767.SI,300295.SZ
801745.SI,True,2024-04-30,True,False,False,True,2022-2025,2024-10-11,"[""financial_bad""]",2024-10-10,801745.SI,300762.SZ
801223.SI,True,2024-04-26,True,False,False,True,2022-2025,2024-10-14,"[""financial_bad""]",2024-10-11,801081.SI,300053.SZ
801104.SI,True,2024-04-17,True,False,False,True,2022-2025,2024-10-14,"[""financial_bad""]",2024-10-11,801104.SI,300085.SZ
801223.SI,True,2024-04-26,True,False,False,True,2022-2025,2024-10-15,"[""financial_bad""]",2024-10-14,801081.SI,300053.SZ
801767.SI,True,2024-04-24,True,False,False,True,2022-2025,2024-10-15,"[""financial_bad""]",2024-10-14,801767.SI,300295.SZ
801745.SI,True,2024-04-30,True,False,False,True,2022-2025,2024-10-15,"[""financial_bad""]",2024-10-14,801745.SI,300762.SZ
801223.SI,True,2024-04-26,True,False,False,True,2022-2025,2024-10-16,"[""financial_bad""]",2024-10-15,801081.SI,300053.SZ
801767.SI,True,2024-04-24,True,False,False,True,2022-2025,2024-10-16,"[""financial_bad""]",2024-10-15,801767.SI,300295.SZ
801745.SI,True,2024-04-30,True,False,False,True,2022-2025,2024-10-16,"[""financial_bad""]",2024-10-15,801745.SI,300762.SZ
801193.SI,True,2024-03-29,True,False,False,True,2022-2025,2024-10-16,"[""financial_bad""]",2024-10-15,801193.SI,600837.SH
801764.SI,True,2024-04-27,True,False,False,True,2022-2025,2024-10-17,"[""financial_bad""]",2024-10-16,801764.SI,300052.SZ
801223.SI,True,2024-04-26,True,False,False,True,2022-2025,2024-10-17,"[""financial_bad""]",2024-10-16,801081.SI,300053.SZ
801767.SI,True,2024-04-24,True,False,False,True,2022-2025,2024-10-17,"[""financial_bad""]",2024-10-16,801767.SI,300295.SZ
801764.SI,True,2024-04-27,True,False,False,True,2022-2025,2024-10-18,"[""financial_bad""]",2024-10-17,801764.SI,300052.SZ
801223.SI,True,2024-04-26,True,False,False,True,2022-2025,2024-10-18,"[""financial_bad""]",2024-10-17,801081.SI,300053.SZ
801767.SI,True,2024-04-24,True,False,False,True,2022-2025,2024-10-18,"[""financial_bad""]",2024-10-17,801767.SI,300295.SZ
801764.SI,True,2024-04-27,True,False,False,True,2022-2025,2024-10-21,"[""financial_bad""]",2024-10-18,801764.SI,300052.SZ
801767.SI,True,2024-04-24,True,False,False,True,2022-2025,2024-10-21,"[""financial_bad""]",2024-10-18,801767.SI,300295.SZ
801745.SI,True,2024-04-30,True,False,False,True,2022-2025,2024-10-21,"[""financial_bad""]",2024-10-18,801745.SI,300762.SZ
801713.SI,True,2024-04-30,True,False,False,True,2022-2025,2024-10-21,"[""financial_bad""]",2024-10-18,801711.SI,600678.SH
801083.SI,True,2024-04-18,True,False,False,True,2022-2025,2024-10-22,"[""financial_bad""]",2024-10-21,801083.SI,002199.SZ
801767.SI,True,2024-04-24,True,False,False,True,2022-2025,2024-10-22,"[""financial_bad""]",2024-10-21,801767.SI,300295.SZ
801745.SI,True,2024-04-30,True,False,False,True,2022-2025,2024-10-22,"[""financial_bad""]",2024-10-21,801745.SI,300762.SZ
801085.SI,True,2024-04-18,True,False,False,True,2022-2025,2024-10-22,"[""financial_bad""]",2024-10-21,801085.SI,603626.SH
801083.SI,True,2024-04-18,True,False,False,True,2022-2025,2024-10-23,"[""financial_bad""]",2024-10-22,801083.SI,002199.SZ
801713.SI,True,2024-04-23,True,False,False,True,2022-2025,2024-10-23,"[""financial_bad""]",2024-10-22,801713.SI,002785.SZ
801102.SI,True,2024-04-23,True,False,False,True,2022-2025,2024-10-23,"[""financial_bad""]",2024-10-22,801102.SI,300134.SZ
801103.SI,True,2024-04-25,True,False,False,True,2022-2025,2024-10-23,"[""financial_bad""]",2024-10-22,801103.SI,300245.SZ
801767.SI,True,2024-04-24,True,False,False,True,2022-2025,2024-10-23,"[""financial_bad""]",2024-10-22,801767.SI,300295.SZ
801101.SI,True,2024-04-29,True,False,False,True,2022-2025,2024-10-23,"[""financial_bad""]",2024-10-22,801101.SI,300302.SZ
801745.SI,True,2024-04-30,True,False,False,True,2022-2025,2024-10-23,"[""financial_bad""]",2024-10-22,801745.SI,300762.SZ
801085.SI,True,2024-04-18,True,False,False,True,2022-2025,2024-10-23,"[""financial_bad""]",2024-10-22,801085.SI,603626.SH
801181.SI,True,2024-04-27,True,False,False,True,2022-2025,2024-10-24,"[""financial_bad""]",2024-10-23,801181.SI,000006.SZ
801713.SI,True,2024-04-23,True,False,False,True,2022-2025,2024-10-24,"[""financial_bad""]",2024-10-23,801713.SI,002785.SZ
801102.SI,True,2024-04-23,True,False,False,True,2022-2025,2024-10-24,"[""financial_bad""]",2024-10-23,801102.SI,300134.SZ
801151.SI,True,2024-04-29,True,False,False,True,2022-2025,2024-10-24,"[""financial_bad""]",2024-10-23,801151.SI,300255.SZ
801767.SI,True,2024-04-24,True,False,False,True,2022-2025,2024-10-24,"[""financial_bad""]",2024-10-23,801767.SI,300295.SZ
801101.SI,True,2024-04-29,True,False,False,True,2022-2025,2024-10-24,"[""financial_bad""]",2024-10-23,801101.SI,300302.SZ
801745.SI,True,2024-04-30,True,False,False,True,2022-2025,2024-10-24,"[""financial_bad""]",2024-10-23,801745.SI,300762.SZ
801085.SI,True,2024-04-18,True,False,False,True,2022-2025,2024-10-24,"[""financial_bad""]",2024-10-23,801085.SI,603626.SH
801181.SI,True,2024-03-30,True,False,False,True,2022-2025,2024-10-25,"[""financial_bad""]",2024-10-24,801181.SI,000029.SZ
801713.SI,True,2024-04-23,True,False,False,True,2022-2025,2024-10-25,"[""financial_bad""]",2024-10-24,801713.SI,002785.SZ
801102.SI,True,2024-04-23,True,False,False,True,2022-2025,2024-10-25,"[""financial_bad""]",2024-10-24,801102.SI,300134.SZ
801151.SI,True,2024-04-29,True,False,False,True,2022-2025,2024-10-25,"[""financial_bad""]",2024-10-24,801151.SI,300255.SZ
801767.SI,True,2024-04-24,True,False,False,True,2022-2025,2024-10-25,"[""financial_bad""]",2024-10-24,801767.SI,300295.SZ
801101.SI,True,2024-04-29,True,False,False,True,2022-2025,2024-10-25,"[""financial_bad""]",2024-10-24,801101.SI,300302.SZ
801745.SI,True,2024-04-30,True,False,False,True,2022-2025,2024-10-25,"[""financial_bad""]",2024-10-24,801745.SI,300762.SZ
801181.SI,True,2024-03-30,True,False,False,True,2022-2025,2024-10-28,"[""financial_bad""]",2024-10-25,801181.SI,000029.SZ
801713.SI,True,2024-04-23,True,False,False,True,2022-2025,2024-10-28,"[""financial_bad""]",2024-10-25,801713.SI,002785.SZ
801102.SI,True,2024-04-23,True,False,False,True,2022-2025,2024-10-28,"[""financial_bad""]",2024-10-25,801102.SI,300134.SZ
801767.SI,True,2024-04-24,True,False,False,True,2022-2025,2024-10-28,"[""financial_bad""]",2024-10-25,801767.SI,300295.SZ
801101.SI,True,2024-04-29,True,False,False,True,2022-2025,2024-10-28,"[""financial_bad""]",2024-10-25,801101.SI,300302.SZ
801745.SI,True,2024-04-30,True,False,False,True,2022-2025,2024-10-28,"[""financial_bad""]",2024-10-25,801745.SI,300762.SZ
801085.SI,True,2024-04-18,True,False,False,True,2022-2025,2024-10-28,"[""financial_bad""]",2024-10-25,801085.SI,603626.SH
801181.SI,True,2024-03-30,True,False,False,True,2022-2025,2024-10-29,"[""financial_bad""]",2024-10-28,801181.SI,000029.SZ
801083.SI,True,2024-04-18,True,False,False,True,2022-2025,2024-10-29,"[""financial_bad""]",2024-10-28,801083.SI,002199.SZ
801093.SI,True,2024-04-27,True,False,False,True,2022-2025,2024-10-29,"[""financial_bad""]",2024-10-28,801093.SI,002725.SZ
801767.SI,True,2024-04-24,True,False,False,True,2022-2025,2024-10-29,"[""financial_bad""]",2024-10-28,801767.SI,300295.SZ
801101.SI,True,2024-04-29,True,False,False,True,2022-2025,2024-10-29,"[""financial_bad""]",2024-10-28,801101.SI,300302.SZ
801745.SI,True,2024-04-30,True,False,False,True,2022-2025,2024-10-29,"[""financial_bad""]",2024-10-28,801745.SI,300762.SZ
801085.SI,True,2024-04-18,True,False,False,True,2022-2025,2024-10-29,"[""financial_bad""]",2024-10-28,801085.SI,603626.SH
801181.SI,True,2024-03-30,True,False,False,True,2022-2025,2024-10-30,"[""financial_bad""]",2024-10-29,801181.SI,000029.SZ
801084.SI,True,2024-04-12,True,False,False,True,2022-2025,2024-10-30,"[""financial_bad""]",2024-10-29,801084.SI,000536.SZ
801104.SI,True,2024-03-29,True,False,False,True,2022-2025,2024-10-30,"[""financial_bad""]",2024-10-29,801104.SI,002253.SZ
801102.SI,True,2024-04-23,True,False,False,True,2022-2025,2024-10-30,"[""financial_bad""]",2024-10-29,801102.SI,300134.SZ
801767.SI,True,2024-04-24,True,False,False,True,2022-2025,2024-10-30,"[""financial_bad""]",2024-10-29,801767.SI,300295.SZ
801101.SI,True,2024-04-29,True,False,False,True,2022-2025,2024-10-30,"[""financial_bad""]",2024-10-29,801101.SI,300302.SZ
801745.SI,True,2024-04-30,True,False,False,True,2022-2025,2024-10-30,"[""financial_bad""]",2024-10-29,801745.SI,300762.SZ
801084.SI,True,2024-04-17,True,False,False,True,2022-2025,2024-10-30,"[""financial_bad""]",2024-10-29,801084.SI,600071.SH
801181.SI,True,2024-03-30,True,False,False,True,2022-2025,2024-10-31,"[""financial_bad""]",2024-10-30,801181.SI,000029.SZ
801084.SI,True,2024-04-12,True,False,False,True,2022-2025,2024-10-31,"[""financial_bad""]",2024-10-30,801084.SI,000536.SZ
801179.SI,False,2024-04-17,False,False,False,False,2022-2025,2024-10-31,"[""membership_missing""]",2024-10-30,,000886.SZ
801767.SI,True,2024-04-24,True,False,False,True,2022-2025,2024-10-31,"[""financial_bad""]",2024-10-30,801767.SI,300295.SZ
801101.SI,True,2024-04-29,True,False,False,True,2022-2025,2024-10-31,"[""financial_bad""]",2024-10-30,801101.SI,300302.SZ
801745.SI,True,2024-04-30,True,False,False,True,2022-2025,2024-10-31,"[""financial_bad""]",2024-10-30,801745.SI,300762.SZ
801074.SI,True,2024-04-26,True,False,False,True,2022-2025,2024-10-31,"[""financial_bad""]",2024-10-30,801074.SI,600520.SH
801085.SI,True,2024-04-25,True,False,False,True,2022-2025,2024-10-31,"[""financial_bad""]",2024-10-30,801085.SI,603890.SH
801179.SI,False,2024-04-17,False,False,False,False,2022-2025,2024-11-01,"[""membership_missing""]",2024-10-31,,000886.SZ
801083.SI,True,2024-04-18,True,False,False,True,2022-2025,2024-11-01,"[""financial_bad""]",2024-10-31,801083.SI,002199.SZ
801713.SI,True,2024-04-23,True,False,False,True,2022-2025,2024-11-01,"[""financial_bad""]",2024-10-31,801713.SI,002785.SZ
801767.SI,True,2024-04-24,True,False,False,True,2022-2025,2024-11-01,"[""financial_bad""]",2024-10-31,801767.SI,300295.SZ
801101.SI,True,2024-04-29,True,False,False,True,2022-2025,2024-11-01,"[""financial_bad""]",2024-10-31,801101.SI,300302.SZ
801745.SI,True,2024-04-30,True,False,False,True,2022-2025,2024-11-01,"[""financial_bad""]",2024-10-31,801745.SI,300762.SZ
801084.SI,True,2024-04-17,True,False,False,True,2022-2025,2024-11-01,"[""financial_bad""]",2024-10-31,801084.SI,600071.SH
801074.SI,True,2024-04-26,True,False,False,True,2022-2025,2024-11-01,"[""financial_bad""]",2024-10-31,801074.SI,600520.SH
801181.SI,True,2024-03-30,True,False,False,True,2022-2025,2024-11-04,"[""financial_bad""]",2024-11-01,801181.SI,000029.SZ
801179.SI,False,2024-04-17,False,False,False,False,2022-2025,2024-11-04,"[""membership_missing""]",2024-11-01,,000886.SZ
801093.SI,True,2024-04-27,True,False,False,True,2022-2025,2024-11-04,"[""financial_bad""]",2024-11-01,801093.SI,002725.SZ
801713.SI,True,2024-04-23,True,False,False,True,2022-2025,2024-11-04,"[""financial_bad""]",2024-11-01,801713.SI,002785.SZ
801764.SI,True,2024-04-27,True,False,False,True,2022-2025,2024-11-04,"[""financial_bad""]",2024-11-01,801764.SI,300052.SZ
801102.SI,True,2024-04-23,True,False,False,True,2022-2025,2024-11-04,"[""financial_bad""]",2024-11-01,801102.SI,300134.SZ
801151.SI,True,2024-04-29,True,False,False,True,2022-2025,2024-11-04,"[""financial_bad""]",2024-11-01,801151.SI,300255.SZ
801767.SI,True,2024-04-24,True,False,False,True,2022-2025,2024-11-04,"[""financial_bad""]",2024-11-01,801767.SI,300295.SZ
801745.SI,True,2024-04-30,True,False,False,True,2022-2025,2024-11-04,"[""financial_bad""]",2024-11-01,801745.SI,300762.SZ
801074.SI,True,2024-04-26,True,False,False,True,2022-2025,2024-11-04,"[""financial_bad""]",2024-11-01,801074.SI,600520.SH
801193.SI,True,2024-03-29,True,False,False,True,2022-2025,2024-11-04,"[""financial_bad""]",2024-11-01,801193.SI,600837.SH
801085.SI,True,2024-04-25,True,False,False,True,2022-2025,2024-11-04,"[""financial_bad""]",2024-11-01,801085.SI,603890.SH
801181.SI,True,2024-03-30,True,False,False,True,2022-2025,2024-11-05,"[""financial_bad""]",2024-11-04,801181.SI,000029.SZ
801101.SI,True,2024-04-30,True,False,False,True,2022-2025,2024-11-05,"[""financial_bad""]",2024-11-04,801101.SI,000066.SZ
801179.SI,False,2024-04-17,False,False,False,False,2022-2025,2024-11-05,"[""membership_missing""]",2024-11-04,,000886.SZ
801104.SI,True,2024-03-29,True,False,False,True,2022-2025,2024-11-05,"[""financial_bad""]",2024-11-04,801104.SI,002253.SZ
801764.SI,True,2024-04-27,True,False,False,True,2022-2025,2024-11-05,"[""financial_bad""]",2024-11-04,801764.SI,300052.SZ
801102.SI,True,2024-04-23,True,False,False,True,2022-2025,2024-11-05,"[""financial_bad""]",2024-11-04,801102.SI,300134.SZ
801151.SI,True,2024-04-29,True,False,False,True,2022-2025,2024-11-05,"[""financial_bad""]",2024-11-04,801151.SI,300255.SZ
801767.SI,True,2024-04-24,True,False,False,True,2022-2025,2024-11-05,"[""financial_bad""]",2024-11-04,801767.SI,300295.SZ
801745.SI,True,2024-04-30,True,False,False,True,2022-2025,2024-11-05,"[""financial_bad""]",2024-11-04,801745.SI,300762.SZ
801085.SI,True,2024-04-12,True,False,False,True,2022-2025,2024-11-05,"[""financial_bad""]",2024-11-04,801085.SI,600203.SH
801085.SI,True,2024-04-18,True,False,False,True,2022-2025,2024-11-05,"[""financial_bad""]",2024-11-04,801085.SI,603626.SH
801085.SI,True,2024-04-25,True,False,False,True,2022-2025,2024-11-05,"[""financial_bad""]",2024-11-04,801085.SI,603890.SH
801102.SI,True,2024-04-23,True,False,False,True,2022-2025,2024-11-06,"[""financial_bad""]",2024-11-05,801102.SI,300134.SZ
801151.SI,True,2024-04-29,True,False,False,True,2022-2025,2024-11-06,"[""financial_bad""]",2024-11-05,801151.SI,300255.SZ
801767.SI,True,2024-04-24,True,False,False,True,2022-2025,2024-11-06,"[""financial_bad""]",2024-11-05,801767.SI,300295.SZ
801101.SI,True,2024-04-29,True,False,False,True,2022-2025,2024-11-06,"[""financial_bad""]",2024-11-05,801101.SI,300302.SZ
801085.SI,True,2024-04-12,True,False,False,True,2022-2025,2024-11-06,"[""financial_bad""]",2024-11-05,801085.SI,600203.SH
801085.SI,True,2024-04-18,True,False,False,True,2022-2025,2024-11-06,"[""financial_bad""]",2024-11-05,801085.SI,603626.SH
801085.SI,True,2024-04-25,True,False,False,True,2022-2025,2024-11-06,"[""financial_bad""]",2024-11-05,801085.SI,603890.SH
801713.SI,True,2024-04-23,True,False,False,True,2022-2025,2024-11-07,"[""financial_bad""]",2024-11-06,801713.SI,002785.SZ
801102.SI,True,2024-04-23,True,False,False,True,2022-2025,2024-11-07,"[""financial_bad""]",2024-11-06,801102.SI,300134.SZ
801151.SI,True,2024-04-29,True,False,False,True,2022-2025,2024-11-07,"[""financial_bad""]",2024-11-06,801151.SI,300255.SZ
801995.SI,True,2024-04-30,True,False,False,True,2022-2025,2024-11-07,"[""financial_bad""]",2024-11-06,801995.SI,600996.SH
801085.SI,True,2024-04-18,True,False,False,True,2022-2025,2024-11-07,"[""financial_bad""]",2024-11-06,801085.SI,603626.SH
801085.SI,True,2024-04-25,True,False,False,True,2022-2025,2024-11-07,"[""financial_bad""]",2024-11-06,801085.SI,603890.SH
801104.SI,True,2024-03-29,True,False,False,True,2022-2025,2024-11-08,"[""financial_bad""]",2024-11-07,801104.SI,002253.SZ
801102.SI,True,2024-04-23,True,False,False,True,2022-2025,2024-11-08,"[""financial_bad""]",2024-11-07,801102.SI,300134.SZ
801103.SI,True,2024-04-25,True,False,False,True,2022-2025,2024-11-08,"[""financial_bad""]",2024-11-07,801103.SI,300245.SZ
801151.SI,True,2024-04-29,True,False,False,True,2022-2025,2024-11-08,"[""financial_bad""]",2024-11-07,801151.SI,300255.SZ
801101.SI,True,2024-04-29,True,False,False,True,2022-2025,2024-11-08,"[""financial_bad""]",2024-11-07,801101.SI,300302.SZ
801995.SI,True,2024-04-30,True,False,False,True,2022-2025,2024-11-08,"[""financial_bad""]",2024-11-07,801995.SI,600996.SH
801085.SI,True,2024-04-25,True,False,False,True,2022-2025,2024-11-08,"[""financial_bad""]",2024-11-07,801085.SI,603890.SH
801083.SI,True,2024-04-18,True,False,False,True,2022-2025,2024-11-11,"[""financial_bad""]",2024-11-08,801083.SI,002199.SZ
801104.SI,True,2024-03-29,True,False,False,True,2022-2025,2024-11-11,"[""financial_bad""]",2024-11-08,801104.SI,002253.SZ
801102.SI,True,2024-04-23,True,False,False,True,2022-2025,2024-11-11,"[""financial_bad""]",2024-11-08,801102.SI,300134.SZ
801738.SI,True,2024-04-20,True,False,False,True,2022-2025,2024-11-11,"[""financial_bad""]",2024-11-08,801738.SI,300222.SZ
801103.SI,True,2024-04-25,True,False,False,True,2022-2025,2024-11-11,"[""financial_bad""]",2024-11-08,801103.SI,300245.SZ
801151.SI,True,2024-04-29,True,False,False,True,2022-2025,2024-11-11,"[""financial_bad""]",2024-11-08,801151.SI,300255.SZ
801101.SI,True,2024-04-29,True,False,False,True,2022-2025,2024-11-11,"[""financial_bad""]",2024-11-08,801101.SI,300302.SZ
801085.SI,True,2024-04-12,True,False,False,True,2022-2025,2024-11-11,"[""financial_bad""]",2024-11-08,801085.SI,600203.SH
801074.SI,True,2024-04-26,True,False,False,True,2022-2025,2024-11-11,"[""financial_bad""]",2024-11-08,801074.SI,600520.SH
801995.SI,True,2024-04-30,True,False,False,True,2022-2025,2024-11-11,"[""financial_bad""]",2024-11-08,801995.SI,600996.SH
801085.SI,True,2024-04-18,True,False,False,True,2022-2025,2024-11-11,"[""financial_bad""]",2024-11-08,801085.SI,603626.SH
801085.SI,True,2024-04-25,True,False,False,True,2022-2025,2024-11-11,"[""financial_bad""]",2024-11-08,801085.SI,603890.SH
801181.SI,True,2024-03-30,True,False,False,True,2022-2025,2024-11-12,"[""financial_bad""]",2024-11-11,801181.SI,000029.SZ
801179.SI,False,2024-04-17,False,False,False,False,2022-2025,2024-11-12,"[""membership_missing""]",2024-11-11,,000886.SZ
801083.SI,True,2024-04-18,True,False,False,True,2022-2025,2024-11-12,"[""financial_bad""]",2024-11-11,801083.SI,002199.SZ
801104.SI,True,2024-03-29,True,False,False,True,2022-2025,2024-11-12,"[""financial_bad""]",2024-11-11,801104.SI,002253.SZ
801093.SI,True,2024-04-27,True,False,False,True,2022-2025,2024-11-12,"[""financial_bad""]",2024-11-11,801093.SI,002725.SZ
801102.SI,True,2024-04-23,True,False,False,True,2022-2025,2024-11-12,"[""financial_bad""]",2024-11-11,801102.SI,300134.SZ
801738.SI,True,2024-04-20,True,False,False,True,2022-2025,2024-11-12,"[""financial_bad""]",2024-11-11,801738.SI,300222.SZ
801103.SI,True,2024-04-25,True,False,False,True,2022-2025,2024-11-12,"[""financial_bad""]",2024-11-11,801103.SI,300245.SZ
801101.SI,True,2024-04-29,True,False,False,True,2022-2025,2024-11-12,"[""financial_bad""]",2024-11-11,801101.SI,300302.SZ
801085.SI,True,2024-04-12,True,False,False,True,2022-2025,2024-11-12,"[""financial_bad""]",2024-11-11,801085.SI,600203.SH
801074.SI,True,2024-04-26,True,False,False,True,2022-2025,2024-11-12,"[""financial_bad""]",2024-11-11,801074.SI,600520.SH
801995.SI,True,2024-04-30,True,False,False,True,2022-2025,2024-11-12,"[""financial_bad""]",2024-11-11,801995.SI,600996.SH
801085.SI,True,2024-04-25,True,False,False,True,2022-2025,2024-11-12,"[""financial_bad""]",2024-11-11,801085.SI,603890.SH
801179.SI,False,2024-04-17,False,False,False,False,2022-2025,2024-11-13,"[""membership_missing""]",2024-11-12,,000886.SZ
801104.SI,True,2024-03-29,True,False,False,True,2022-2025,2024-11-13,"[""financial_bad""]",2024-11-12,801104.SI,002253.SZ
801102.SI,True,2024-04-23,True,False,False,True,2022-2025,2024-11-13,"[""financial_bad""]",2024-11-12,801102.SI,300134.SZ
801738.SI,True,2024-04-20,True,False,False,True,2022-2025,2024-11-13,"[""financial_bad""]",2024-11-12,801738.SI,300222.SZ
801101.SI,True,2024-04-29,True,False,False,True,2022-2025,2024-11-13,"[""financial_bad""]",2024-11-12,801101.SI,300302.SZ
801085.SI,True,2024-04-12,True,False,False,True,2022-2025,2024-11-13,"[""financial_bad""]",2024-11-12,801085.SI,600203.SH
801074.SI,True,2024-04-26,True,False,False,True,2022-2025,2024-11-13,"[""financial_bad""]",2024-11-12,801074.SI,600520.SH
801995.SI,True,2024-04-30,True,False,False,True,2022-2025,2024-11-13,"[""financial_bad""]",2024-11-12,801995.SI,600996.SH
801085.SI,True,2024-04-25,True,False,False,True,2022-2025,2024-11-13,"[""financial_bad""]",2024-11-12,801085.SI,603890.SH
801181.SI,True,2024-03-30,True,False,False,True,2022-2025,2024-11-14,"[""financial_bad""]",2024-11-13,801181.SI,000029.SZ
801179.SI,False,2024-04-17,False,False,False,False,2022-2025,2024-11-14,"[""membership_missing""]",2024-11-13,,000886.SZ
801083.SI,True,2024-04-18,True,False,False,True,2022-2025,2024-11-14,"[""financial_bad""]",2024-11-13,801083.SI,002199.SZ
801084.SI,True,2024-04-30,True,False,False,True,2022-2025,2024-11-14,"[""financial_bad""]",2024-11-13,801084.SI,002387.SZ
801103.SI,True,2024-04-26,True,False,False,True,2022-2025,2024-11-14,"[""financial_bad""]",2024-11-13,801103.SI,002657.SZ
801102.SI,True,2024-04-23,True,False,False,True,2022-2025,2024-11-14,"[""financial_bad""]",2024-11-13,801102.SI,300134.SZ
801738.SI,True,2024-04-20,True,False,False,True,2022-2025,2024-11-14,"[""financial_bad""]",2024-11-13,801738.SI,300222.SZ
801151.SI,True,2024-04-29,True,False,False,True,2022-2025,2024-11-14,"[""financial_bad""]",2024-11-13,801151.SI,300255.SZ
801101.SI,True,2024-04-29,True,False,False,True,2022-2025,2024-11-14,"[""financial_bad""]",2024-11-13,801101.SI,300302.SZ
801101.SI,True,2024-04-27,True,False,False,True,2022-2025,2024-11-14,"[""financial_bad""]",2024-11-13,801101.SI,300531.SZ
801085.SI,True,2024-04-12,True,False,False,True,2022-2025,2024-11-14,"[""financial_bad""]",2024-11-13,801085.SI,600203.SH
801074.SI,True,2024-04-26,True,False,False,True,2022-2025,2024-11-14,"[""financial_bad""]",2024-11-13,801074.SI,600520.SH
801103.SI,True,2024-04-26,True,False,False,True,2022-2025,2024-11-14,"[""financial_bad""]",2024-11-13,801103.SI,600536.SH
801995.SI,True,2024-04-30,True,False,False,True,2022-2025,2024-11-14,"[""financial_bad""]",2024-11-13,801995.SI,600996.SH
801085.SI,True,2024-04-25,True,False,False,True,2022-2025,2024-11-14,"[""financial_bad""]",2024-11-13,801085.SI,603890.SH
801181.SI,True,2024-03-30,True,False,False,True,2022-2025,2024-11-15,"[""financial_bad""]",2024-11-14,801181.SI,000029.SZ
801179.SI,False,2024-04-17,False,False,False,False,2022-2025,2024-11-15,"[""membership_missing""]",2024-11-14,,000886.SZ
801083.SI,True,2024-04-18,True,False,False,True,2022-2025,2024-11-15,"[""financial_bad""]",2024-11-14,801083.SI,002199.SZ
801103.SI,True,2024-04-26,True,False,False,True,2022-2025,2024-11-15,"[""financial_bad""]",2024-11-14,801103.SI,002657.SZ
801151.SI,True,2024-04-29,True,False,False,True,2022-2025,2024-11-15,"[""financial_bad""]",2024-11-14,801151.SI,300255.SZ
801101.SI,True,2024-04-29,True,False,False,True,2022-2025,2024-11-15,"[""financial_bad""]",2024-11-14,801101.SI,300302.SZ
801074.SI,True,2024-04-26,True,False,False,True,2022-2025,2024-11-15,"[""financial_bad""]",2024-11-14,801074.SI,600520.SH
801103.SI,True,2024-04-26,True,False,False,True,2022-2025,2024-11-15,"[""financial_bad""]",2024-11-14,801103.SI,600536.SH
801181.SI,True,2024-03-30,True,False,False,True,2022-2025,2024-11-18,"[""financial_bad""]",2024-11-15,801181.SI,000029.SZ
801179.SI,False,2024-04-17,False,False,False,False,2022-2025,2024-11-18,"[""membership_missing""]",2024-11-15,,000886.SZ
801084.SI,True,2024-04-30,True,False,False,True,2022-2025,2024-11-18,"[""financial_bad""]",2024-11-15,801084.SI,002387.SZ
801764.SI,True,2024-04-27,True,False,False,True,2022-2025,2024-11-18,"[""financial_bad""]",2024-11-15,801764.SI,300052.SZ
801151.SI,True,2024-04-29,True,False,False,True,2022-2025,2024-11-18,"[""financial_bad""]",2024-11-15,801151.SI,300255.SZ
801767.SI,True,2024-04-24,True,False,False,True,2022-2025,2024-11-18,"[""financial_bad""]",2024-11-15,801767.SI,300295.SZ
801181.SI,True,2024-03-30,True,False,False,True,2022-2025,2024-11-19,"[""financial_bad""]",2024-11-18,801181.SI,000029.SZ
801179.SI,False,2024-04-17,False,False,False,False,2022-2025,2024-11-19,"[""membership_missing""]",2024-11-18,,000886.SZ
801713.SI,True,2024-04-23,True,False,False,True,2022-2025,2024-11-19,"[""financial_bad""]",2024-11-18,801713.SI,002785.SZ
801764.SI,True,2024-04-27,True,False,False,True,2022-2025,2024-11-19,"[""financial_bad""]",2024-11-18,801764.SI,300052.SZ
801151.SI,True,2024-04-29,True,False,False,True,2022-2025,2024-11-19,"[""financial_bad""]",2024-11-18,801151.SI,300255.SZ
801767.SI,True,2024-04-24,True,False,False,True,2022-2025,2024-11-19,"[""financial_bad""]",2024-11-18,801767.SI,300295.SZ
801181.SI,True,2024-03-30,True,False,False,True,2022-2025,2024-11-20,"[""financial_bad""]",2024-11-19,801181.SI,000029.SZ
801179.SI,False,2024-04-17,False,False,False,False,2022-2025,2024-11-20,"[""membership_missing""]",2024-11-19,,000886.SZ
801084.SI,True,2024-04-30,True,False,False,True,2022-2025,2024-11-20,"[""financial_bad""]",2024-11-19,801084.SI,002387.SZ
801713.SI,True,2024-04-23,True,False,False,True,2022-2025,2024-11-20,"[""financial_bad""]",2024-11-19,801713.SI,002785.SZ
801764.SI,True,2024-04-27,True,False,False,True,2022-2025,2024-11-20,"[""financial_bad""]",2024-11-19,801764.SI,300052.SZ
801151.SI,True,2024-04-29,True,False,False,True,2022-2025,2024-11-20,"[""financial_bad""]",2024-11-19,801151.SI,300255.SZ
801767.SI,True,2024-04-24,True,False,False,True,2022-2025,2024-11-20,"[""financial_bad""]",2024-11-19,801767.SI,300295.SZ
801085.SI,True,2024-04-18,True,False,False,True,2022-2025,2024-11-20,"[""financial_bad""]",2024-11-19,801085.SI,603626.SH
801181.SI,True,2024-03-30,True,False,False,True,2022-2025,2024-11-21,"[""financial_bad""]",2024-11-20,801181.SI,000029.SZ
801179.SI,False,2024-04-17,False,False,False,False,2022-2025,2024-11-21,"[""membership_missing""]",2024-11-20,,000886.SZ
801083.SI,True,2024-04-18,True,False,False,True,2022-2025,2024-11-21,"[""financial_bad""]",2024-11-20,801083.SI,002199.SZ
801084.SI,True,2024-04-30,True,False,False,True,2022-2025,2024-11-21,"[""financial_bad""]",2024-11-20,801084.SI,002387.SZ
801713.SI,True,2024-04-23,True,False,False,True,2022-2025,2024-11-21,"[""financial_bad""]",2024-11-20,801713.SI,002785.SZ
801764.SI,True,2024-04-27,True,False,False,True,2022-2025,2024-11-21,"[""financial_bad""]",2024-11-20,801764.SI,300052.SZ
801151.SI,True,2024-04-29,True,False,False,True,2022-2025,2024-11-21,"[""financial_bad""]",2024-11-20,801151.SI,300255.SZ
801767.SI,True,2024-04-24,True,False,False,True,2022-2025,2024-11-21,"[""financial_bad""]",2024-11-20,801767.SI,300295.SZ
801085.SI,True,2024-04-12,True,False,False,True,2022-2025,2024-11-21,"[""financial_bad""]",2024-11-20,801085.SI,600203.SH
801741.SI,True,2024-05-28,True,False,False,True,2022-2025,2024-11-21,"[""financial_bad""]",2024-11-20,801072.SI,600343.SH
801085.SI,True,2024-04-18,True,False,False,True,2022-2025,2024-11-21,"[""financial_bad""]",2024-11-20,801085.SI,603626.SH
801181.SI,True,2024-03-30,True,False,False,True,2022-2025,2024-11-22,"[""financial_bad""]",2024-11-21,801181.SI,000029.SZ
801179.SI,False,2024-04-17,False,False,False,False,2022-2025,2024-11-22,"[""membership_missing""]",2024-11-21,,000886.SZ
801083.SI,True,2024-04-18,True,False,False,True,2022-2025,2024-11-22,"[""financial_bad""]",2024-11-21,801083.SI,002199.SZ
801084.SI,True,2024-04-30,True,False,False,True,2022-2025,2024-11-22,"[""financial_bad""]",2024-11-21,801084.SI,002387.SZ
801151.SI,True,2024-04-29,True,False,False,True,2022-2025,2024-11-22,"[""financial_bad""]",2024-11-21,801151.SI,300255.SZ
801767.SI,True,2024-04-24,True,False,False,True,2022-2025,2024-11-22,"[""financial_bad""]",2024-11-21,801767.SI,300295.SZ
801085.SI,True,2024-04-18,True,False,False,True,2022-2025,2024-11-22,"[""financial_bad""]",2024-11-21,801085.SI,603626.SH
801181.SI,True,2024-03-30,True,False,False,True,2022-2025,2024-11-25,"[""financial_bad""]",2024-11-22,801181.SI,000029.SZ
801179.SI,False,2024-04-17,False,False,False,False,2022-2025,2024-11-25,"[""membership_missing""]",2024-11-22,,000886.SZ
801083.SI,True,2024-04-18,True,False,False,True,2022-2025,2024-11-25,"[""financial_bad""]",2024-11-22,801083.SI,002199.SZ
801103.SI,True,2024-04-26,True,False,False,True,2022-2025,2024-11-25,"[""financial_bad""]",2024-11-22,801103.SI,002657.SZ
801713.SI,True,2024-04-23,True,False,False,True,2022-2025,2024-11-25,"[""financial_bad""]",2024-11-22,801713.SI,002785.SZ
801764.SI,True,2024-04-27,True,False,False,True,2022-2025,2024-11-25,"[""financial_bad""]",2024-11-22,801764.SI,300052.SZ
801103.SI,True,2024-04-25,True,False,False,True,2022-2025,2024-11-25,"[""financial_bad""]",2024-11-22,801103.SI,300245.SZ
801151.SI,True,2024-04-29,True,False,False,True,2022-2025,2024-11-25,"[""financial_bad""]",2024-11-22,801151.SI,300255.SZ
801767.SI,True,2024-04-24,True,False,False,True,2022-2025,2024-11-25,"[""financial_bad""]",2024-11-22,801767.SI,300295.SZ
801193.SI,True,2024-03-29,True,False,False,True,2022-2025,2024-11-25,"[""financial_bad""]",2024-11-22,801193.SI,600837.SH
801085.SI,True,2024-04-18,True,False,False,True,2022-2025,2024-11-25,"[""financial_bad""]",2024-11-22,801085.SI,603626.SH
801181.SI,True,2024-04-27,True,False,False,True,2022-2025,2024-11-26,"[""financial_bad""]",2024-11-25,801181.SI,000006.SZ
801181.SI,True,2024-03-30,True,False,False,True,2022-2025,2024-11-26,"[""financial_bad""]",2024-11-25,801181.SI,000029.SZ
801179.SI,False,2024-04-17,False,False,False,False,2022-2025,2024-11-26,"[""membership_missing""]",2024-11-25,,000886.SZ
801083.SI,True,2024-04-18,True,False,False,True,2022-2025,2024-11-26,"[""financial_bad""]",2024-11-25,801083.SI,002199.SZ
801103.SI,True,2024-04-26,True,False,False,True,2022-2025,2024-11-26,"[""financial_bad""]",2024-11-25,801103.SI,002657.SZ
801713.SI,True,2024-04-23,True,False,False,True,2022-2025,2024-11-26,"[""financial_bad""]",2024-11-25,801713.SI,002785.SZ
801764.SI,True,2024-04-27,True,False,False,True,2022-2025,2024-11-26,"[""financial_bad""]",2024-11-25,801764.SI,300052.SZ
801103.SI,True,2024-04-25,True,False,False,True,2022-2025,2024-11-26,"[""financial_bad""]",2024-11-25,801103.SI,300245.SZ
801151.SI,True,2024-04-29,True,False,False,True,2022-2025,2024-11-26,"[""financial_bad""]",2024-11-25,801151.SI,300255.SZ
801767.SI,True,2024-04-24,True,False,False,True,2022-2025,2024-11-26,"[""financial_bad""]",2024-11-25,801767.SI,300295.SZ
801193.SI,True,2024-03-29,True,False,False,True,2022-2025,2024-11-26,"[""financial_bad""]",2024-11-25,801193.SI,600837.SH
801181.SI,True,2024-03-30,True,False,False,True,2022-2025,2024-11-27,"[""financial_bad""]",2024-11-26,801181.SI,000029.SZ
801101.SI,True,2024-04-30,True,False,False,True,2022-2025,2024-11-27,"[""financial_bad""]",2024-11-26,801101.SI,000066.SZ
801179.SI,False,2024-04-17,False,False,False,False,2022-2025,2024-11-27,"[""membership_missing""]",2024-11-26,,000886.SZ
801764.SI,True,2024-04-27,True,False,False,True,2022-2025,2024-11-27,"[""financial_bad""]",2024-11-26,801764.SI,300052.SZ
801151.SI,True,2024-04-29,True,False,False,True,2022-2025,2024-11-27,"[""financial_bad""]",2024-11-26,801151.SI,300255.SZ
801193.SI,True,2024-03-29,True,False,False,True,2022-2025,2024-11-27,"[""financial_bad""]",2024-11-26,801193.SI,600837.SH
801181.SI,True,2024-03-30,True,False,False,True,2022-2025,2024-11-28,"[""financial_bad""]",2024-11-27,801181.SI,000029.SZ
801179.SI,False,2024-04-17,False,False,False,False,2022-2025,2024-11-28,"[""membership_missing""]",2024-11-27,,000886.SZ
801103.SI,True,2024-04-26,True,False,False,True,2022-2025,2024-11-28,"[""financial_bad""]",2024-11-27,801103.SI,002657.SZ
801764.SI,True,2024-04-27,True,False,False,True,2022-2025,2024-11-28,"[""financial_bad""]",2024-11-27,801764.SI,300052.SZ
801103.SI,True,2024-04-25,True,False,False,True,2022-2025,2024-11-28,"[""financial_bad""]",2024-11-27,801103.SI,300245.SZ
801151.SI,True,2024-04-29,True,False,False,True,2022-2025,2024-11-28,"[""financial_bad""]",2024-11-27,801151.SI,300255.SZ
801193.SI,True,2024-03-29,True,False,False,True,2022-2025,2024-11-28,"[""financial_bad""]",2024-11-27,801193.SI,600837.SH
801181.SI,True,2024-03-30,True,False,False,True,2022-2025,2024-11-29,"[""financial_bad""]",2024-11-28,801181.SI,000029.SZ
801179.SI,False,2024-04-17,False,False,False,False,2022-2025,2024-11-29,"[""membership_missing""]",2024-11-28,,000886.SZ
801764.SI,True,2024-04-27,True,False,False,True,2022-2025,2024-11-29,"[""financial_bad""]",2024-11-28,801764.SI,300052.SZ
801103.SI,True,2024-04-25,True,False,False,True,2022-2025,2024-11-29,"[""financial_bad""]",2024-11-28,801103.SI,300245.SZ
801151.SI,True,2024-04-29,True,False,False,True,2022-2025,2024-11-29,"[""financial_bad""]",2024-11-28,801151.SI,300255.SZ
801193.SI,True,2024-03-29,True,False,False,True,2022-2025,2024-11-29,"[""financial_bad""]",2024-11-28,801193.SI,600837.SH
801085.SI,True,2024-04-18,True,False,False,True,2022-2025,2024-11-29,"[""financial_bad""]",2024-11-28,801085.SI,603626.SH
801181.SI,True,2024-03-30,True,False,False,True,2022-2025,2024-12-02,"[""financial_bad""]",2024-11-29,801181.SI,000029.SZ
801179.SI,False,2024-04-17,False,False,False,False,2022-2025,2024-12-02,"[""membership_missing""]",2024-11-29,,000886.SZ
801103.SI,True,2024-04-26,True,False,False,True,2022-2025,2024-12-02,"[""financial_bad""]",2024-11-29,801103.SI,002657.SZ
801764.SI,True,2024-04-27,True,False,False,True,2022-2025,2024-12-02,"[""financial_bad""]",2024-11-29,801764.SI,300052.SZ
801103.SI,True,2024-04-25,True,False,False,True,2022-2025,2024-12-02,"[""financial_bad""]",2024-11-29,801103.SI,300245.SZ
801151.SI,True,2024-04-29,True,False,False,True,2022-2025,2024-12-02,"[""financial_bad""]",2024-11-29,801151.SI,300255.SZ
801193.SI,True,2024-03-29,True,False,False,True,2022-2025,2024-12-02,"[""financial_bad""]",2024-11-29,801193.SI,600837.SH
801085.SI,True,2024-04-18,True,False,False,True,2022-2025,2024-12-02,"[""financial_bad""]",2024-11-29,801085.SI,603626.SH
801181.SI,True,2024-03-30,True,False,False,True,2022-2025,2024-12-03,"[""financial_bad""]",2024-12-02,801181.SI,000029.SZ
801085.SI,True,2024-04-26,True,False,False,True,2022-2025,2024-12-03,"[""financial_bad""]",2024-12-02,801085.SI,002426.SZ
801206.SI,True,2024-03-30,True,False,False,True,2022-2025,2024-12-03,"[""financial_bad""]",2024-12-02,801206.SI,002640.SZ
801103.SI,True,2024-04-26,True,False,False,True,2022-2025,2024-12-03,"[""financial_bad""]",2024-12-02,801103.SI,002657.SZ
801713.SI,True,2024-04-23,True,False,False,True,2022-2025,2024-12-03,"[""financial_bad""]",2024-12-02,801713.SI,002785.SZ
801764.SI,True,2024-04-27,True,False,False,True,2022-2025,2024-12-03,"[""financial_bad""]",2024-12-02,801764.SI,300052.SZ
801103.SI,True,2024-04-25,True,False,False,True,2022-2025,2024-12-03,"[""financial_bad""]",2024-12-02,801103.SI,300245.SZ
801151.SI,True,2024-04-29,True,False,False,True,2022-2025,2024-12-03,"[""financial_bad""]",2024-12-02,801151.SI,300255.SZ
801193.SI,True,2024-03-29,True,False,False,True,2022-2025,2024-12-03,"[""financial_bad""]",2024-12-02,801193.SI,600837.SH
801085.SI,True,2024-04-18,True,False,False,True,2022-2025,2024-12-03,"[""financial_bad""]",2024-12-02,801085.SI,603626.SH
801181.SI,True,2024-03-30,True,False,False,True,2022-2025,2024-12-04,"[""financial_bad""]",2024-12-03,801181.SI,000029.SZ
801206.SI,True,2024-03-30,True,False,False,True,2022-2025,2024-12-04,"[""financial_bad""]",2024-12-03,801206.SI,002640.SZ
801103.SI,True,2024-04-26,True,False,False,True,2022-2025,2024-12-04,"[""financial_bad""]",2024-12-03,801103.SI,002657.SZ
801764.SI,True,2024-04-27,True,False,False,True,2022-2025,2024-12-04,"[""financial_bad""]",2024-12-03,801764.SI,300052.SZ
801102.SI,True,2024-04-23,True,False,False,True,2022-2025,2024-12-04,"[""financial_bad""]",2024-12-03,801102.SI,300134.SZ
801151.SI,True,2024-04-29,True,False,False,True,2022-2025,2024-12-04,"[""financial_bad""]",2024-12-03,801151.SI,300255.SZ
801085.SI,True,2024-04-18,True,False,False,True,2022-2025,2024-12-04,"[""financial_bad""]",2024-12-03,801085.SI,603626.SH
801181.SI,True,2024-03-30,True,False,False,True,2022-2025,2024-12-05,"[""financial_bad""]",2024-12-04,801181.SI,000029.SZ
801103.SI,True,2024-04-26,True,False,False,True,2022-2025,2024-12-05,"[""financial_bad""]",2024-12-04,801103.SI,002657.SZ
801713.SI,True,2024-04-23,True,False,False,True,2022-2025,2024-12-05,"[""financial_bad""]",2024-12-04,801713.SI,002785.SZ
801764.SI,True,2024-04-27,True,False,False,True,2022-2025,2024-12-05,"[""financial_bad""]",2024-12-04,801764.SI,300052.SZ
801102.SI,True,2024-04-23,True,False,False,True,2022-2025,2024-12-05,"[""financial_bad""]",2024-12-04,801102.SI,300134.SZ
801151.SI,True,2024-04-29,True,False,False,True,2022-2025,2024-12-05,"[""financial_bad""]",2024-12-04,801151.SI,300255.SZ
801193.SI,True,2024-03-29,True,False,False,True,2022-2025,2024-12-05,"[""financial_bad""]",2024-12-04,801193.SI,600837.SH
801181.SI,True,2024-03-30,True,False,False,True,2022-2025,2024-12-06,"[""financial_bad""]",2024-12-05,801181.SI,000029.SZ
801103.SI,True,2024-04-26,True,False,False,True,2022-2025,2024-12-06,"[""financial_bad""]",2024-12-05,801103.SI,002657.SZ
801713.SI,True,2024-04-23,True,False,False,True,2022-2025,2024-12-06,"[""financial_bad""]",2024-12-05,801713.SI,002785.SZ
801764.SI,True,2024-04-27,True,False,False,True,2022-2025,2024-12-06,"[""financial_bad""]",2024-12-05,801764.SI,300052.SZ
801102.SI,True,2024-04-23,True,False,False,True,2022-2025,2024-12-06,"[""financial_bad""]",2024-12-05,801102.SI,300134.SZ
801151.SI,True,2024-04-29,True,False,False,True,2022-2025,2024-12-06,"[""financial_bad""]",2024-12-05,801151.SI,300255.SZ
801181.SI,True,2024-03-30,True,False,False,True,2022-2025,2024-12-09,"[""financial_bad""]",2024-12-06,801181.SI,000029.SZ
801713.SI,True,2024-04-23,True,False,False,True,2022-2025,2024-12-09,"[""financial_bad""]",2024-12-06,801713.SI,002785.SZ
801102.SI,True,2024-04-23,True,False,False,True,2022-2025,2024-12-09,"[""financial_bad""]",2024-12-06,801102.SI,300134.SZ
801151.SI,True,2024-04-29,True,False,False,True,2022-2025,2024-12-09,"[""financial_bad""]",2024-12-06,801151.SI,300255.SZ
801995.SI,True,2024-04-30,True,False,False,True,2022-2025,2024-12-09,"[""financial_bad""]",2024-12-06,801995.SI,600996.SH
801181.SI,True,2024-03-30,True,False,False,True,2022-2025,2024-12-10,"[""financial_bad""]",2024-12-09,801181.SI,000029.SZ
801093.SI,True,2024-04-27,True,False,False,True,2022-2025,2024-12-10,"[""financial_bad""]",2024-12-09,801093.SI,002725.SZ
801713.SI,True,2024-04-23,True,False,False,True,2022-2025,2024-12-10,"[""financial_bad""]",2024-12-09,801713.SI,002785.SZ
801764.SI,True,2024-04-27,True,False,False,True,2022-2025,2024-12-10,"[""financial_bad""]",2024-12-09,801764.SI,300052.SZ
801151.SI,True,2024-04-29,True,False,False,True,2022-2025,2024-12-10,"[""financial_bad""]",2024-12-09,801151.SI,300255.SZ
801193.SI,True,2024-03-29,True,False,False,True,2022-2025,2024-12-10,"[""financial_bad""]",2024-12-09,801193.SI,600837.SH
801181.SI,True,2024-03-30,True,False,False,True,2022-2025,2024-12-11,"[""financial_bad""]",2024-12-10,801181.SI,000029.SZ
801206.SI,True,2024-03-30,True,False,False,True,2022-2025,2024-12-11,"[""financial_bad""]",2024-12-10,801206.SI,002640.SZ
801713.SI,True,2024-04-23,True,False,False,True,2022-2025,2024-12-11,"[""financial_bad""]",2024-12-10,801713.SI,002785.SZ
801102.SI,True,2024-04-23,True,False,False,True,2022-2025,2024-12-11,"[""financial_bad""]",2024-12-10,801102.SI,300134.SZ
801151.SI,True,2024-04-29,True,False,False,True,2022-2025,2024-12-11,"[""financial_bad""]",2024-12-10,801151.SI,300255.SZ
801085.SI,True,2024-04-18,True,False,False,True,2022-2025,2024-12-11,"[""financial_bad""]",2024-12-10,801085.SI,603626.SH
801181.SI,True,2024-03-30,True,False,False,True,2022-2025,2024-12-12,"[""financial_bad""]",2024-12-11,801181.SI,000029.SZ
801206.SI,True,2024-03-30,True,False,False,True,2022-2025,2024-12-12,"[""financial_bad""]",2024-12-11,801206.SI,002640.SZ
801103.SI,True,2024-04-26,True,False,False,True,2022-2025,2024-12-12,"[""financial_bad""]",2024-12-11,801103.SI,002657.SZ
801713.SI,True,2024-04-23,True,False,False,True,2022-2025,2024-12-12,"[""financial_bad""]",2024-12-11,801713.SI,002785.SZ
801102.SI,True,2024-04-23,True,False,False,True,2022-2025,2024-12-12,"[""financial_bad""]",2024-12-11,801102.SI,300134.SZ
801151.SI,True,2024-04-29,True,False,False,True,2022-2025,2024-12-12,"[""financial_bad""]",2024-12-11,801151.SI,300255.SZ
801085.SI,True,2024-04-18,True,False,False,True,2022-2025,2024-12-12,"[""financial_bad""]",2024-12-11,801085.SI,603626.SH
801181.SI,True,2024-03-30,True,False,False,True,2022-2025,2024-12-13,"[""financial_bad""]",2024-12-12,801181.SI,000029.SZ
801083.SI,True,2024-04-18,True,False,False,True,2022-2025,2024-12-13,"[""financial_bad""]",2024-12-12,801083.SI,002199.SZ
801206.SI,True,2024-03-30,True,False,False,True,2022-2025,2024-12-13,"[""financial_bad""]",2024-12-12,801206.SI,002640.SZ
801713.SI,True,2024-04-23,True,False,False,True,2022-2025,2024-12-13,"[""financial_bad""]",2024-12-12,801713.SI,002785.SZ
801102.SI,True,2024-04-23,True,False,False,True,2022-2025,2024-12-13,"[""financial_bad""]",2024-12-12,801102.SI,300134.SZ
801745.SI,True,2024-04-20,True,False,False,True,2022-2025,2024-12-13,"[""financial_bad""]",2024-12-12,801745.SI,300177.SZ
801151.SI,True,2024-04-29,True,False,False,True,2022-2025,2024-12-13,"[""financial_bad""]",2024-12-12,801151.SI,300255.SZ
801101.SI,True,2024-04-29,True,False,False,True,2022-2025,2024-12-13,"[""financial_bad""]",2024-12-12,801101.SI,300302.SZ
801161.SI,True,2024-04-18,True,False,False,True,2022-2025,2024-12-13,"[""financial_bad""]",2024-12-12,801161.SI,600868.SH
801085.SI,True,2024-04-25,True,False,False,True,2022-2025,2024-12-13,"[""financial_bad""]",2024-12-12,801085.SI,603890.SH
801181.SI,True,2024-03-30,True,False,False,True,2022-2025,2024-12-16,"[""financial_bad""]",2024-12-13,801181.SI,000029.SZ
801101.SI,True,2024-04-30,True,False,False,True,2022-2025,2024-12-16,"[""financial_bad""]",2024-12-13,801101.SI,000066.SZ
801083.SI,True,2024-04-18,True,False,False,True,2022-2025,2024-12-16,"[""financial_bad""]",2024-12-13,801083.SI,002199.SZ
801206.SI,True,2024-03-30,True,False,False,True,2022-2025,2024-12-16,"[""financial_bad""]",2024-12-13,801206.SI,002640.SZ
801103.SI,True,2024-04-26,True,False,False,True,2022-2025,2024-12-16,"[""financial_bad""]",2024-12-13,801103.SI,002657.SZ
801713.SI,True,2024-04-23,True,False,False,True,2022-2025,2024-12-16,"[""financial_bad""]",2024-12-13,801713.SI,002785.SZ
801102.SI,True,2024-04-23,True,False,False,True,2022-2025,2024-12-16,"[""financial_bad""]",2024-12-13,801102.SI,300134.SZ
801151.SI,True,2024-04-29,True,False,False,True,2022-2025,2024-12-16,"[""financial_bad""]",2024-12-13,801151.SI,300255.SZ
801101.SI,True,2024-04-29,True,False,False,True,2022-2025,2024-12-16,"[""financial_bad""]",2024-12-13,801101.SI,300302.SZ
801193.SI,True,2024-03-29,True,False,False,True,2022-2025,2024-12-16,"[""financial_bad""]",2024-12-13,801193.SI,600837.SH
801995.SI,True,2024-04-30,True,False,False,True,2022-2025,2024-12-16,"[""financial_bad""]",2024-12-13,801995.SI,600996.SH
801085.SI,True,2024-04-18,True,False,False,True,2022-2025,2024-12-16,"[""financial_bad""]",2024-12-13,801085.SI,603626.SH
801181.SI,True,2024-03-30,True,False,False,True,2022-2025,2024-12-17,"[""financial_bad""]",2024-12-16,801181.SI,000029.SZ
801101.SI,True,2024-04-30,True,False,False,True,2022-2025,2024-12-17,"[""financial_bad""]",2024-12-16,801101.SI,000066.SZ
801083.SI,True,2024-04-18,True,False,False,True,2022-2025,2024-12-17,"[""financial_bad""]",2024-12-16,801083.SI,002199.SZ
801072.SI,True,2023-04-28,True,False,False,True,2022-2025,2024-12-17,"[""financial_bad""]",2024-12-16,801072.SI,002639.SZ
801206.SI,True,2024-03-30,True,False,False,True,2022-2025,2024-12-17,"[""financial_bad""]",2024-12-16,801206.SI,002640.SZ
801129.SI,True,2024-04-29,True,False,True,True,2022-2025,2024-12-17,"[""st"",""financial_bad""]",2024-12-16,801129.SI,002650.SZ
801103.SI,True,2024-04-26,True,False,False,True,2022-2025,2024-12-17,"[""financial_bad""]",2024-12-16,801103.SI,002657.SZ
801713.SI,True,2024-04-23,True,False,False,True,2022-2025,2024-12-17,"[""financial_bad""]",2024-12-16,801713.SI,002785.SZ
801745.SI,True,2024-04-20,True,False,False,True,2022-2025,2024-12-17,"[""financial_bad""]",2024-12-16,801745.SI,300177.SZ
801151.SI,True,2024-04-29,True,False,False,True,2022-2025,2024-12-17,"[""financial_bad""]",2024-12-16,801151.SI,300255.SZ
801151.SI,True,2024-04-30,True,False,False,True,2022-2025,2024-12-17,"[""financial_bad""]",2024-12-16,801151.SI,600624.SH
801193.SI,True,2024-03-29,True,False,False,True,2022-2025,2024-12-17,"[""financial_bad""]",2024-12-16,801193.SI,600837.SH
801161.SI,True,2024-04-18,True,False,False,True,2022-2025,2024-12-17,"[""financial_bad""]",2024-12-16,801161.SI,600868.SH
801085.SI,True,2024-04-18,True,False,False,True,2022-2025,2024-12-17,"[""financial_bad""]",2024-12-16,801085.SI,603626.SH
801181.SI,True,2024-03-30,True,False,False,True,2022-2025,2024-12-18,"[""financial_bad""]",2024-12-17,801181.SI,000029.SZ
801101.SI,True,2024-04-30,True,False,False,True,2022-2025,2024-12-18,"[""financial_bad""]",2024-12-17,801101.SI,000066.SZ
801083.SI,True,2024-04-18,True,False,False,True,2022-2025,2024-12-18,"[""financial_bad""]",2024-12-17,801083.SI,002199.SZ
801085.SI,True,2024-04-26,True,False,False,True,2022-2025,2024-12-18,"[""financial_bad""]",2024-12-17,801085.SI,002426.SZ
801103.SI,True,2024-04-26,True,False,False,True,2022-2025,2024-12-18,"[""financial_bad""]",2024-12-17,801074.SI,002530.SZ
801206.SI,True,2024-03-30,True,False,False,True,2022-2025,2024-12-18,"[""financial_bad""]",2024-12-17,801206.SI,002640.SZ
801103.SI,True,2024-04-26,True,False,False,True,2022-2025,2024-12-18,"[""financial_bad""]",2024-12-17,801103.SI,002657.SZ
801713.SI,True,2024-04-23,True,False,False,True,2022-2025,2024-12-18,"[""financial_bad""]",2024-12-17,801713.SI,002785.SZ
801764.SI,True,2024-04-27,True,False,False,True,2022-2025,2024-12-18,"[""financial_bad""]",2024-12-17,801764.SI,300052.SZ
801745.SI,True,2024-04-20,True,False,False,True,2022-2025,2024-12-18,"[""financial_bad""]",2024-12-17,801745.SI,300177.SZ
801151.SI,True,2024-04-29,True,False,False,True,2022-2025,2024-12-18,"[""financial_bad""]",2024-12-17,801151.SI,300255.SZ
801767.SI,True,2024-04-24,True,False,False,True,2022-2025,2024-12-18,"[""financial_bad""]",2024-12-17,801767.SI,300295.SZ
801151.SI,True,2024-04-30,True,False,False,True,2022-2025,2024-12-18,"[""financial_bad""]",2024-12-17,801151.SI,600624.SH
801193.SI,True,2024-03-29,True,False,False,True,2022-2025,2024-12-18,"[""financial_bad""]",2024-12-17,801193.SI,600837.SH
801181.SI,True,2024-03-30,True,False,False,True,2022-2025,2024-12-19,"[""financial_bad""]",2024-12-18,801181.SI,000029.SZ
801101.SI,True,2024-04-30,True,False,False,True,2022-2025,2024-12-19,"[""financial_bad""]",2024-12-18,801101.SI,000066.SZ
801103.SI,True,2024-04-26,True,False,False,True,2022-2025,2024-12-19,"[""financial_bad""]",2024-12-18,801103.SI,002657.SZ
801713.SI,True,2024-04-23,True,False,False,True,2022-2025,2024-12-19,"[""financial_bad""]",2024-12-18,801713.SI,002785.SZ
801764.SI,True,2024-04-27,True,False,False,True,2022-2025,2024-12-19,"[""financial_bad""]",2024-12-18,801764.SI,300052.SZ
801745.SI,True,2024-04-20,True,False,False,True,2022-2025,2024-12-19,"[""financial_bad""]",2024-12-18,801745.SI,300177.SZ
801151.SI,True,2024-04-29,True,False,False,True,2022-2025,2024-12-19,"[""financial_bad""]",2024-12-18,801151.SI,300255.SZ
801767.SI,True,2024-04-24,True,False,False,True,2022-2025,2024-12-19,"[""financial_bad""]",2024-12-18,801767.SI,300295.SZ
801193.SI,True,2024-03-29,True,False,False,True,2022-2025,2024-12-19,"[""financial_bad""]",2024-12-18,801193.SI,600837.SH
801181.SI,True,2024-03-30,True,False,False,True,2022-2025,2024-12-20,"[""financial_bad""]",2024-12-19,801181.SI,000029.SZ
801101.SI,True,2024-04-30,True,False,False,True,2022-2025,2024-12-20,"[""financial_bad""]",2024-12-19,801101.SI,000066.SZ
801083.SI,True,2024-04-18,True,False,False,True,2022-2025,2024-12-20,"[""financial_bad""]",2024-12-19,801083.SI,002199.SZ
801085.SI,True,2024-04-26,True,False,False,True,2022-2025,2024-12-20,"[""financial_bad""]",2024-12-19,801085.SI,002426.SZ
801103.SI,True,2024-04-26,True,False,False,True,2022-2025,2024-12-20,"[""financial_bad""]",2024-12-19,801103.SI,002657.SZ
801713.SI,True,2024-04-23,True,False,False,True,2022-2025,2024-12-20,"[""financial_bad""]",2024-12-19,801713.SI,002785.SZ
801764.SI,True,2024-04-27,True,False,False,True,2022-2025,2024-12-20,"[""financial_bad""]",2024-12-19,801764.SI,300052.SZ
801745.SI,True,2024-04-20,True,False,False,True,2022-2025,2024-12-20,"[""financial_bad""]",2024-12-19,801745.SI,300177.SZ
801151.SI,True,2024-04-29,True,False,False,True,2022-2025,2024-12-20,"[""financial_bad""]",2024-12-19,801151.SI,300255.SZ
801767.SI,True,2024-04-24,True,False,False,True,2022-2025,2024-12-20,"[""financial_bad""]",2024-12-19,801767.SI,300295.SZ
801193.SI,True,2024-03-29,True,False,False,True,2022-2025,2024-12-20,"[""financial_bad""]",2024-12-19,801193.SI,600837.SH
801181.SI,True,2024-03-30,True,False,False,True,2022-2025,2024-12-23,"[""financial_bad""]",2024-12-20,801181.SI,000029.SZ
801101.SI,True,2024-04-30,True,False,False,True,2022-2025,2024-12-23,"[""financial_bad""]",2024-12-20,801101.SI,000066.SZ
801083.SI,True,2024-04-18,True,False,False,True,2022-2025,2024-12-23,"[""financial_bad""]",2024-12-20,801083.SI,002199.SZ
801103.SI,True,2024-04-26,True,False,False,True,2022-2025,2024-12-23,"[""financial_bad""]",2024-12-20,801074.SI,002530.SZ
801206.SI,True,2024-03-30,True,False,False,True,2022-2025,2024-12-23,"[""financial_bad""]",2024-12-20,801206.SI,002640.SZ
801103.SI,True,2024-04-26,True,False,False,True,2022-2025,2024-12-23,"[""financial_bad""]",2024-12-20,801103.SI,002657.SZ
801713.SI,True,2024-04-23,True,False,False,True,2022-2025,2024-12-23,"[""financial_bad""]",2024-12-20,801713.SI,002785.SZ
801764.SI,True,2024-04-27,True,False,False,True,2022-2025,2024-12-23,"[""financial_bad""]",2024-12-20,801764.SI,300052.SZ
801745.SI,True,2024-04-20,True,False,False,True,2022-2025,2024-12-23,"[""financial_bad""]",2024-12-20,801745.SI,300177.SZ
801151.SI,True,2024-04-29,True,False,False,True,2022-2025,2024-12-23,"[""financial_bad""]",2024-12-20,801151.SI,300255.SZ
801767.SI,True,2024-04-24,True,False,False,True,2022-2025,2024-12-23,"[""financial_bad""]",2024-12-20,801767.SI,300295.SZ
801193.SI,True,2024-03-29,True,False,False,True,2022-2025,2024-12-23,"[""financial_bad""]",2024-12-20,801193.SI,600837.SH
801085.SI,True,2024-04-25,True,False,False,True,2022-2025,2024-12-23,"[""financial_bad""]",2024-12-20,801085.SI,603890.SH
801181.SI,True,2024-03-30,True,False,False,True,2022-2025,2024-12-24,"[""financial_bad""]",2024-12-23,801181.SI,000029.SZ
801101.SI,True,2024-04-30,True,False,False,True,2022-2025,2024-12-24,"[""financial_bad""]",2024-12-23,801101.SI,000066.SZ
801084.SI,True,2024-04-12,True,False,False,True,2022-2025,2024-12-24,"[""financial_bad""]",2024-12-23,801084.SI,000536.SZ
801083.SI,True,2024-04-18,True,False,False,True,2022-2025,2024-12-24,"[""financial_bad""]",2024-12-23,801083.SI,002199.SZ
801085.SI,True,2024-04-26,True,False,False,True,2022-2025,2024-12-24,"[""financial_bad""]",2024-12-23,801085.SI,002426.SZ
801713.SI,True,2024-04-23,True,False,False,True,2022-2025,2024-12-24,"[""financial_bad""]",2024-12-23,801713.SI,002785.SZ
801764.SI,True,2024-04-27,True,False,False,True,2022-2025,2024-12-24,"[""financial_bad""]",2024-12-23,801764.SI,300052.SZ
801151.SI,True,2024-04-29,True,False,False,True,2022-2025,2024-12-24,"[""financial_bad""]",2024-12-23,801151.SI,300255.SZ
801767.SI,True,2024-04-24,True,False,False,True,2022-2025,2024-12-24,"[""financial_bad""]",2024-12-23,801767.SI,300295.SZ
801074.SI,True,2024-04-26,True,False,False,True,2022-2025,2024-12-24,"[""financial_bad""]",2024-12-23,801074.SI,300499.SZ
801151.SI,True,2024-04-30,True,False,False,True,2022-2025,2024-12-24,"[""financial_bad""]",2024-12-23,801151.SI,600624.SH
801193.SI,True,2024-03-29,True,False,False,True,2022-2025,2024-12-24,"[""financial_bad""]",2024-12-23,801193.SI,600837.SH
801181.SI,True,2024-03-30,True,False,False,True,2022-2025,2024-12-25,"[""financial_bad""]",2024-12-24,801181.SI,000029.SZ
801101.SI,True,2024-04-30,True,False,False,True,2022-2025,2024-12-25,"[""financial_bad""]",2024-12-24,801101.SI,000066.SZ
801084.SI,True,2024-04-12,True,False,False,True,2022-2025,2024-12-25,"[""financial_bad""]",2024-12-24,801084.SI,000536.SZ
801103.SI,True,2024-04-26,True,False,False,True,2022-2025,2024-12-25,"[""financial_bad""]",2024-12-24,801103.SI,002657.SZ
801713.SI,True,2024-04-23,True,False,False,True,2022-2025,2024-12-25,"[""financial_bad""]",2024-12-24,801713.SI,002785.SZ
801764.SI,True,2024-04-27,True,False,False,True,2022-2025,2024-12-25,"[""financial_bad""]",2024-12-24,801764.SI,300052.SZ
801151.SI,True,2024-04-29,True,False,False,True,2022-2025,2024-12-25,"[""financial_bad""]",2024-12-24,801151.SI,300255.SZ
801767.SI,True,2024-04-24,True,False,False,True,2022-2025,2024-12-25,"[""financial_bad""]",2024-12-24,801767.SI,300295.SZ
801074.SI,True,2024-04-26,True,False,False,True,2022-2025,2024-12-25,"[""financial_bad""]",2024-12-24,801074.SI,300499.SZ
801193.SI,True,2024-03-29,True,False,False,True,2022-2025,2024-12-25,"[""financial_bad""]",2024-12-24,801193.SI,600837.SH
801181.SI,True,2024-04-27,True,False,False,True,2022-2025,2024-12-26,"[""financial_bad""]",2024-12-25,801181.SI,000006.SZ
801181.SI,True,2024-03-30,True,False,False,True,2022-2025,2024-12-26,"[""financial_bad""]",2024-12-25,801181.SI,000029.SZ
801101.SI,True,2024-04-30,True,False,False,True,2022-2025,2024-12-26,"[""financial_bad""]",2024-12-25,801101.SI,000066.SZ
801084.SI,True,2024-04-12,True,False,False,True,2022-2025,2024-12-26,"[""financial_bad""]",2024-12-25,801084.SI,000536.SZ
801074.SI,True,2024-04-30,True,False,False,True,2022-2025,2024-12-26,"[""financial_bad""]",2024-12-25,801074.SI,002031.SZ
801713.SI,True,2024-04-23,True,False,False,True,2022-2025,2024-12-26,"[""financial_bad""]",2024-12-25,801713.SI,002785.SZ
801738.SI,True,2024-04-20,True,False,False,True,2022-2025,2024-12-26,"[""financial_bad""]",2024-12-25,801738.SI,300222.SZ
801151.SI,True,2024-04-29,True,False,False,True,2022-2025,2024-12-26,"[""financial_bad""]",2024-12-25,801151.SI,300255.SZ
801767.SI,True,2024-04-24,True,False,False,True,2022-2025,2024-12-26,"[""financial_bad""]",2024-12-25,801767.SI,300295.SZ
801074.SI,True,2024-04-26,True,False,False,True,2022-2025,2024-12-26,"[""financial_bad""]",2024-12-25,801074.SI,300499.SZ
801193.SI,True,2024-03-29,True,False,False,True,2022-2025,2024-12-26,"[""financial_bad""]",2024-12-25,801193.SI,600837.SH
801181.SI,True,2024-04-27,True,False,False,True,2022-2025,2024-12-27,"[""financial_bad""]",2024-12-26,801181.SI,000006.SZ
801181.SI,True,2024-03-30,True,False,False,True,2022-2025,2024-12-27,"[""financial_bad""]",2024-12-26,801181.SI,000029.SZ
801101.SI,True,2024-04-30,True,False,False,True,2022-2025,2024-12-27,"[""financial_bad""]",2024-12-26,801101.SI,000066.SZ
801084.SI,True,2024-04-12,True,False,False,True,2022-2025,2024-12-27,"[""financial_bad""]",2024-12-26,801084.SI,000536.SZ
801074.SI,True,2024-04-30,True,False,False,True,2022-2025,2024-12-27,"[""financial_bad""]",2024-12-26,801074.SI,002031.SZ
801713.SI,True,2024-04-23,True,False,False,True,2022-2025,2024-12-27,"[""financial_bad""]",2024-12-26,801713.SI,002785.SZ
801151.SI,True,2024-04-29,True,False,False,True,2022-2025,2024-12-27,"[""financial_bad""]",2024-12-26,801151.SI,300255.SZ
801767.SI,True,2024-04-24,True,False,False,True,2022-2025,2024-12-27,"[""financial_bad""]",2024-12-26,801767.SI,300295.SZ
801074.SI,True,2024-04-26,True,False,False,True,2022-2025,2024-12-27,"[""financial_bad""]",2024-12-26,801074.SI,300499.SZ
801193.SI,True,2024-03-29,True,False,False,True,2022-2025,2024-12-27,"[""financial_bad""]",2024-12-26,801193.SI,600837.SH
801181.SI,True,2024-03-30,True,False,False,True,2022-2025,2024-12-30,"[""financial_bad""]",2024-12-27,801181.SI,000029.SZ
801101.SI,True,2024-04-30,True,False,False,True,2022-2025,2024-12-30,"[""financial_bad""]",2024-12-27,801101.SI,000066.SZ
801084.SI,True,2024-04-12,True,False,False,True,2022-2025,2024-12-30,"[""financial_bad""]",2024-12-27,801084.SI,000536.SZ
801713.SI,True,2024-04-23,True,False,False,True,2022-2025,2024-12-30,"[""financial_bad""]",2024-12-27,801713.SI,002785.SZ
801151.SI,True,2024-04-29,True,False,False,True,2022-2025,2024-12-30,"[""financial_bad""]",2024-12-27,801151.SI,300255.SZ
801767.SI,True,2024-04-24,True,False,False,True,2022-2025,2024-12-30,"[""financial_bad""]",2024-12-27,801767.SI,300295.SZ
801074.SI,True,2024-04-26,True,False,False,True,2022-2025,2024-12-30,"[""financial_bad""]",2024-12-27,801074.SI,300499.SZ
801193.SI,True,2024-03-29,True,False,False,True,2022-2025,2024-12-30,"[""financial_bad""]",2024-12-27,801193.SI,600837.SH
801085.SI,True,2024-04-25,True,False,False,True,2022-2025,2024-12-30,"[""financial_bad""]",2024-12-27,801085.SI,603890.SH
801181.SI,True,2024-04-27,True,False,False,True,2022-2025,2024-12-31,"[""financial_bad""]",2024-12-30,801181.SI,000006.SZ
801181.SI,True,2024-03-30,True,False,False,True,2022-2025,2024-12-31,"[""financial_bad""]",2024-12-30,801181.SI,000029.SZ
801101.SI,True,2024-04-30,True,False,False,True,2022-2025,2024-12-31,"[""financial_bad""]",2024-12-30,801101.SI,000066.SZ
801084.SI,True,2024-04-12,True,False,False,True,2022-2025,2024-12-31,"[""financial_bad""]",2024-12-30,801084.SI,000536.SZ
801074.SI,True,2024-04-30,True,False,False,True,2022-2025,2024-12-31,"[""financial_bad""]",2024-12-30,801074.SI,002031.SZ
801713.SI,True,2024-04-23,True,False,False,True,2022-2025,2024-12-31,"[""financial_bad""]",2024-12-30,801713.SI,002785.SZ
801151.SI,True,2024-04-29,True,False,False,True,2022-2025,2024-12-31,"[""financial_bad""]",2024-12-30,801151.SI,300255.SZ
801767.SI,True,2024-04-24,True,False,False,True,2022-2025,2024-12-31,"[""financial_bad""]",2024-12-30,801767.SI,300295.SZ
801193.SI,True,2024-03-29,True,False,False,True,2022-2025,2024-12-31,"[""financial_bad""]",2024-12-30,801193.SI,600837.SH
801085.SI,True,2024-04-25,True,False,False,True,2022-2025,2024-12-31,"[""financial_bad""]",2024-12-30,801085.SI,603890.SH
801181.SI,True,2024-04-27,True,False,False,True,2022-2025,2025-01-02,"[""financial_bad""]",2024-12-31,801181.SI,000006.SZ
801181.SI,True,2024-03-30,True,False,False,True,2022-2025,2025-01-02,"[""financial_bad""]",2024-12-31,801181.SI,000029.SZ
801084.SI,True,2024-04-12,True,False,False,True,2022-2025,2025-01-02,"[""financial_bad""]",2024-12-31,801084.SI,000536.SZ
801074.SI,True,2024-04-30,True,False,False,True,2022-2025,2025-01-02,"[""financial_bad""]",2024-12-31,801074.SI,002031.SZ
801713.SI,True,2024-04-23,True,False,False,True,2022-2025,2025-01-02,"[""financial_bad""]",2024-12-31,801713.SI,002785.SZ
801223.SI,True,2024-04-26,True,False,False,True,2022-2025,2025-01-02,"[""financial_bad""]",2024-12-31,801081.SI,300053.SZ
801738.SI,True,2024-04-20,True,False,False,True,2022-2025,2025-01-02,"[""financial_bad""]",2024-12-31,801738.SI,300222.SZ
801151.SI,True,2024-04-29,True,False,False,True,2022-2025,2025-01-02,"[""financial_bad""]",2024-12-31,801151.SI,300255.SZ
801767.SI,True,2024-04-24,True,False,False,True,2022-2025,2025-01-02,"[""financial_bad""]",2024-12-31,801767.SI,300295.SZ
801745.SI,True,2024-04-30,True,False,False,True,2022-2025,2025-01-02,"[""financial_bad""]",2024-12-31,801745.SI,300762.SZ
801193.SI,True,2024-03-29,True,False,False,True,2022-2025,2025-01-02,"[""financial_bad""]",2024-12-31,801193.SI,600837.SH
801181.SI,True,2024-04-27,True,False,False,True,2022-2025,2025-01-03,"[""financial_bad""]",2025-01-02,801181.SI,000006.SZ
801181.SI,True,2024-03-30,True,False,False,True,2022-2025,2025-01-03,"[""financial_bad""]",2025-01-02,801181.SI,000029.SZ
801084.SI,True,2024-04-12,True,False,False,True,2022-2025,2025-01-03,"[""financial_bad""]",2025-01-02,801084.SI,000536.SZ
801074.SI,True,2024-04-30,True,False,False,True,2022-2025,2025-01-03,"[""financial_bad""]",2025-01-02,801074.SI,002031.SZ
801072.SI,True,2024-04-30,True,False,False,True,2022-2025,2025-01-03,"[""financial_bad""]",2025-01-02,801072.SI,002272.SZ
801713.SI,True,2024-04-23,True,False,False,True,2022-2025,2025-01-03,"[""financial_bad""]",2025-01-02,801713.SI,002785.SZ
801223.SI,True,2024-04-26,True,False,False,True,2022-2025,2025-01-03,"[""financial_bad""]",2025-01-02,801081.SI,300053.SZ
801738.SI,True,2024-04-20,True,False,False,True,2022-2025,2025-01-03,"[""financial_bad""]",2025-01-02,801738.SI,300222.SZ
801151.SI,True,2024-04-29,True,False,False,True,2022-2025,2025-01-03,"[""financial_bad""]",2025-01-02,801151.SI,300255.SZ
801767.SI,True,2024-04-24,True,False,False,True,2022-2025,2025-01-03,"[""financial_bad""]",2025-01-02,801767.SI,300295.SZ
801745.SI,True,2024-04-30,True,False,False,True,2022-2025,2025-01-03,"[""financial_bad""]",2025-01-02,801745.SI,300762.SZ
801085.SI,True,2024-04-25,True,False,False,True,2022-2025,2025-01-03,"[""financial_bad""]",2025-01-02,801085.SI,603890.SH
801181.SI,True,2024-04-27,True,False,False,True,2022-2025,2025-01-06,"[""financial_bad""]",2025-01-03,801181.SI,000006.SZ
801179.SI,False,2024-04-17,False,False,False,False,2022-2025,2025-01-06,"[""membership_missing""]",2025-01-03,,000886.SZ
801072.SI,True,2024-04-30,True,False,False,True,2022-2025,2025-01-06,"[""financial_bad""]",2025-01-03,801072.SI,002272.SZ
801713.SI,True,2024-04-23,True,False,False,True,2022-2025,2025-01-06,"[""financial_bad""]",2025-01-03,801713.SI,002785.SZ
801223.SI,True,2024-04-26,True,False,False,True,2022-2025,2025-01-06,"[""financial_bad""]",2025-01-03,801081.SI,300053.SZ
801103.SI,True,2024-04-25,True,False,False,True,2022-2025,2025-01-06,"[""financial_bad""]",2025-01-03,801103.SI,300245.SZ
801151.SI,True,2024-04-29,True,False,False,True,2022-2025,2025-01-06,"[""financial_bad""]",2025-01-03,801151.SI,300255.SZ
801745.SI,True,2024-04-30,True,False,False,True,2022-2025,2025-01-06,"[""financial_bad""]",2025-01-03,801745.SI,300762.SZ
801085.SI,True,2024-04-25,True,False,False,True,2022-2025,2025-01-06,"[""financial_bad""]",2025-01-03,801085.SI,603890.SH
801181.SI,True,2024-04-27,True,False,False,True,2022-2025,2025-01-07,"[""financial_bad""]",2025-01-06,801181.SI,000006.SZ
801179.SI,False,2024-04-17,False,False,False,False,2022-2025,2025-01-07,"[""membership_missing""]",2025-01-06,,000886.SZ
801085.SI,True,2024-04-26,True,False,False,True,2022-2025,2025-01-07,"[""financial_bad""]",2025-01-06,801085.SI,002426.SZ
801103.SI,True,2024-04-26,True,False,False,True,2022-2025,2025-01-07,"[""financial_bad""]",2025-01-06,801074.SI,002530.SZ
801223.SI,True,2024-04-26,True,False,False,True,2022-2025,2025-01-07,"[""financial_bad""]",2025-01-06,801081.SI,300053.SZ
801103.SI,True,2024-04-25,True,False,False,True,2022-2025,2025-01-07,"[""financial_bad""]",2025-01-06,801103.SI,300245.SZ
801151.SI,True,2024-04-29,True,False,False,True,2022-2025,2025-01-07,"[""financial_bad""]",2025-01-06,801151.SI,300255.SZ
801745.SI,True,2024-04-30,True,False,False,True,2022-2025,2025-01-07,"[""financial_bad""]",2025-01-06,801745.SI,300762.SZ
801181.SI,True,2024-04-27,True,False,False,True,2022-2025,2025-01-08,"[""financial_bad""]",2025-01-07,801181.SI,000006.SZ
801179.SI,False,2024-04-17,False,False,False,False,2022-2025,2025-01-08,"[""membership_missing""]",2025-01-07,,000886.SZ
801074.SI,True,2024-04-30,True,False,False,True,2022-2025,2025-01-08,"[""financial_bad""]",2025-01-07,801074.SI,002031.SZ
801072.SI,True,2024-04-30,True,False,False,True,2022-2025,2025-01-08,"[""financial_bad""]",2025-01-07,801072.SI,002272.SZ
801085.SI,True,2024-04-26,True,False,False,True,2022-2025,2025-01-08,"[""financial_bad""]",2025-01-07,801085.SI,002426.SZ
801103.SI,True,2024-04-26,True,False,False,True,2022-2025,2025-01-08,"[""financial_bad""]",2025-01-07,801074.SI,002530.SZ
801223.SI,True,2024-04-26,True,False,False,True,2022-2025,2025-01-08,"[""financial_bad""]",2025-01-07,801081.SI,300053.SZ
801738.SI,True,2024-04-20,True,False,False,True,2022-2025,2025-01-08,"[""financial_bad""]",2025-01-07,801738.SI,300222.SZ
801103.SI,True,2024-04-25,True,False,False,True,2022-2025,2025-01-08,"[""financial_bad""]",2025-01-07,801103.SI,300245.SZ
801745.SI,True,2024-04-30,True,False,False,True,2022-2025,2025-01-08,"[""financial_bad""]",2025-01-07,801745.SI,300762.SZ
801181.SI,True,2024-04-27,True,False,False,True,2022-2025,2025-01-09,"[""financial_bad""]",2025-01-08,801181.SI,000006.SZ
801179.SI,False,2024-04-17,False,False,False,False,2022-2025,2025-01-09,"[""membership_missing""]",2025-01-08,,000886.SZ
801074.SI,True,2024-04-30,True,False,False,True,2022-2025,2025-01-09,"[""financial_bad""]",2025-01-08,801074.SI,002031.SZ
801072.SI,True,2024-04-30,True,False,False,True,2022-2025,2025-01-09,"[""financial_bad""]",2025-01-08,801072.SI,002272.SZ
801085.SI,True,2024-04-26,True,False,False,True,2022-2025,2025-01-09,"[""financial_bad""]",2025-01-08,801085.SI,002426.SZ
801103.SI,True,2024-04-26,True,False,False,True,2022-2025,2025-01-09,"[""financial_bad""]",2025-01-08,801074.SI,002530.SZ
801223.SI,True,2024-04-26,True,False,False,True,2022-2025,2025-01-09,"[""financial_bad""]",2025-01-08,801081.SI,300053.SZ
801738.SI,True,2024-04-20,True,False,False,True,2022-2025,2025-01-09,"[""financial_bad""]",2025-01-08,801738.SI,300222.SZ
801103.SI,True,2024-04-25,True,False,False,True,2022-2025,2025-01-09,"[""financial_bad""]",2025-01-08,801103.SI,300245.SZ
801745.SI,True,2024-04-30,True,False,False,True,2022-2025,2025-01-09,"[""financial_bad""]",2025-01-08,801745.SI,300762.SZ
801085.SI,True,2024-04-25,True,False,False,True,2022-2025,2025-01-09,"[""financial_bad""]",2025-01-08,801085.SI,603890.SH
801181.SI,True,2024-04-27,True,False,False,True,2022-2025,2025-01-10,"[""financial_bad""]",2025-01-09,801181.SI,000006.SZ
801179.SI,False,2024-04-17,False,False,False,False,2022-2025,2025-01-10,"[""membership_missing""]",2025-01-09,,000886.SZ
801072.SI,True,2024-04-30,True,False,False,True,2022-2025,2025-01-10,"[""financial_bad""]",2025-01-09,801072.SI,002272.SZ
801085.SI,True,2024-04-26,True,False,False,True,2022-2025,2025-01-10,"[""financial_bad""]",2025-01-09,801085.SI,002426.SZ
801223.SI,True,2024-04-26,True,False,False,True,2022-2025,2025-01-10,"[""financial_bad""]",2025-01-09,801081.SI,300053.SZ
801738.SI,True,2024-04-20,True,False,False,True,2022-2025,2025-01-10,"[""financial_bad""]",2025-01-09,801738.SI,300222.SZ
801103.SI,True,2024-04-25,True,False,False,True,2022-2025,2025-01-10,"[""financial_bad""]",2025-01-09,801103.SI,300245.SZ
801745.SI,True,2024-04-30,True,False,False,True,2022-2025,2025-01-10,"[""financial_bad""]",2025-01-09,801745.SI,300762.SZ
801055.SI,True,2024-03-30,True,False,False,True,2022-2025,2025-01-10,"[""financial_bad""]",2025-01-09,801231.SI,600673.SH
801085.SI,True,2024-04-25,True,False,False,True,2022-2025,2025-01-10,"[""financial_bad""]",2025-01-09,801085.SI,603890.SH
801181.SI,True,2024-04-27,True,False,False,True,2022-2025,2025-01-13,"[""financial_bad""]",2025-01-10,801181.SI,000006.SZ
801179.SI,False,2024-04-17,False,False,False,False,2022-2025,2025-01-13,"[""membership_missing""]",2025-01-10,,000886.SZ
801072.SI,True,2024-04-30,True,False,False,True,2022-2025,2025-01-13,"[""financial_bad""]",2025-01-10,801072.SI,002272.SZ
801223.SI,True,2024-04-26,True,False,False,True,2022-2025,2025-01-13,"[""financial_bad""]",2025-01-10,801081.SI,300053.SZ
801738.SI,True,2024-04-20,True,False,False,True,2022-2025,2025-01-13,"[""financial_bad""]",2025-01-10,801738.SI,300222.SZ
801103.SI,True,2024-04-25,True,False,False,True,2022-2025,2025-01-13,"[""financial_bad""]",2025-01-10,801103.SI,300245.SZ
801745.SI,True,2024-04-30,True,False,False,True,2022-2025,2025-01-13,"[""financial_bad""]",2025-01-10,801745.SI,300762.SZ
801055.SI,True,2024-03-30,True,False,False,True,2022-2025,2025-01-13,"[""financial_bad""]",2025-01-10,801231.SI,600673.SH
801179.SI,False,2024-04-17,False,False,False,False,2022-2025,2025-01-14,"[""membership_missing""]",2025-01-13,,000886.SZ
801223.SI,True,2024-04-26,True,False,False,True,2022-2025,2025-01-14,"[""financial_bad""]",2025-01-13,801081.SI,300053.SZ
801738.SI,True,2024-04-20,True,False,False,True,2022-2025,2025-01-14,"[""financial_bad""]",2025-01-13,801738.SI,300222.SZ
801103.SI,True,2024-04-25,True,False,False,True,2022-2025,2025-01-14,"[""financial_bad""]",2025-01-13,801103.SI,300245.SZ
801745.SI,True,2024-04-30,True,False,False,True,2022-2025,2025-01-14,"[""financial_bad""]",2025-01-13,801745.SI,300762.SZ
801055.SI,True,2024-03-30,True,False,False,True,2022-2025,2025-01-14,"[""financial_bad""]",2025-01-13,801231.SI,600673.SH
801181.SI,True,2024-04-27,True,False,False,True,2022-2025,2025-01-15,"[""financial_bad""]",2025-01-14,801181.SI,000006.SZ
801084.SI,True,2024-04-12,True,False,False,True,2022-2025,2025-01-15,"[""financial_bad""]",2025-01-14,801084.SI,000536.SZ
801179.SI,False,2024-04-17,False,False,False,False,2022-2025,2025-01-15,"[""membership_missing""]",2025-01-14,,000886.SZ
801072.SI,True,2024-04-30,True,False,False,True,2022-2025,2025-01-15,"[""financial_bad""]",2025-01-14,801072.SI,002272.SZ
801085.SI,True,2024-04-26,True,False,False,True,2022-2025,2025-01-15,"[""financial_bad""]",2025-01-14,801085.SI,002426.SZ
801223.SI,True,2024-04-26,True,False,False,True,2022-2025,2025-01-15,"[""financial_bad""]",2025-01-14,801081.SI,300053.SZ
801738.SI,True,2024-04-20,True,False,False,True,2022-2025,2025-01-15,"[""financial_bad""]",2025-01-14,801738.SI,300222.SZ
801151.SI,True,2024-04-29,True,False,False,True,2022-2025,2025-01-15,"[""financial_bad""]",2025-01-14,801151.SI,300255.SZ
801055.SI,True,2024-03-30,True,False,False,True,2022-2025,2025-01-15,"[""financial_bad""]",2025-01-14,801231.SI,600673.SH
801181.SI,True,2024-04-27,True,False,False,True,2022-2025,2025-01-16,"[""financial_bad""]",2025-01-15,801181.SI,000006.SZ
801179.SI,False,2024-04-17,False,False,False,False,2022-2025,2025-01-16,"[""membership_missing""]",2025-01-15,,000886.SZ
801072.SI,True,2024-04-30,True,False,False,True,2022-2025,2025-01-16,"[""financial_bad""]",2025-01-15,801072.SI,002272.SZ
801085.SI,True,2024-04-26,True,False,False,True,2022-2025,2025-01-16,"[""financial_bad""]",2025-01-15,801085.SI,002426.SZ
801206.SI,True,2024-03-30,True,False,False,True,2022-2025,2025-01-16,"[""financial_bad""]",2025-01-15,801206.SI,002640.SZ
801713.SI,True,2024-04-23,True,False,False,True,2022-2025,2025-01-16,"[""financial_bad""]",2025-01-15,801713.SI,002785.SZ
801223.SI,True,2024-04-26,True,False,False,True,2022-2025,2025-01-16,"[""financial_bad""]",2025-01-15,801081.SI,300053.SZ
801738.SI,True,2024-04-20,True,False,False,True,2022-2025,2025-01-16,"[""financial_bad""]",2025-01-15,801738.SI,300222.SZ
801103.SI,True,2024-04-25,True,False,False,True,2022-2025,2025-01-16,"[""financial_bad""]",2025-01-15,801103.SI,300245.SZ
801151.SI,True,2024-04-29,True,False,False,True,2022-2025,2025-01-16,"[""financial_bad""]",2025-01-15,801151.SI,300255.SZ
801745.SI,True,2024-04-30,True,False,False,True,2022-2025,2025-01-16,"[""financial_bad""]",2025-01-15,801745.SI,300762.SZ
801181.SI,True,2024-04-27,True,False,False,True,2022-2025,2025-01-17,"[""financial_bad""]",2025-01-16,801181.SI,000006.SZ
801084.SI,True,2024-04-12,True,False,False,True,2022-2025,2025-01-17,"[""financial_bad""]",2025-01-16,801084.SI,000536.SZ
801179.SI,False,2024-04-17,False,False,False,False,2022-2025,2025-01-17,"[""membership_missing""]",2025-01-16,,000886.SZ
801072.SI,True,2024-04-30,True,False,False,True,2022-2025,2025-01-17,"[""financial_bad""]",2025-01-16,801072.SI,002272.SZ
801085.SI,True,2024-04-26,True,False,False,True,2022-2025,2025-01-17,"[""financial_bad""]",2025-01-16,801085.SI,002426.SZ
801206.SI,True,2024-03-30,True,False,False,True,2022-2025,2025-01-17,"[""financial_bad""]",2025-01-16,801206.SI,002640.SZ
801713.SI,True,2024-04-23,True,False,False,True,2022-2025,2025-01-17,"[""financial_bad""]",2025-01-16,801713.SI,002785.SZ
801223.SI,True,2024-04-26,True,False,False,True,2022-2025,2025-01-17,"[""financial_bad""]",2025-01-16,801081.SI,300053.SZ
801738.SI,True,2024-04-20,True,False,False,True,2022-2025,2025-01-17,"[""financial_bad""]",2025-01-16,801738.SI,300222.SZ
801103.SI,True,2024-04-25,True,False,False,True,2022-2025,2025-01-17,"[""financial_bad""]",2025-01-16,801103.SI,300245.SZ
801151.SI,True,2024-04-29,True,False,False,True,2022-2025,2025-01-17,"[""financial_bad""]",2025-01-16,801151.SI,300255.SZ
801745.SI,True,2024-04-30,True,False,False,True,2022-2025,2025-01-17,"[""financial_bad""]",2025-01-16,801745.SI,300762.SZ
801181.SI,True,2024-04-27,True,False,False,True,2022-2025,2025-01-20,"[""financial_bad""]",2025-01-17,801181.SI,000006.SZ
801084.SI,True,2024-04-12,True,False,False,True,2022-2025,2025-01-20,"[""financial_bad""]",2025-01-17,801084.SI,000536.SZ
801179.SI,False,2024-04-17,False,False,False,False,2022-2025,2025-01-20,"[""membership_missing""]",2025-01-17,,000886.SZ
801072.SI,True,2024-04-30,True,False,False,True,2022-2025,2025-01-20,"[""financial_bad""]",2025-01-17,801072.SI,002272.SZ
801085.SI,True,2024-04-26,True,False,False,True,2022-2025,2025-01-20,"[""financial_bad""]",2025-01-17,801085.SI,002426.SZ
801206.SI,True,2024-03-30,True,False,False,True,2022-2025,2025-01-20,"[""financial_bad""]",2025-01-17,801206.SI,002640.SZ
801713.SI,True,2024-04-23,True,False,False,True,2022-2025,2025-01-20,"[""financial_bad""]",2025-01-17,801713.SI,002785.SZ
801223.SI,True,2024-04-26,True,False,False,True,2022-2025,2025-01-20,"[""financial_bad""]",2025-01-17,801081.SI,300053.SZ
801738.SI,True,2024-04-20,True,False,False,True,2022-2025,2025-01-20,"[""financial_bad""]",2025-01-17,801738.SI,300222.SZ
801103.SI,True,2024-04-25,True,False,False,True,2022-2025,2025-01-20,"[""financial_bad""]",2025-01-17,801103.SI,300245.SZ
801151.SI,True,2024-04-29,True,False,False,True,2022-2025,2025-01-20,"[""financial_bad""]",2025-01-17,801151.SI,300255.SZ
801745.SI,True,2024-04-30,True,False,False,True,2022-2025,2025-01-20,"[""financial_bad""]",2025-01-17,801745.SI,300762.SZ
801181.SI,True,2024-04-27,True,False,False,True,2022-2025,2025-01-21,"[""financial_bad""]",2025-01-20,801181.SI,000006.SZ
801084.SI,True,2024-04-12,True,False,False,True,2022-2025,2025-01-21,"[""financial_bad""]",2025-01-20,801084.SI,000536.SZ
801179.SI,False,2024-04-17,False,False,False,False,2022-2025,2025-01-21,"[""membership_missing""]",2025-01-20,,000886.SZ
801072.SI,True,2024-04-30,True,False,False,True,2022-2025,2025-01-21,"[""financial_bad""]",2025-01-20,801072.SI,002272.SZ
801085.SI,True,2024-04-26,True,False,False,True,2022-2025,2025-01-21,"[""financial_bad""]",2025-01-20,801085.SI,002426.SZ
801713.SI,True,2024-04-23,True,False,False,True,2022-2025,2025-01-21,"[""financial_bad""]",2025-01-20,801713.SI,002785.SZ
801223.SI,True,2024-04-26,True,False,False,True,2022-2025,2025-01-21,"[""financial_bad""]",2025-01-20,801081.SI,300053.SZ
801738.SI,True,2024-04-20,True,False,False,True,2022-2025,2025-01-21,"[""financial_bad""]",2025-01-20,801738.SI,300222.SZ
801103.SI,True,2024-04-25,True,False,False,True,2022-2025,2025-01-21,"[""financial_bad""]",2025-01-20,801103.SI,300245.SZ
801151.SI,True,2024-04-29,True,False,False,True,2022-2025,2025-01-21,"[""financial_bad""]",2025-01-20,801151.SI,300255.SZ
801767.SI,True,2024-04-24,True,False,False,True,2022-2025,2025-01-21,"[""financial_bad""]",2025-01-20,801767.SI,300295.SZ
801745.SI,True,2024-04-30,True,False,False,True,2022-2025,2025-01-21,"[""financial_bad""]",2025-01-20,801745.SI,300762.SZ
801085.SI,True,2024-04-25,True,False,False,True,2022-2025,2025-01-21,"[""financial_bad""]",2025-01-20,801085.SI,603890.SH
801181.SI,True,2024-04-27,True,False,False,True,2022-2025,2025-01-22,"[""financial_bad""]",2025-01-21,801181.SI,000006.SZ
801179.SI,False,2024-04-17,False,False,False,False,2022-2025,2025-01-22,"[""membership_missing""]",2025-01-21,,000886.SZ
801072.SI,True,2024-04-30,True,False,False,True,2022-2025,2025-01-22,"[""financial_bad""]",2025-01-21,801072.SI,002272.SZ
801085.SI,True,2024-04-26,True,False,False,True,2022-2025,2025-01-22,"[""financial_bad""]",2025-01-21,801085.SI,002426.SZ
801713.SI,True,2024-04-23,True,False,False,True,2022-2025,2025-01-22,"[""financial_bad""]",2025-01-21,801713.SI,002785.SZ
801223.SI,True,2024-04-26,True,False,False,True,2022-2025,2025-01-22,"[""financial_bad""]",2025-01-21,801081.SI,300053.SZ
801738.SI,True,2024-04-20,True,False,False,True,2022-2025,2025-01-22,"[""financial_bad""]",2025-01-21,801738.SI,300222.SZ
801103.SI,True,2024-04-25,True,False,False,True,2022-2025,2025-01-22,"[""financial_bad""]",2025-01-21,801103.SI,300245.SZ
801151.SI,True,2024-04-29,True,False,False,True,2022-2025,2025-01-22,"[""financial_bad""]",2025-01-21,801151.SI,300255.SZ
801767.SI,False,2024-04-24,True,False,False,True,2022-2025,2025-01-22,"[""financial_bad""]",2025-01-21,801767.SI,300295.SZ
801745.SI,True,2024-04-30,True,False,False,True,2022-2025,2025-01-22,"[""financial_bad""]",2025-01-21,801745.SI,300762.SZ
801085.SI,True,2024-04-25,True,False,False,True,2022-2025,2025-01-22,"[""financial_bad""]",2025-01-21,801085.SI,603890.SH
801181.SI,True,2024-04-27,True,False,False,True,2022-2025,2025-01-23,"[""financial_bad""]",2025-01-22,801181.SI,000006.SZ
801179.SI,False,2024-04-17,False,False,False,False,2022-2025,2025-01-23,"[""membership_missing""]",2025-01-22,,000886.SZ
801072.SI,True,2024-04-30,True,False,False,True,2022-2025,2025-01-23,"[""financial_bad""]",2025-01-22,801072.SI,002272.SZ
801085.SI,True,2024-04-26,True,False,False,True,2022-2025,2025-01-23,"[""financial_bad""]",2025-01-22,801085.SI,002426.SZ
801713.SI,True,2024-04-23,True,False,False,True,2022-2025,2025-01-23,"[""financial_bad""]",2025-01-22,801713.SI,002785.SZ
801223.SI,True,2024-04-26,True,False,False,True,2022-2025,2025-01-23,"[""financial_bad""]",2025-01-22,801081.SI,300053.SZ
801738.SI,True,2024-04-20,True,False,False,True,2022-2025,2025-01-23,"[""financial_bad""]",2025-01-22,801738.SI,300222.SZ
801103.SI,True,2024-04-25,True,False,False,True,2022-2025,2025-01-23,"[""financial_bad""]",2025-01-22,801103.SI,300245.SZ
801151.SI,True,2024-04-29,True,False,False,True,2022-2025,2025-01-23,"[""financial_bad""]",2025-01-22,801151.SI,300255.SZ
801767.SI,False,2024-04-24,True,False,False,True,2022-2025,2025-01-23,"[""financial_bad""]",2025-01-22,801767.SI,300295.SZ
801745.SI,True,2024-04-30,True,False,False,True,2022-2025,2025-01-23,"[""financial_bad""]",2025-01-22,801745.SI,300762.SZ
801055.SI,True,2024-03-30,True,False,False,True,2022-2025,2025-01-23,"[""financial_bad""]",2025-01-22,801231.SI,600673.SH
801085.SI,True,2024-04-25,True,False,False,True,2022-2025,2025-01-23,"[""financial_bad""]",2025-01-22,801085.SI,603890.SH
801181.SI,True,2024-04-27,True,False,False,True,2022-2025,2025-01-24,"[""financial_bad""]",2025-01-23,801181.SI,000006.SZ
801179.SI,False,2024-04-17,False,False,False,False,2022-2025,2025-01-24,"[""membership_missing""]",2025-01-23,,000886.SZ
801072.SI,True,2024-04-30,True,False,False,True,2022-2025,2025-01-24,"[""financial_bad""]",2025-01-23,801072.SI,002272.SZ
801713.SI,True,2024-04-23,True,False,False,True,2022-2025,2025-01-24,"[""financial_bad""]",2025-01-23,801713.SI,002785.SZ
801223.SI,True,2024-04-26,True,False,False,True,2022-2025,2025-01-24,"[""financial_bad""]",2025-01-23,801081.SI,300053.SZ
801103.SI,True,2024-04-25,True,False,False,True,2022-2025,2025-01-24,"[""financial_bad""]",2025-01-23,801103.SI,300245.SZ
801151.SI,True,2024-04-29,True,False,False,True,2022-2025,2025-01-24,"[""financial_bad""]",2025-01-23,801151.SI,300255.SZ
801767.SI,False,2024-04-24,True,False,False,True,2022-2025,2025-01-24,"[""financial_bad""]",2025-01-23,801767.SI,300295.SZ
801745.SI,True,2024-04-30,True,False,False,True,2022-2025,2025-01-24,"[""financial_bad""]",2025-01-23,801745.SI,300762.SZ
801055.SI,False,2024-03-30,True,False,False,True,2022-2025,2025-01-24,"[""financial_bad""]",2025-01-23,801231.SI,600673.SH
801085.SI,True,2024-04-25,True,False,False,True,2022-2025,2025-01-24,"[""financial_bad""]",2025-01-23,801085.SI,603890.SH
801181.SI,True,2024-04-27,True,False,False,True,2022-2025,2025-01-27,"[""financial_bad""]",2025-01-24,801181.SI,000006.SZ
801179.SI,False,2024-04-17,False,False,False,False,2022-2025,2025-01-27,"[""membership_missing""]",2025-01-24,,000886.SZ
801072.SI,True,2024-04-30,True,False,False,True,2022-2025,2025-01-27,"[""financial_bad""]",2025-01-24,801072.SI,002272.SZ
801103.SI,True,2024-04-26,True,False,False,True,2022-2025,2025-01-27,"[""financial_bad""]",2025-01-24,801074.SI,002530.SZ
801713.SI,False,2024-04-23,True,False,False,True,2022-2025,2025-01-27,"[""financial_bad""]",2025-01-24,801713.SI,002785.SZ
801223.SI,True,2024-04-26,True,False,False,True,2022-2025,2025-01-27,"[""financial_bad""]",2025-01-24,801081.SI,300053.SZ
801151.SI,True,2024-04-29,True,False,False,True,2022-2025,2025-01-27,"[""financial_bad""]",2025-01-24,801151.SI,300255.SZ
801767.SI,False,2024-04-24,True,False,False,True,2022-2025,2025-01-27,"[""financial_bad""]",2025-01-24,801767.SI,300295.SZ
801055.SI,False,2024-03-30,True,False,False,True,2022-2025,2025-01-27,"[""financial_bad""]",2025-01-24,801231.SI,600673.SH
801193.SI,False,2024-03-29,True,False,False,True,2022-2025,2025-01-27,"[""financial_bad""]",2025-01-24,801193.SI,600837.SH
801085.SI,True,2024-04-25,True,False,False,True,2022-2025,2025-01-27,"[""financial_bad""]",2025-01-24,801085.SI,603890.SH
801181.SI,True,2024-04-27,True,False,False,True,2022-2025,2025-02-05,"[""financial_bad""]",2025-01-27,801181.SI,000006.SZ
801179.SI,False,2024-04-17,False,False,False,False,2022-2025,2025-02-05,"[""membership_missing""]",2025-01-27,,000886.SZ
801713.SI,False,2024-04-23,True,False,False,True,2022-2025,2025-02-05,"[""financial_bad""]",2025-01-27,801713.SI,002785.SZ
801223.SI,True,2024-04-26,True,False,False,True,2022-2025,2025-02-05,"[""financial_bad""]",2025-01-27,801081.SI,300053.SZ
801103.SI,True,2024-04-25,True,False,False,True,2022-2025,2025-02-05,"[""financial_bad""]",2025-01-27,801103.SI,300245.SZ
801151.SI,True,2024-04-29,True,False,False,True,2022-2025,2025-02-05,"[""financial_bad""]",2025-01-27,801151.SI,300255.SZ
801767.SI,False,2024-04-24,True,False,False,True,2022-2025,2025-02-05,"[""financial_bad""]",2025-01-27,801767.SI,300295.SZ
801745.SI,True,2024-04-30,True,False,False,True,2022-2025,2025-02-05,"[""financial_bad""]",2025-01-27,801745.SI,300762.SZ
801085.SI,True,2024-04-25,True,False,False,True,2022-2025,2025-02-05,"[""financial_bad""]",2025-01-27,801085.SI,603890.SH
801181.SI,False,2024-04-27,True,False,False,True,2022-2025,2025-02-06,"[""financial_bad""]",2025-02-05,801181.SI,000006.SZ
801179.SI,False,2024-04-17,False,False,False,False,2022-2025,2025-02-06,"[""membership_missing""]",2025-02-05,,000886.SZ
801072.SI,True,2024-04-30,True,False,False,True,2022-2025,2025-02-06,"[""financial_bad""]",2025-02-05,801072.SI,002272.SZ
801223.SI,True,2024-04-26,True,False,False,True,2022-2025,2025-02-06,"[""financial_bad""]",2025-02-05,801081.SI,300053.SZ
801103.SI,True,2024-04-25,True,False,False,True,2022-2025,2025-02-06,"[""financial_bad""]",2025-02-05,801103.SI,300245.SZ
801151.SI,True,2024-04-29,True,False,False,True,2022-2025,2025-02-06,"[""financial_bad""]",2025-02-05,801151.SI,300255.SZ
801767.SI,False,2024-04-24,True,False,False,True,2022-2025,2025-02-06,"[""financial_bad""]",2025-02-05,801767.SI,300295.SZ
801745.SI,True,2024-04-30,True,False,False,True,2022-2025,2025-02-06,"[""financial_bad""]",2025-02-05,801745.SI,300762.SZ
801085.SI,True,2024-04-25,True,False,False,True,2022-2025,2025-02-06,"[""financial_bad""]",2025-02-05,801085.SI,603890.SH
801181.SI,False,2024-04-27,True,False,False,True,2022-2025,2025-02-07,"[""financial_bad""]",2025-02-06,801181.SI,000006.SZ
801084.SI,True,2024-04-12,True,False,False,True,2022-2025,2025-02-07,"[""financial_bad""]",2025-02-06,801084.SI,000536.SZ
801179.SI,False,2024-04-17,False,False,False,False,2022-2025,2025-02-07,"[""membership_missing""]",2025-02-06,,000886.SZ
801072.SI,True,2024-04-30,True,False,False,True,2022-2025,2025-02-07,"[""financial_bad""]",2025-02-06,801072.SI,002272.SZ
801151.SI,True,2024-04-29,True,False,False,True,2022-2025,2025-02-07,"[""financial_bad""]",2025-02-06,801151.SI,300255.SZ
801767.SI,False,2024-04-24,True,False,False,True,2022-2025,2025-02-07,"[""financial_bad""]",2025-02-06,801767.SI,300295.SZ
801085.SI,True,2024-04-25,True,False,False,True,2022-2025,2025-02-07,"[""financial_bad""]",2025-02-06,801085.SI,603890.SH
801181.SI,False,2024-04-27,True,False,False,True,2022-2025,2025-02-10,"[""financial_bad""]",2025-02-07,801181.SI,000006.SZ
801084.SI,True,2024-04-12,True,False,False,True,2022-2025,2025-02-10,"[""financial_bad""]",2025-02-07,801084.SI,000536.SZ
801179.SI,False,2024-04-17,False,False,False,False,2022-2025,2025-02-10,"[""membership_missing""]",2025-02-07,,000886.SZ
801072.SI,True,2024-04-30,True,False,False,True,2022-2025,2025-02-10,"[""financial_bad""]",2025-02-07,801072.SI,002272.SZ
801103.SI,True,2024-04-26,True,False,False,True,2022-2025,2025-02-10,"[""financial_bad""]",2025-02-07,801103.SI,002657.SZ
801764.SI,True,2024-04-27,True,False,False,True,2022-2025,2025-02-10,"[""financial_bad""]",2025-02-07,801764.SI,300052.SZ
801223.SI,True,2024-04-26,True,False,False,True,2022-2025,2025-02-10,"[""financial_bad""]",2025-02-07,801081.SI,300053.SZ
801151.SI,True,2024-04-29,True,False,False,True,2022-2025,2025-02-10,"[""financial_bad""]",2025-02-07,801151.SI,300255.SZ
801767.SI,False,2024-04-24,True,False,False,True,2022-2025,2025-02-10,"[""financial_bad""]",2025-02-07,801767.SI,300295.SZ
801085.SI,True,2024-04-25,True,False,False,True,2022-2025,2025-02-10,"[""financial_bad""]",2025-02-07,801085.SI,603890.SH
801181.SI,False,2024-04-27,True,False,False,True,2022-2025,2025-02-11,"[""financial_bad""]",2025-02-10,801181.SI,000006.SZ
801181.SI,False,2024-03-30,True,False,False,True,2022-2025,2025-02-11,"[""financial_bad""]",2025-02-10,801181.SI,000029.SZ
801101.SI,True,2024-04-30,True,False,False,True,2022-2025,2025-02-11,"[""financial_bad""]",2025-02-10,801101.SI,000066.SZ
801179.SI,False,2024-04-17,False,False,False,False,2022-2025,2025-02-11,"[""membership_missing""]",2025-02-10,,000886.SZ
801085.SI,True,2024-04-26,True,False,False,True,2022-2025,2025-02-11,"[""financial_bad""]",2025-02-10,801085.SI,002426.SZ
801103.SI,True,2024-04-26,True,False,False,True,2022-2025,2025-02-11,"[""financial_bad""]",2025-02-10,801103.SI,002657.SZ
801764.SI,True,2024-04-27,True,False,False,True,2022-2025,2025-02-11,"[""financial_bad""]",2025-02-10,801764.SI,300052.SZ
801151.SI,True,2024-04-29,True,False,False,True,2022-2025,2025-02-11,"[""financial_bad""]",2025-02-10,801151.SI,300255.SZ
801767.SI,False,2024-04-24,True,False,False,True,2022-2025,2025-02-11,"[""financial_bad""]",2025-02-10,801767.SI,300295.SZ
801085.SI,True,2024-04-25,True,False,False,True,2022-2025,2025-02-11,"[""financial_bad""]",2025-02-10,801085.SI,603890.SH
801181.SI,False,2024-04-27,True,False,False,True,2022-2025,2025-02-12,"[""financial_bad""]",2025-02-11,801181.SI,000006.SZ
801181.SI,False,2024-03-30,True,False,False,True,2022-2025,2025-02-12,"[""financial_bad""]",2025-02-11,801181.SI,000029.SZ
801101.SI,True,2024-04-30,True,False,False,True,2022-2025,2025-02-12,"[""financial_bad""]",2025-02-11,801101.SI,000066.SZ
801084.SI,True,2024-04-12,True,False,False,True,2022-2025,2025-02-12,"[""financial_bad""]",2025-02-11,801084.SI,000536.SZ
801072.SI,True,2024-04-30,True,False,False,True,2022-2025,2025-02-12,"[""financial_bad""]",2025-02-11,801072.SI,002272.SZ
801085.SI,True,2024-04-26,True,False,False,True,2022-2025,2025-02-12,"[""financial_bad""]",2025-02-11,801085.SI,002426.SZ
801103.SI,True,2024-04-26,True,False,False,True,2022-2025,2025-02-12,"[""financial_bad""]",2025-02-11,801103.SI,002657.SZ
801764.SI,True,2024-04-27,True,False,False,True,2022-2025,2025-02-12,"[""financial_bad""]",2025-02-11,801764.SI,300052.SZ
801151.SI,True,2024-04-29,True,False,False,True,2022-2025,2025-02-12,"[""financial_bad""]",2025-02-11,801151.SI,300255.SZ
801767.SI,False,2024-04-24,True,False,False,True,2022-2025,2025-02-12,"[""financial_bad""]",2025-02-11,801767.SI,300295.SZ
801085.SI,True,2024-04-25,True,False,False,True,2022-2025,2025-02-12,"[""financial_bad""]",2025-02-11,801085.SI,603890.SH
801103.SI,True,2024-04-27,True,False,False,True,2022-2025,2025-02-12,"[""financial_bad""]",2025-02-11,801103.SI,688158.SH
801181.SI,True,2024-04-27,True,False,False,True,2022-2025,2025-02-13,"[""financial_bad""]",2025-02-12,801181.SI,000006.SZ
801181.SI,True,2024-03-30,True,False,False,True,2022-2025,2025-02-13,"[""financial_bad""]",2025-02-12,801181.SI,000029.SZ
801101.SI,True,2024-04-30,True,False,False,True,2022-2025,2025-02-13,"[""financial_bad""]",2025-02-12,801101.SI,000066.SZ
801084.SI,True,2024-04-12,True,False,False,True,2022-2025,2025-02-13,"[""financial_bad""]",2025-02-12,801084.SI,000536.SZ
801103.SI,True,2024-04-26,True,False,False,True,2022-2025,2025-02-13,"[""financial_bad""]",2025-02-12,801103.SI,002657.SZ
801764.SI,True,2024-04-27,True,False,False,True,2022-2025,2025-02-13,"[""financial_bad""]",2025-02-12,801764.SI,300052.SZ
801151.SI,True,2024-04-29,True,False,False,True,2022-2025,2025-02-13,"[""financial_bad""]",2025-02-12,801151.SI,300255.SZ
801767.SI,False,2024-04-24,True,False,False,True,2022-2025,2025-02-13,"[""financial_bad""]",2025-02-12,801767.SI,300295.SZ
801085.SI,True,2024-04-25,True,False,False,True,2022-2025,2025-02-13,"[""financial_bad""]",2025-02-12,801085.SI,603890.SH
801181.SI,True,2024-04-27,True,False,False,True,2022-2025,2025-02-14,"[""financial_bad""]",2025-02-13,801181.SI,000006.SZ
801181.SI,True,2024-03-30,True,False,False,True,2022-2025,2025-02-14,"[""financial_bad""]",2025-02-13,801181.SI,000029.SZ
801101.SI,True,2024-04-30,True,False,False,True,2022-2025,2025-02-14,"[""financial_bad""]",2025-02-13,801101.SI,000066.SZ
801084.SI,True,2024-04-12,True,False,False,True,2022-2025,2025-02-14,"[""financial_bad""]",2025-02-13,801084.SI,000536.SZ
801085.SI,True,2024-04-26,True,False,False,True,2022-2025,2025-02-14,"[""financial_bad""]",2025-02-13,801085.SI,002426.SZ
801103.SI,True,2024-04-26,True,False,False,True,2022-2025,2025-02-14,"[""financial_bad""]",2025-02-13,801103.SI,002657.SZ
801764.SI,True,2024-04-27,True,False,False,True,2022-2025,2025-02-14,"[""financial_bad""]",2025-02-13,801764.SI,300052.SZ
801151.SI,True,2024-04-29,True,False,False,True,2022-2025,2025-02-14,"[""financial_bad""]",2025-02-13,801151.SI,300255.SZ
801767.SI,False,2024-04-24,True,False,False,True,2022-2025,2025-02-14,"[""financial_bad""]",2025-02-13,801767.SI,300295.SZ
801085.SI,True,2024-04-25,True,False,False,True,2022-2025,2025-02-14,"[""financial_bad""]",2025-02-13,801085.SI,603890.SH
801181.SI,True,2024-04-27,True,False,False,True,2022-2025,2025-02-17,"[""financial_bad""]",2025-02-14,801181.SI,000006.SZ
801181.SI,True,2024-03-30,True,False,False,True,2022-2025,2025-02-17,"[""financial_bad""]",2025-02-14,801181.SI,000029.SZ
801084.SI,True,2024-04-12,True,False,False,True,2022-2025,2025-02-17,"[""financial_bad""]",2025-02-14,801084.SI,000536.SZ
801179.SI,False,2024-04-17,False,False,False,False,2022-2025,2025-02-17,"[""membership_missing""]",2025-02-14,,000886.SZ
801085.SI,True,2024-04-26,True,False,False,True,2022-2025,2025-02-17,"[""financial_bad""]",2025-02-14,801085.SI,002426.SZ
801103.SI,True,2024-04-26,True,False,False,True,2022-2025,2025-02-17,"[""financial_bad""]",2025-02-14,801103.SI,002657.SZ
801764.SI,True,2024-04-27,True,False,False,True,2022-2025,2025-02-17,"[""financial_bad""]",2025-02-14,801764.SI,300052.SZ
801151.SI,True,2024-04-29,True,False,False,True,2022-2025,2025-02-17,"[""financial_bad""]",2025-02-14,801151.SI,300255.SZ
801103.SI,True,2024-04-20,True,False,False,True,2022-2025,2025-02-17,"[""financial_bad""]",2025-02-14,801103.SI,300287.SZ
801767.SI,False,2024-04-24,True,False,False,True,2022-2025,2025-02-17,"[""financial_bad""]",2025-02-14,801767.SI,300295.SZ
801151.SI,True,2024-04-30,True,False,False,True,2022-2025,2025-02-17,"[""financial_bad""]",2025-02-14,801151.SI,600624.SH
801085.SI,True,2024-04-25,True,False,False,True,2022-2025,2025-02-17,"[""financial_bad""]",2025-02-14,801085.SI,603890.SH
801181.SI,True,2024-04-27,True,False,False,True,2022-2025,2025-02-18,"[""financial_bad""]",2025-02-17,801181.SI,000006.SZ
801181.SI,True,2024-03-30,True,False,False,True,2022-2025,2025-02-18,"[""financial_bad""]",2025-02-17,801181.SI,000029.SZ
801084.SI,True,2024-04-12,True,False,False,True,2022-2025,2025-02-18,"[""financial_bad""]",2025-02-17,801084.SI,000536.SZ
801085.SI,True,2024-04-26,True,False,False,True,2022-2025,2025-02-18,"[""financial_bad""]",2025-02-17,801085.SI,002426.SZ
801103.SI,True,2024-04-26,True,False,False,True,2022-2025,2025-02-18,"[""financial_bad""]",2025-02-17,801103.SI,002657.SZ
801764.SI,True,2024-04-27,True,False,False,True,2022-2025,2025-02-18,"[""financial_bad""]",2025-02-17,801764.SI,300052.SZ
801151.SI,True,2024-04-29,True,False,False,True,2022-2025,2025-02-18,"[""financial_bad""]",2025-02-17,801151.SI,300255.SZ
801103.SI,True,2024-04-20,True,False,False,True,2022-2025,2025-02-18,"[""financial_bad""]",2025-02-17,801103.SI,300287.SZ
801767.SI,False,2024-04-24,True,False,False,True,2022-2025,2025-02-18,"[""financial_bad""]",2025-02-17,801767.SI,300295.SZ
801151.SI,True,2024-04-30,True,False,False,True,2022-2025,2025-02-18,"[""financial_bad""]",2025-02-17,801151.SI,600624.SH
801085.SI,True,2024-04-25,True,False,False,True,2022-2025,2025-02-18,"[""financial_bad""]",2025-02-17,801085.SI,603890.SH
801181.SI,True,2024-04-27,True,False,False,True,2022-2025,2025-02-19,"[""financial_bad""]",2025-02-18,801181.SI,000006.SZ
801181.SI,True,2024-03-30,True,False,False,True,2022-2025,2025-02-19,"[""financial_bad""]",2025-02-18,801181.SI,000029.SZ
801101.SI,True,2024-04-30,True,False,False,True,2022-2025,2025-02-19,"[""financial_bad""]",2025-02-18,801101.SI,000066.SZ
801179.SI,False,2024-04-17,False,False,False,False,2022-2025,2025-02-19,"[""membership_missing""]",2025-02-18,,000886.SZ
801085.SI,True,2024-04-26,True,False,False,True,2022-2025,2025-02-19,"[""financial_bad""]",2025-02-18,801085.SI,002426.SZ
801764.SI,True,2024-04-27,True,False,False,True,2022-2025,2025-02-19,"[""financial_bad""]",2025-02-18,801764.SI,300052.SZ
801223.SI,True,2024-04-26,True,False,False,True,2022-2025,2025-02-19,"[""financial_bad""]",2025-02-18,801081.SI,300053.SZ
801151.SI,True,2024-04-29,True,False,False,True,2022-2025,2025-02-19,"[""financial_bad""]",2025-02-18,801151.SI,300255.SZ
801085.SI,True,2024-04-25,True,False,False,True,2022-2025,2025-02-19,"[""financial_bad""]",2025-02-18,801085.SI,603890.SH
801181.SI,True,2024-04-27,True,False,False,True,2022-2025,2025-02-20,"[""financial_bad""]",2025-02-19,801181.SI,000006.SZ
801181.SI,True,2024-03-30,True,False,False,True,2022-2025,2025-02-20,"[""financial_bad""]",2025-02-19,801181.SI,000029.SZ
801101.SI,True,2024-04-30,True,False,False,True,2022-2025,2025-02-20,"[""financial_bad""]",2025-02-19,801101.SI,000066.SZ
801085.SI,True,2024-04-26,True,False,False,True,2022-2025,2025-02-20,"[""financial_bad""]",2025-02-19,801085.SI,002426.SZ
801103.SI,True,2024-04-26,True,False,False,True,2022-2025,2025-02-20,"[""financial_bad""]",2025-02-19,801103.SI,002657.SZ
801764.SI,True,2024-04-27,True,False,False,True,2022-2025,2025-02-20,"[""financial_bad""]",2025-02-19,801764.SI,300052.SZ
801151.SI,True,2024-04-29,True,False,False,True,2022-2025,2025-02-20,"[""financial_bad""]",2025-02-19,801151.SI,300255.SZ
801767.SI,False,2024-04-24,True,False,False,True,2022-2025,2025-02-20,"[""financial_bad""]",2025-02-19,801767.SI,300295.SZ
801085.SI,True,2024-04-25,True,False,False,True,2022-2025,2025-02-20,"[""financial_bad""]",2025-02-19,801085.SI,603890.SH
801181.SI,True,2024-04-27,True,False,False,True,2022-2025,2025-02-21,"[""financial_bad""]",2025-02-20,801181.SI,000006.SZ
801181.SI,True,2024-03-30,True,False,False,True,2022-2025,2025-02-21,"[""financial_bad""]",2025-02-20,801181.SI,000029.SZ
801101.SI,True,2024-04-30,True,False,False,True,2022-2025,2025-02-21,"[""financial_bad""]",2025-02-20,801101.SI,000066.SZ
801103.SI,True,2024-04-26,True,False,False,True,2022-2025,2025-02-21,"[""financial_bad""]",2025-02-20,801103.SI,002657.SZ
801764.SI,True,2024-04-27,True,False,False,True,2022-2025,2025-02-21,"[""financial_bad""]",2025-02-20,801764.SI,300052.SZ
801151.SI,True,2024-04-29,True,False,False,True,2022-2025,2025-02-21,"[""financial_bad""]",2025-02-20,801151.SI,300255.SZ
801767.SI,False,2024-04-24,True,False,False,True,2022-2025,2025-02-21,"[""financial_bad""]",2025-02-20,801767.SI,300295.SZ
801713.SI,False,2024-04-30,True,False,False,True,2022-2025,2025-02-21,"[""financial_bad""]",2025-02-20,801711.SI,600678.SH
801085.SI,True,2024-04-25,True,False,False,True,2022-2025,2025-02-21,"[""financial_bad""]",2025-02-20,801085.SI,603890.SH
801181.SI,True,2024-04-27,True,False,False,True,2022-2025,2025-02-24,"[""financial_bad""]",2025-02-21,801181.SI,000006.SZ
801181.SI,True,2024-03-30,True,False,False,True,2022-2025,2025-02-24,"[""financial_bad""]",2025-02-21,801181.SI,000029.SZ
801101.SI,True,2024-04-30,True,False,False,True,2022-2025,2025-02-24,"[""financial_bad""]",2025-02-21,801101.SI,000066.SZ
801103.SI,True,2024-04-26,True,False,False,True,2022-2025,2025-02-24,"[""financial_bad""]",2025-02-21,801103.SI,002657.SZ
801764.SI,True,2024-04-27,True,False,False,True,2022-2025,2025-02-24,"[""financial_bad""]",2025-02-21,801764.SI,300052.SZ
801151.SI,True,2024-04-29,True,False,False,True,2022-2025,2025-02-24,"[""financial_bad""]",2025-02-21,801151.SI,300255.SZ
801767.SI,False,2024-04-24,True,False,False,True,2022-2025,2025-02-24,"[""financial_bad""]",2025-02-21,801767.SI,300295.SZ
801151.SI,True,2024-04-30,True,False,False,True,2022-2025,2025-02-24,"[""financial_bad""]",2025-02-21,801151.SI,600624.SH
801713.SI,False,2024-04-30,True,False,False,True,2022-2025,2025-02-24,"[""financial_bad""]",2025-02-21,801711.SI,600678.SH
801085.SI,True,2024-04-25,True,False,False,True,2022-2025,2025-02-24,"[""financial_bad""]",2025-02-21,801085.SI,603890.SH
801102.SI,True,2024-04-13,True,False,False,True,2022-2025,2025-02-24,"[""financial_bad""]",2025-02-21,801102.SI,688313.SH
801181.SI,True,2024-03-30,True,False,False,True,2022-2025,2025-02-25,"[""financial_bad""]",2025-02-24,801181.SI,000029.SZ
801103.SI,True,2024-04-26,True,False,False,True,2022-2025,2025-02-25,"[""financial_bad""]",2025-02-24,801103.SI,002657.SZ
801764.SI,True,2024-04-27,True,False,False,True,2022-2025,2025-02-25,"[""financial_bad""]",2025-02-24,801764.SI,300052.SZ
801151.SI,True,2024-04-29,True,False,False,True,2022-2025,2025-02-25,"[""financial_bad""]",2025-02-24,801151.SI,300255.SZ
801103.SI,True,2024-04-20,True,False,False,True,2022-2025,2025-02-25,"[""financial_bad""]",2025-02-24,801103.SI,300287.SZ
801101.SI,True,2024-04-29,True,False,False,True,2022-2025,2025-02-25,"[""financial_bad""]",2025-02-24,801101.SI,300302.SZ
801151.SI,True,2024-04-30,True,False,False,True,2022-2025,2025-02-25,"[""financial_bad""]",2025-02-24,801151.SI,600624.SH
801181.SI,True,2024-03-30,True,False,False,True,2022-2025,2025-02-26,"[""financial_bad""]",2025-02-25,801181.SI,000029.SZ
801084.SI,True,2024-04-30,True,False,False,True,2022-2025,2025-02-26,"[""financial_bad""]",2025-02-25,801084.SI,002387.SZ
801103.SI,True,2024-04-26,True,False,False,True,2022-2025,2025-02-26,"[""financial_bad""]",2025-02-25,801103.SI,002657.SZ
801764.SI,True,2024-04-27,True,False,False,True,2022-2025,2025-02-26,"[""financial_bad""]",2025-02-25,801764.SI,300052.SZ
801102.SI,True,2024-04-23,True,False,False,True,2022-2025,2025-02-26,"[""financial_bad""]",2025-02-25,801102.SI,300134.SZ
801151.SI,True,2024-04-29,True,False,False,True,2022-2025,2025-02-26,"[""financial_bad""]",2025-02-25,801151.SI,300255.SZ
801103.SI,True,2024-04-20,True,False,False,True,2022-2025,2025-02-26,"[""financial_bad""]",2025-02-25,801103.SI,300287.SZ
801101.SI,True,2024-04-29,True,False,False,True,2022-2025,2025-02-26,"[""financial_bad""]",2025-02-25,801101.SI,300302.SZ
801151.SI,True,2024-04-30,True,False,False,True,2022-2025,2025-02-26,"[""financial_bad""]",2025-02-25,801151.SI,600624.SH
801085.SI,True,2024-04-18,True,False,False,True,2022-2025,2025-02-26,"[""financial_bad""]",2025-02-25,801085.SI,603626.SH
801085.SI,True,2024-04-25,True,False,False,True,2022-2025,2025-02-26,"[""financial_bad""]",2025-02-25,801085.SI,603890.SH
801181.SI,True,2024-03-30,True,False,False,True,2022-2025,2025-02-27,"[""financial_bad""]",2025-02-26,801181.SI,000029.SZ
801084.SI,True,2024-04-30,True,False,False,True,2022-2025,2025-02-27,"[""financial_bad""]",2025-02-26,801084.SI,002387.SZ
801103.SI,True,2024-04-26,True,False,False,True,2022-2025,2025-02-27,"[""financial_bad""]",2025-02-26,801103.SI,002657.SZ
801764.SI,True,2024-04-27,True,False,False,True,2022-2025,2025-02-27,"[""financial_bad""]",2025-02-26,801764.SI,300052.SZ
801102.SI,True,2024-04-23,True,False,False,True,2022-2025,2025-02-27,"[""financial_bad""]",2025-02-26,801102.SI,300134.SZ
801151.SI,True,2024-04-29,True,False,False,True,2022-2025,2025-02-27,"[""financial_bad""]",2025-02-26,801151.SI,300255.SZ
801103.SI,True,2024-04-20,True,False,False,True,2022-2025,2025-02-27,"[""financial_bad""]",2025-02-26,801103.SI,300287.SZ
801101.SI,True,2024-04-29,True,False,False,True,2022-2025,2025-02-27,"[""financial_bad""]",2025-02-26,801101.SI,300302.SZ
801085.SI,True,2024-04-12,True,False,False,True,2022-2025,2025-02-27,"[""financial_bad""]",2025-02-26,801085.SI,600203.SH
801151.SI,True,2024-04-30,True,False,False,True,2022-2025,2025-02-27,"[""financial_bad""]",2025-02-26,801151.SI,600624.SH
801881.SI,True,2024-04-13,True,False,False,True,2022-2025,2025-02-27,"[""financial_bad""]",2025-02-26,801881.SI,601777.SH
801181.SI,True,2024-04-27,True,False,False,True,2022-2025,2025-02-28,"[""financial_bad""]",2025-02-27,801181.SI,000006.SZ
801181.SI,True,2024-03-30,True,False,False,True,2022-2025,2025-02-28,"[""financial_bad""]",2025-02-27,801181.SI,000029.SZ
801103.SI,True,2024-04-26,True,False,False,True,2022-2025,2025-02-28,"[""financial_bad""]",2025-02-27,801103.SI,002657.SZ
801084.SI,True,2024-03-29,True,False,False,True,2022-2025,2025-02-28,"[""financial_bad""]",2025-02-27,801084.SI,002765.SZ
801764.SI,True,2024-04-27,True,False,False,True,2022-2025,2025-02-28,"[""financial_bad""]",2025-02-27,801764.SI,300052.SZ
801102.SI,True,2024-04-23,True,False,False,True,2022-2025,2025-02-28,"[""financial_bad""]",2025-02-27,801102.SI,300134.SZ
801151.SI,True,2024-04-29,True,False,False,True,2022-2025,2025-02-28,"[""financial_bad""]",2025-02-27,801151.SI,300255.SZ
801103.SI,True,2024-04-20,True,False,False,True,2022-2025,2025-02-28,"[""financial_bad""]",2025-02-27,801103.SI,300287.SZ
801101.SI,True,2024-04-29,True,False,False,True,2022-2025,2025-02-28,"[""financial_bad""]",2025-02-27,801101.SI,300302.SZ
801085.SI,True,2024-04-25,True,False,False,True,2022-2025,2025-02-28,"[""financial_bad""]",2025-02-27,801085.SI,603890.SH
801181.SI,True,2024-03-30,True,False,False,True,2022-2025,2025-03-03,"[""financial_bad""]",2025-02-28,801181.SI,000029.SZ
801101.SI,True,2024-04-30,True,False,False,True,2022-2025,2025-03-03,"[""financial_bad""]",2025-02-28,801101.SI,000066.SZ
801085.SI,True,2024-04-23,True,False,False,True,2022-2025,2025-03-03,"[""financial_bad""]",2025-02-28,801085.SI,002369.SZ
801085.SI,True,2024-04-26,True,False,False,True,2022-2025,2025-03-03,"[""financial_bad""]",2025-02-28,801085.SI,002426.SZ
801102.SI,True,2024-04-23,True,False,False,True,2022-2025,2025-03-03,"[""financial_bad""]",2025-02-28,801102.SI,300134.SZ
801151.SI,True,2024-04-29,True,False,False,True,2022-2025,2025-03-03,"[""financial_bad""]",2025-02-28,801151.SI,300255.SZ
801745.SI,True,2024-04-30,True,False,False,True,2022-2025,2025-03-03,"[""financial_bad""]",2025-02-28,801745.SI,300762.SZ
801103.SI,True,2024-04-27,True,False,False,True,2022-2025,2025-03-03,"[""financial_bad""]",2025-02-28,801103.SI,300895.SZ
801881.SI,True,2024-04-13,True,False,False,True,2022-2025,2025-03-03,"[""financial_bad""]",2025-02-28,801881.SI,601777.SH
801085.SI,True,2024-04-25,True,False,False,True,2022-2025,2025-03-03,"[""financial_bad""]",2025-02-28,801085.SI,603890.SH
801181.SI,True,2024-03-30,True,False,False,True,2022-2025,2025-03-04,"[""financial_bad""]",2025-03-03,801181.SI,000029.SZ
801101.SI,True,2024-04-30,True,False,False,True,2022-2025,2025-03-04,"[""financial_bad""]",2025-03-03,801101.SI,000066.SZ
801103.SI,True,2024-04-26,True,False,False,True,2022-2025,2025-03-04,"[""financial_bad""]",2025-03-03,801074.SI,002530.SZ
801764.SI,True,2024-04-27,True,False,False,True,2022-2025,2025-03-04,"[""financial_bad""]",2025-03-03,801764.SI,300052.SZ
801151.SI,True,2024-04-29,True,False,False,True,2022-2025,2025-03-04,"[""financial_bad""]",2025-03-03,801151.SI,300255.SZ
801103.SI,True,2024-04-20,True,False,False,True,2022-2025,2025-03-04,"[""financial_bad""]",2025-03-03,801103.SI,300287.SZ
801745.SI,True,2024-04-30,True,False,False,True,2022-2025,2025-03-04,"[""financial_bad""]",2025-03-03,801745.SI,300762.SZ
801103.SI,True,2024-04-27,True,False,False,True,2022-2025,2025-03-04,"[""financial_bad""]",2025-03-03,801103.SI,300895.SZ
801881.SI,True,2024-04-13,True,False,False,True,2022-2025,2025-03-04,"[""financial_bad""]",2025-03-03,801881.SI,601777.SH
801085.SI,True,2024-04-18,True,False,False,True,2022-2025,2025-03-04,"[""financial_bad""]",2025-03-03,801085.SI,603626.SH
801085.SI,True,2024-04-25,True,False,False,True,2022-2025,2025-03-04,"[""financial_bad""]",2025-03-03,801085.SI,603890.SH
801103.SI,True,2024-04-27,True,False,False,True,2022-2025,2025-03-04,"[""financial_bad""]",2025-03-03,801103.SI,688158.SH
801181.SI,True,2024-03-30,True,False,False,True,2022-2025,2025-03-05,"[""financial_bad""]",2025-03-04,801181.SI,000029.SZ
801074.SI,True,2024-04-26,True,False,False,True,2022-2025,2025-03-05,"[""financial_bad""]",2025-03-04,801074.SI,002009.SZ
801085.SI,True,2024-04-23,True,False,False,True,2022-2025,2025-03-05,"[""financial_bad""]",2025-03-04,801085.SI,002369.SZ
801093.SI,True,2024-04-27,True,False,False,True,2022-2025,2025-03-05,"[""financial_bad""]",2025-03-04,801093.SI,002725.SZ
801764.SI,True,2024-04-27,True,False,False,True,2022-2025,2025-03-05,"[""financial_bad""]",2025-03-04,801764.SI,300052.SZ
801151.SI,True,2024-04-29,True,False,False,True,2022-2025,2025-03-05,"[""financial_bad""]",2025-03-04,801151.SI,300255.SZ
801103.SI,True,2024-04-20,True,False,False,True,2022-2025,2025-03-05,"[""financial_bad""]",2025-03-04,801103.SI,300287.SZ
801103.SI,True,2024-04-27,True,False,False,True,2022-2025,2025-03-05,"[""financial_bad""]",2025-03-04,801103.SI,300895.SZ
801881.SI,True,2024-04-13,True,False,False,True,2022-2025,2025-03-05,"[""financial_bad""]",2025-03-04,801881.SI,601777.SH
801085.SI,True,2024-04-18,True,False,False,True,2022-2025,2025-03-05,"[""financial_bad""]",2025-03-04,801085.SI,603626.SH
801085.SI,True,2024-04-25,True,False,False,True,2022-2025,2025-03-05,"[""financial_bad""]",2025-03-04,801085.SI,603890.SH
801103.SI,True,2024-04-27,True,False,False,True,2022-2025,2025-03-05,"[""financial_bad""]",2025-03-04,801103.SI,688158.SH
801181.SI,True,2024-03-30,True,False,False,True,2022-2025,2025-03-06,"[""financial_bad""]",2025-03-05,801181.SI,000029.SZ
801101.SI,True,2024-04-30,True,False,False,True,2022-2025,2025-03-06,"[""financial_bad""]",2025-03-05,801101.SI,000066.SZ
801093.SI,True,2024-04-27,True,False,False,True,2022-2025,2025-03-06,"[""financial_bad""]",2025-03-05,801093.SI,002725.SZ
801084.SI,True,2024-03-29,True,False,False,True,2022-2025,2025-03-06,"[""financial_bad""]",2025-03-05,801084.SI,002765.SZ
801102.SI,True,2024-04-23,True,False,False,True,2022-2025,2025-03-06,"[""financial_bad""]",2025-03-05,801102.SI,300134.SZ
801151.SI,True,2024-04-29,True,False,False,True,2022-2025,2025-03-06,"[""financial_bad""]",2025-03-05,801151.SI,300255.SZ
801101.SI,True,2024-04-29,True,False,False,True,2022-2025,2025-03-06,"[""financial_bad""]",2025-03-05,801101.SI,300302.SZ
801103.SI,True,2024-04-27,True,False,False,True,2022-2025,2025-03-06,"[""financial_bad""]",2025-03-05,801103.SI,300895.SZ
801151.SI,True,2024-04-30,True,False,False,True,2022-2025,2025-03-06,"[""financial_bad""]",2025-03-05,801151.SI,600624.SH
801881.SI,True,2024-04-13,True,False,False,True,2022-2025,2025-03-06,"[""financial_bad""]",2025-03-05,801881.SI,601777.SH
801085.SI,True,2024-04-18,True,False,False,True,2022-2025,2025-03-06,"[""financial_bad""]",2025-03-05,801085.SI,603626.SH
801085.SI,True,2024-04-25,True,False,False,True,2022-2025,2025-03-06,"[""financial_bad""]",2025-03-05,801085.SI,603890.SH
801103.SI,True,2024-04-27,True,False,False,True,2022-2025,2025-03-06,"[""financial_bad""]",2025-03-05,801103.SI,688158.SH
801181.SI,True,2024-04-27,True,False,False,True,2022-2025,2025-03-07,"[""financial_bad""]",2025-03-06,801181.SI,000006.SZ
801181.SI,True,2024-03-30,True,False,False,True,2022-2025,2025-03-07,"[""financial_bad""]",2025-03-06,801181.SI,000029.SZ
801074.SI,True,2024-04-26,True,False,False,True,2022-2025,2025-03-07,"[""financial_bad""]",2025-03-06,801074.SI,002009.SZ
801103.SI,True,2024-04-26,True,False,False,True,2022-2025,2025-03-07,"[""financial_bad""]",2025-03-06,801103.SI,002657.SZ
801093.SI,True,2024-04-27,True,False,False,True,2022-2025,2025-03-07,"[""financial_bad""]",2025-03-06,801093.SI,002725.SZ
801764.SI,True,2024-04-27,True,False,False,True,2022-2025,2025-03-07,"[""financial_bad""]",2025-03-06,801764.SI,300052.SZ
801102.SI,True,2024-04-23,True,False,False,True,2022-2025,2025-03-07,"[""financial_bad""]",2025-03-06,801102.SI,300134.SZ
801151.SI,True,2024-04-29,True,False,False,True,2022-2025,2025-03-07,"[""financial_bad""]",2025-03-06,801151.SI,300255.SZ
801101.SI,True,2024-04-29,True,False,False,True,2022-2025,2025-03-07,"[""financial_bad""]",2025-03-06,801101.SI,300302.SZ
801103.SI,True,2024-04-27,True,False,False,True,2022-2025,2025-03-07,"[""financial_bad""]",2025-03-06,801103.SI,300895.SZ
801151.SI,True,2024-04-30,True,False,False,True,2022-2025,2025-03-07,"[""financial_bad""]",2025-03-06,801151.SI,600624.SH
801881.SI,True,2024-04-13,True,False,False,True,2022-2025,2025-03-07,"[""financial_bad""]",2025-03-06,801881.SI,601777.SH
801085.SI,True,2024-04-18,True,False,False,True,2022-2025,2025-03-07,"[""financial_bad""]",2025-03-06,801085.SI,603626.SH
801085.SI,True,2024-04-25,True,False,False,True,2022-2025,2025-03-07,"[""financial_bad""]",2025-03-06,801085.SI,603890.SH
801103.SI,True,2024-04-27,True,False,False,True,2022-2025,2025-03-07,"[""financial_bad""]",2025-03-06,801103.SI,688158.SH
801101.SI,True,2024-04-30,True,False,False,True,2022-2025,2025-03-10,"[""financial_bad""]",2025-03-07,801101.SI,000066.SZ
801074.SI,True,2024-04-26,True,False,False,True,2022-2025,2025-03-10,"[""financial_bad""]",2025-03-07,801074.SI,002009.SZ
801085.SI,True,2024-04-23,True,False,False,True,2022-2025,2025-03-10,"[""financial_bad""]",2025-03-07,801085.SI,002369.SZ
801103.SI,True,2024-04-26,True,False,False,True,2022-2025,2025-03-10,"[""financial_bad""]",2025-03-07,801103.SI,002657.SZ
801084.SI,True,2024-03-29,True,False,False,True,2022-2025,2025-03-10,"[""financial_bad""]",2025-03-07,801084.SI,002765.SZ
801764.SI,True,2024-04-27,True,False,False,True,2022-2025,2025-03-10,"[""financial_bad""]",2025-03-07,801764.SI,300052.SZ
801102.SI,True,2024-04-23,True,False,False,True,2022-2025,2025-03-10,"[""financial_bad""]",2025-03-07,801102.SI,300134.SZ
801151.SI,True,2024-04-29,True,False,False,True,2022-2025,2025-03-10,"[""financial_bad""]",2025-03-07,801151.SI,300255.SZ
801103.SI,True,2024-04-20,True,False,False,True,2022-2025,2025-03-10,"[""financial_bad""]",2025-03-07,801103.SI,300287.SZ
801101.SI,True,2024-04-29,True,False,False,True,2022-2025,2025-03-10,"[""financial_bad""]",2025-03-07,801101.SI,300302.SZ
801881.SI,True,2024-04-13,True,False,False,True,2022-2025,2025-03-10,"[""financial_bad""]",2025-03-07,801881.SI,601777.SH
801085.SI,True,2024-04-18,True,False,False,True,2022-2025,2025-03-10,"[""financial_bad""]",2025-03-07,801085.SI,603626.SH
801085.SI,True,2024-04-25,True,False,False,True,2022-2025,2025-03-10,"[""financial_bad""]",2025-03-07,801085.SI,603890.SH
801103.SI,True,2024-04-27,True,False,False,True,2022-2025,2025-03-10,"[""financial_bad""]",2025-03-07,801103.SI,688158.SH
801101.SI,True,2024-04-30,True,False,False,True,2022-2025,2025-03-11,"[""financial_bad""]",2025-03-10,801101.SI,000066.SZ
801085.SI,True,2024-04-23,True,False,False,True,2022-2025,2025-03-11,"[""financial_bad""]",2025-03-10,801085.SI,002369.SZ
801103.SI,True,2024-04-26,True,False,False,True,2022-2025,2025-03-11,"[""financial_bad""]",2025-03-10,801103.SI,002657.SZ
801084.SI,True,2024-03-29,True,False,False,True,2022-2025,2025-03-11,"[""financial_bad""]",2025-03-10,801084.SI,002765.SZ
801102.SI,True,2024-04-23,True,False,False,True,2022-2025,2025-03-11,"[""financial_bad""]",2025-03-10,801102.SI,300134.SZ
801151.SI,True,2024-04-29,True,False,False,True,2022-2025,2025-03-11,"[""financial_bad""]",2025-03-10,801151.SI,300255.SZ
801103.SI,True,2024-04-20,True,False,False,True,2022-2025,2025-03-11,"[""financial_bad""]",2025-03-10,801103.SI,300287.SZ
801101.SI,True,2024-04-29,True,False,False,True,2022-2025,2025-03-11,"[""financial_bad""]",2025-03-10,801101.SI,300302.SZ
801151.SI,True,2024-04-30,True,False,False,True,2022-2025,2025-03-11,"[""financial_bad""]",2025-03-10,801151.SI,600624.SH
801881.SI,True,2024-04-13,True,False,False,True,2022-2025,2025-03-11,"[""financial_bad""]",2025-03-10,801881.SI,601777.SH
801085.SI,True,2024-04-18,True,False,False,True,2022-2025,2025-03-11,"[""financial_bad""]",2025-03-10,801085.SI,603626.SH
801085.SI,True,2024-04-25,True,False,False,True,2022-2025,2025-03-11,"[""financial_bad""]",2025-03-10,801085.SI,603890.SH
801103.SI,True,2024-04-27,True,False,False,True,2022-2025,2025-03-11,"[""financial_bad""]",2025-03-10,801103.SI,688158.SH
801181.SI,True,2024-04-27,True,False,False,True,2022-2025,2025-03-12,"[""financial_bad""]",2025-03-11,801181.SI,000006.SZ
801181.SI,True,2024-03-30,True,False,False,True,2022-2025,2025-03-12,"[""financial_bad""]",2025-03-11,801181.SI,000029.SZ
801101.SI,True,2024-04-30,True,False,False,True,2022-2025,2025-03-12,"[""financial_bad""]",2025-03-11,801101.SI,000066.SZ
801085.SI,True,2024-04-23,True,False,False,True,2022-2025,2025-03-12,"[""financial_bad""]",2025-03-11,801085.SI,002369.SZ
801103.SI,True,2024-04-26,True,False,False,True,2022-2025,2025-03-12,"[""financial_bad""]",2025-03-11,801103.SI,002657.SZ
801151.SI,True,2024-04-30,True,False,False,True,2022-2025,2025-03-12,"[""financial_bad""]",2025-03-11,801151.SI,002693.SZ
801084.SI,True,2024-03-29,True,False,False,True,2022-2025,2025-03-12,"[""financial_bad""]",2025-03-11,801084.SI,002765.SZ
801102.SI,True,2024-04-23,True,False,False,True,2022-2025,2025-03-12,"[""financial_bad""]",2025-03-11,801102.SI,300134.SZ
801151.SI,True,2024-04-29,True,False,False,True,2022-2025,2025-03-12,"[""financial_bad""]",2025-03-11,801151.SI,300255.SZ
801103.SI,True,2024-04-20,True,False,False,True,2022-2025,2025-03-12,"[""financial_bad""]",2025-03-11,801103.SI,300287.SZ
801101.SI,True,2024-04-29,True,False,False,True,2022-2025,2025-03-12,"[""financial_bad""]",2025-03-11,801101.SI,300302.SZ
801151.SI,True,2024-04-30,True,False,False,True,2022-2025,2025-03-12,"[""financial_bad""]",2025-03-11,801151.SI,600624.SH
801085.SI,True,2024-04-18,True,False,False,True,2022-2025,2025-03-12,"[""financial_bad""]",2025-03-11,801085.SI,603626.SH
801085.SI,True,2024-04-25,True,False,False,True,2022-2025,2025-03-12,"[""financial_bad""]",2025-03-11,801085.SI,603890.SH
801103.SI,True,2024-04-27,True,False,False,True,2022-2025,2025-03-12,"[""financial_bad""]",2025-03-11,801103.SI,688158.SH
801181.SI,True,2024-04-27,True,False,False,True,2022-2025,2025-03-13,"[""financial_bad""]",2025-03-12,801181.SI,000006.SZ
801181.SI,True,2024-03-30,True,False,False,True,2022-2025,2025-03-13,"[""financial_bad""]",2025-03-12,801181.SI,000029.SZ
801101.SI,True,2024-04-30,True,False,False,True,2022-2025,2025-03-13,"[""financial_bad""]",2025-03-12,801101.SI,000066.SZ
801085.SI,True,2024-04-23,True,False,False,True,2022-2025,2025-03-13,"[""financial_bad""]",2025-03-12,801085.SI,002369.SZ
801103.SI,True,2024-04-26,True,False,False,True,2022-2025,2025-03-13,"[""financial_bad""]",2025-03-12,801103.SI,002657.SZ
801151.SI,True,2024-04-30,True,False,False,True,2022-2025,2025-03-13,"[""financial_bad""]",2025-03-12,801151.SI,002693.SZ
801084.SI,True,2024-03-29,True,False,False,True,2022-2025,2025-03-13,"[""financial_bad""]",2025-03-12,801084.SI,002765.SZ
801713.SI,True,2024-04-23,True,False,False,True,2022-2025,2025-03-13,"[""financial_bad""]",2025-03-12,801713.SI,002785.SZ
801764.SI,True,2024-04-27,True,False,False,True,2022-2025,2025-03-13,"[""financial_bad""]",2025-03-12,801764.SI,300052.SZ
801102.SI,True,2024-04-23,True,False,False,True,2022-2025,2025-03-13,"[""financial_bad""]",2025-03-12,801102.SI,300134.SZ
801151.SI,True,2024-04-29,True,False,False,True,2022-2025,2025-03-13,"[""financial_bad""]",2025-03-12,801151.SI,300255.SZ
801103.SI,True,2024-04-20,True,False,False,True,2022-2025,2025-03-13,"[""financial_bad""]",2025-03-12,801103.SI,300287.SZ
801767.SI,False,2024-04-24,True,False,False,True,2022-2025,2025-03-13,"[""financial_bad""]",2025-03-12,801767.SI,300295.SZ
801101.SI,True,2024-04-29,True,False,False,True,2022-2025,2025-03-13,"[""financial_bad""]",2025-03-12,801101.SI,300302.SZ
801151.SI,True,2024-04-30,True,False,False,True,2022-2025,2025-03-13,"[""financial_bad""]",2025-03-12,801151.SI,600624.SH
801995.SI,True,2024-04-30,True,False,False,True,2022-2025,2025-03-13,"[""financial_bad""]",2025-03-12,801995.SI,600996.SH
801085.SI,True,2024-04-18,True,False,False,True,2022-2025,2025-03-13,"[""financial_bad""]",2025-03-12,801085.SI,603626.SH
801085.SI,True,2024-04-25,True,False,False,True,2022-2025,2025-03-13,"[""financial_bad""]",2025-03-12,801085.SI,603890.SH
801103.SI,True,2024-04-27,True,False,False,True,2022-2025,2025-03-13,"[""financial_bad""]",2025-03-12,801103.SI,688158.SH
801101.SI,True,2024-04-30,True,False,False,True,2022-2025,2025-03-14,"[""financial_bad""]",2025-03-13,801101.SI,000066.SZ
801074.SI,True,2024-04-26,True,False,False,True,2022-2025,2025-03-14,"[""financial_bad""]",2025-03-13,801074.SI,002009.SZ
801103.SI,True,2024-04-26,True,False,False,True,2022-2025,2025-03-14,"[""financial_bad""]",2025-03-13,801074.SI,002530.SZ
801103.SI,True,2024-04-26,True,False,False,True,2022-2025,2025-03-14,"[""financial_bad""]",2025-03-13,801103.SI,002657.SZ
801151.SI,True,2024-04-30,True,False,False,True,2022-2025,2025-03-14,"[""financial_bad""]",2025-03-13,801151.SI,002693.SZ
801713.SI,True,2024-04-23,True,False,False,True,2022-2025,2025-03-14,"[""financial_bad""]",2025-03-13,801713.SI,002785.SZ
801102.SI,True,2024-04-23,True,False,False,True,2022-2025,2025-03-14,"[""financial_bad""]",2025-03-13,801102.SI,300134.SZ
801151.SI,True,2024-04-29,True,False,False,True,2022-2025,2025-03-14,"[""financial_bad""]",2025-03-13,801151.SI,300255.SZ
801103.SI,True,2024-04-20,True,False,False,True,2022-2025,2025-03-14,"[""financial_bad""]",2025-03-13,801103.SI,300287.SZ
801767.SI,False,2024-04-24,True,False,False,True,2022-2025,2025-03-14,"[""financial_bad""]",2025-03-13,801767.SI,300295.SZ
801101.SI,True,2024-04-29,True,False,False,True,2022-2025,2025-03-14,"[""financial_bad""]",2025-03-13,801101.SI,300302.SZ
801074.SI,True,2024-04-26,True,False,False,True,2022-2025,2025-03-14,"[""financial_bad""]",2025-03-13,801074.SI,300499.SZ
801151.SI,True,2024-04-30,True,False,False,True,2022-2025,2025-03-14,"[""financial_bad""]",2025-03-13,801151.SI,600624.SH
801085.SI,True,2024-04-18,True,False,False,True,2022-2025,2025-03-14,"[""financial_bad""]",2025-03-13,801085.SI,603626.SH
801085.SI,True,2024-04-25,True,False,False,True,2022-2025,2025-03-14,"[""financial_bad""]",2025-03-13,801085.SI,603890.SH
801103.SI,True,2024-04-27,True,False,False,True,2022-2025,2025-03-14,"[""financial_bad""]",2025-03-13,801103.SI,688158.SH
801181.SI,True,2024-03-30,True,False,False,True,2022-2025,2025-03-17,"[""financial_bad""]",2025-03-14,801181.SI,000029.SZ
801101.SI,True,2024-04-30,True,False,False,True,2022-2025,2025-03-17,"[""financial_bad""]",2025-03-14,801101.SI,000066.SZ
801074.SI,True,2024-04-26,True,False,False,True,2022-2025,2025-03-17,"[""financial_bad""]",2025-03-14,801074.SI,002009.SZ
801085.SI,True,2024-04-23,True,False,False,True,2022-2025,2025-03-17,"[""financial_bad""]",2025-03-14,801085.SI,002369.SZ
801103.SI,True,2024-04-26,True,False,False,True,2022-2025,2025-03-17,"[""financial_bad""]",2025-03-14,801103.SI,002657.SZ
801151.SI,True,2024-04-30,True,False,False,True,2022-2025,2025-03-17,"[""financial_bad""]",2025-03-14,801151.SI,002693.SZ
801084.SI,True,2024-03-29,True,False,False,True,2022-2025,2025-03-17,"[""financial_bad""]",2025-03-14,801084.SI,002765.SZ
801764.SI,True,2024-04-27,True,False,False,True,2022-2025,2025-03-18,"[""financial_bad""]",2025-03-14,801764.SI,300052.SZ
801102.SI,True,2024-04-23,True,False,False,True,2022-2025,2025-03-17,"[""financial_bad""]",2025-03-14,801102.SI,300134.SZ
801151.SI,True,2024-04-29,True,False,False,True,2022-2025,2025-03-17,"[""financial_bad""]",2025-03-14,801151.SI,300255.SZ
801103.SI,True,2024-04-20,True,False,False,True,2022-2025,2025-03-17,"[""financial_bad""]",2025-03-14,801103.SI,300287.SZ
801767.SI,False,2024-04-24,True,False,False,True,2022-2025,2025-03-17,"[""financial_bad""]",2025-03-14,801767.SI,300295.SZ
801101.SI,True,2024-04-29,True,False,False,True,2022-2025,2025-03-17,"[""financial_bad""]",2025-03-14,801101.SI,300302.SZ
801074.SI,True,2024-04-26,True,False,False,True,2022-2025,2025-03-17,"[""financial_bad""]",2025-03-14,801074.SI,300499.SZ
801151.SI,True,2024-04-30,True,False,False,True,2022-2025,2025-03-17,"[""financial_bad""]",2025-03-14,801151.SI,600624.SH
801995.SI,True,2024-04-30,True,False,False,True,2022-2025,2025-03-17,"[""financial_bad""]",2025-03-14,801995.SI,600996.SH
801085.SI,True,2024-04-18,True,False,False,True,2022-2025,2025-03-17,"[""financial_bad""]",2025-03-14,801085.SI,603626.SH
801085.SI,True,2024-04-25,True,False,False,True,2022-2025,2025-03-17,"[""financial_bad""]",2025-03-14,801085.SI,603890.SH
801103.SI,True,2024-04-27,True,False,False,True,2022-2025,2025-03-17,"[""financial_bad""]",2025-03-14,801103.SI,688158.SH
801181.SI,True,2024-03-30,True,False,False,True,2022-2025,2025-03-18,"[""financial_bad""]",2025-03-17,801181.SI,000029.SZ
801101.SI,True,2024-04-30,True,False,False,True,2022-2025,2025-03-18,"[""financial_bad""]",2025-03-17,801101.SI,000066.SZ
801143.SI,True,2025-03-14,True,False,False,True,2022-2025,2025-03-18,"[""financial_bad""]",2025-03-17,801103.SI,000815.SZ
801074.SI,True,2024-04-26,True,False,False,True,2022-2025,2025-03-18,"[""financial_bad""]",2025-03-17,801074.SI,002009.SZ
801084.SI,True,2024-04-30,True,False,False,True,2022-2025,2025-03-18,"[""financial_bad""]",2025-03-17,801084.SI,002387.SZ
801103.SI,True,2024-04-26,True,False,False,True,2022-2025,2025-03-18,"[""financial_bad""]",2025-03-17,801103.SI,002657.SZ
801151.SI,True,2024-04-30,True,False,False,True,2022-2025,2025-03-18,"[""financial_bad""]",2025-03-17,801151.SI,002693.SZ
801084.SI,True,2024-03-29,True,False,False,True,2022-2025,2025-03-18,"[""financial_bad""]",2025-03-17,801084.SI,002765.SZ
801102.SI,True,2024-04-23,True,False,False,True,2022-2025,2025-03-18,"[""financial_bad""]",2025-03-17,801102.SI,300134.SZ
801151.SI,True,2024-04-29,True,False,False,True,2022-2025,2025-03-18,"[""financial_bad""]",2025-03-17,801151.SI,300255.SZ
801103.SI,True,2024-04-20,True,False,False,True,2022-2025,2025-03-18,"[""financial_bad""]",2025-03-17,801103.SI,300287.SZ
801767.SI,False,2024-04-24,True,False,False,True,2022-2025,2025-03-18,"[""financial_bad""]",2025-03-17,801767.SI,300295.SZ
801101.SI,True,2024-04-29,True,False,False,True,2022-2025,2025-03-18,"[""financial_bad""]",2025-03-17,801101.SI,300302.SZ
801074.SI,True,2024-04-26,True,False,False,True,2022-2025,2025-03-18,"[""financial_bad""]",2025-03-17,801074.SI,300499.SZ
801995.SI,True,2024-04-30,True,False,False,True,2022-2025,2025-03-18,"[""financial_bad""]",2025-03-17,801995.SI,600996.SH
801085.SI,True,2024-04-18,True,False,False,True,2022-2025,2025-03-18,"[""financial_bad""]",2025-03-17,801085.SI,603626.SH
801103.SI,True,2024-04-27,True,False,False,True,2022-2025,2025-03-18,"[""financial_bad""]",2025-03-17,801103.SI,688158.SH
801101.SI,True,2024-04-30,True,False,False,True,2022-2025,2025-03-19,"[""financial_bad""]",2025-03-18,801101.SI,000066.SZ
801143.SI,True,2025-03-14,True,False,False,True,2022-2025,2025-03-19,"[""financial_bad""]",2025-03-18,801103.SI,000815.SZ
801074.SI,True,2024-04-26,True,False,False,True,2022-2025,2025-03-19,"[""financial_bad""]",2025-03-18,801074.SI,002009.SZ
801084.SI,True,2024-04-30,True,False,False,True,2022-2025,2025-03-19,"[""financial_bad""]",2025-03-18,801084.SI,002387.SZ
801103.SI,True,2024-04-26,True,False,False,True,2022-2025,2025-03-19,"[""financial_bad""]",2025-03-18,801103.SI,002657.SZ
801151.SI,True,2024-04-30,True,False,False,True,2022-2025,2025-03-19,"[""financial_bad""]",2025-03-18,801151.SI,002693.SZ
801084.SI,True,2024-03-29,True,False,False,True,2022-2025,2025-03-19,"[""financial_bad""]",2025-03-18,801084.SI,002765.SZ
801102.SI,True,2024-04-23,True,False,False,True,2022-2025,2025-03-19,"[""financial_bad""]",2025-03-18,801102.SI,300134.SZ
801151.SI,True,2024-04-29,True,False,False,True,2022-2025,2025-03-19,"[""financial_bad""]",2025-03-18,801151.SI,300255.SZ
801103.SI,True,2024-04-20,True,False,False,True,2022-2025,2025-03-19,"[""financial_bad""]",2025-03-18,801103.SI,300287.SZ
801767.SI,False,2024-04-24,True,False,False,True,2022-2025,2025-03-19,"[""financial_bad""]",2025-03-18,801767.SI,300295.SZ
801101.SI,True,2024-04-29,True,False,False,True,2022-2025,2025-03-19,"[""financial_bad""]",2025-03-18,801101.SI,300302.SZ
801074.SI,True,2024-04-26,True,False,False,True,2022-2025,2025-03-19,"[""financial_bad""]",2025-03-18,801074.SI,300499.SZ
801151.SI,True,2024-04-30,True,False,False,True,2022-2025,2025-03-19,"[""financial_bad""]",2025-03-18,801151.SI,600624.SH
801995.SI,True,2024-04-30,True,False,False,True,2022-2025,2025-03-19,"[""financial_bad""]",2025-03-18,801995.SI,600996.SH
801085.SI,True,2024-04-18,True,False,False,True,2022-2025,2025-03-19,"[""financial_bad""]",2025-03-18,801085.SI,603626.SH
801103.SI,True,2024-04-27,True,False,False,True,2022-2025,2025-03-19,"[""financial_bad""]",2025-03-18,801103.SI,688158.SH
801101.SI,True,2024-04-30,True,False,False,True,2022-2025,2025-03-20,"[""financial_bad""]",2025-03-19,801101.SI,000066.SZ
801143.SI,True,2025-03-14,True,False,False,True,2022-2025,2025-03-20,"[""financial_bad""]",2025-03-19,801103.SI,000815.SZ
801074.SI,True,2024-04-26,True,False,False,True,2022-2025,2025-03-20,"[""financial_bad""]",2025-03-19,801074.SI,002009.SZ
801103.SI,True,2024-04-26,True,False,False,True,2022-2025,2025-03-20,"[""financial_bad""]",2025-03-19,801074.SI,002530.SZ
801103.SI,True,2024-04-26,True,False,False,True,2022-2025,2025-03-20,"[""financial_bad""]",2025-03-19,801103.SI,002657.SZ
801151.SI,True,2024-04-30,True,False,False,True,2022-2025,2025-03-20,"[""financial_bad""]",2025-03-19,801151.SI,002693.SZ
801102.SI,True,2024-04-23,True,False,False,True,2022-2025,2025-03-20,"[""financial_bad""]",2025-03-19,801102.SI,300134.SZ
801151.SI,True,2024-04-29,True,False,False,True,2022-2025,2025-03-20,"[""financial_bad""]",2025-03-19,801151.SI,300255.SZ
801103.SI,True,2024-04-20,True,False,False,True,2022-2025,2025-03-20,"[""financial_bad""]",2025-03-19,801103.SI,300287.SZ
801767.SI,False,2024-04-24,True,False,False,True,2022-2025,2025-03-20,"[""financial_bad""]",2025-03-19,801767.SI,300295.SZ
801101.SI,True,2024-04-29,True,False,False,True,2022-2025,2025-03-20,"[""financial_bad""]",2025-03-19,801101.SI,300302.SZ
801074.SI,True,2024-04-26,True,False,False,True,2022-2025,2025-03-20,"[""financial_bad""]",2025-03-19,801074.SI,300499.SZ
801151.SI,True,2024-04-30,True,False,False,True,2022-2025,2025-03-20,"[""financial_bad""]",2025-03-19,801151.SI,600624.SH
801995.SI,True,2024-04-30,True,False,False,True,2022-2025,2025-03-20,"[""financial_bad""]",2025-03-19,801995.SI,600996.SH
801085.SI,True,2024-04-18,True,False,False,True,2022-2025,2025-03-20,"[""financial_bad""]",2025-03-19,801085.SI,603626.SH
801085.SI,True,2024-04-25,True,False,False,True,2022-2025,2025-03-20,"[""financial_bad""]",2025-03-19,801085.SI,603890.SH
801103.SI,True,2024-04-27,True,False,False,True,2022-2025,2025-03-20,"[""financial_bad""]",2025-03-19,801103.SI,688158.SH
801101.SI,True,2024-04-30,True,False,False,True,2022-2025,2025-03-21,"[""financial_bad""]",2025-03-20,801101.SI,000066.SZ
801143.SI,True,2025-03-14,True,False,False,True,2022-2025,2025-03-21,"[""financial_bad""]",2025-03-20,801103.SI,000815.SZ
801074.SI,True,2024-04-26,True,False,False,True,2022-2025,2025-03-21,"[""financial_bad""]",2025-03-20,801074.SI,002009.SZ
801103.SI,True,2024-04-26,True,False,False,True,2022-2025,2025-03-21,"[""financial_bad""]",2025-03-20,801074.SI,002530.SZ
801103.SI,True,2024-04-26,True,False,False,True,2022-2025,2025-03-21,"[""financial_bad""]",2025-03-20,801103.SI,002657.SZ
801102.SI,True,2024-04-23,True,False,False,True,2022-2025,2025-03-21,"[""financial_bad""]",2025-03-20,801102.SI,300134.SZ
801151.SI,True,2024-04-29,True,False,False,True,2022-2025,2025-03-21,"[""financial_bad""]",2025-03-20,801151.SI,300255.SZ
801103.SI,True,2024-04-20,True,False,False,True,2022-2025,2025-03-21,"[""financial_bad""]",2025-03-20,801103.SI,300287.SZ
801767.SI,False,2024-04-24,True,False,False,True,2022-2025,2025-03-21,"[""financial_bad""]",2025-03-20,801767.SI,300295.SZ
801101.SI,True,2024-04-29,True,False,False,True,2022-2025,2025-03-21,"[""financial_bad""]",2025-03-20,801101.SI,300302.SZ
801151.SI,True,2024-04-30,True,False,False,True,2022-2025,2025-03-21,"[""financial_bad""]",2025-03-20,801151.SI,600624.SH
801085.SI,True,2024-04-18,True,False,False,True,2022-2025,2025-03-21,"[""financial_bad""]",2025-03-20,801085.SI,603626.SH
801085.SI,True,2024-04-25,True,False,False,True,2022-2025,2025-03-21,"[""financial_bad""]",2025-03-20,801085.SI,603890.SH
801103.SI,True,2024-04-27,True,False,False,True,2022-2025,2025-03-21,"[""financial_bad""]",2025-03-20,801103.SI,688158.SH
801181.SI,True,2024-04-27,True,False,False,True,2022-2025,2025-03-24,"[""financial_bad""]",2025-03-21,801181.SI,000006.SZ
801101.SI,True,2024-04-30,True,False,False,True,2022-2025,2025-03-24,"[""financial_bad""]",2025-03-21,801101.SI,000066.SZ
801084.SI,True,2024-04-12,True,False,False,True,2022-2025,2025-03-24,"[""financial_bad""]",2025-03-21,801084.SI,000536.SZ
801143.SI,True,2025-03-14,True,False,False,True,2022-2025,2025-03-24,"[""financial_bad""]",2025-03-21,801103.SI,000815.SZ
801103.SI,True,2024-04-26,True,False,False,True,2022-2025,2025-03-24,"[""financial_bad""]",2025-03-21,801074.SI,002530.SZ
801103.SI,True,2024-04-26,True,False,False,True,2022-2025,2025-03-24,"[""financial_bad""]",2025-03-21,801103.SI,002657.SZ
801151.SI,True,2024-04-29,True,False,False,True,2022-2025,2025-03-24,"[""financial_bad""]",2025-03-21,801151.SI,300255.SZ
801103.SI,True,2024-04-20,True,False,False,True,2022-2025,2025-03-24,"[""financial_bad""]",2025-03-21,801103.SI,300287.SZ
801767.SI,False,2024-04-24,True,False,False,True,2022-2025,2025-03-24,"[""financial_bad""]",2025-03-21,801767.SI,300295.SZ
801101.SI,True,2024-04-29,True,False,False,True,2022-2025,2025-03-24,"[""financial_bad""]",2025-03-21,801101.SI,300302.SZ
801151.SI,True,2024-04-30,True,False,False,True,2022-2025,2025-03-24,"[""financial_bad""]",2025-03-21,801151.SI,600624.SH
801085.SI,True,2024-04-25,True,False,False,True,2022-2025,2025-03-24,"[""financial_bad""]",2025-03-21,801085.SI,603890.SH
801103.SI,True,2024-04-27,True,False,False,True,2022-2025,2025-03-24,"[""financial_bad""]",2025-03-21,801103.SI,688158.SH
801084.SI,True,2024-04-12,True,False,False,True,2022-2025,2025-03-25,"[""financial_bad""]",2025-03-24,801084.SI,000536.SZ
801103.SI,True,2024-04-26,True,False,False,True,2022-2025,2025-03-25,"[""financial_bad""]",2025-03-24,801074.SI,002530.SZ
801223.SI,True,2024-04-26,True,False,False,True,2022-2025,2025-03-25,"[""financial_bad""]",2025-03-24,801081.SI,300053.SZ
801151.SI,True,2024-04-29,True,False,False,True,2022-2025,2025-03-25,"[""financial_bad""]",2025-03-24,801151.SI,300255.SZ
801085.SI,True,2024-04-25,True,False,False,True,2022-2025,2025-03-25,"[""financial_bad""]",2025-03-24,801085.SI,603890.SH
801181.SI,True,2025-03-22,True,False,False,True,2022-2025,2025-03-26,"[""financial_bad""]",2025-03-25,801181.SI,000029.SZ
801084.SI,True,2024-04-12,True,False,False,True,2022-2025,2025-03-26,"[""financial_bad""]",2025-03-25,801084.SI,000536.SZ
801085.SI,True,2024-04-26,True,False,False,True,2022-2025,2025-03-26,"[""financial_bad""]",2025-03-25,801085.SI,002426.SZ
801084.SI,True,2024-03-29,True,False,False,True,2022-2025,2025-03-26,"[""financial_bad""]",2025-03-25,801084.SI,002765.SZ
801223.SI,True,2024-04-26,True,False,False,True,2022-2025,2025-03-26,"[""financial_bad""]",2025-03-25,801081.SI,300053.SZ
801151.SI,True,2024-04-29,True,False,False,True,2022-2025,2025-03-26,"[""financial_bad""]",2025-03-25,801151.SI,300255.SZ
801103.SI,True,2024-04-27,True,False,False,True,2022-2025,2025-03-26,"[""financial_bad""]",2025-03-25,801103.SI,300895.SZ
801085.SI,True,2024-04-25,True,False,False,True,2022-2025,2025-03-26,"[""financial_bad""]",2025-03-25,801085.SI,603890.SH
801181.SI,True,2024-04-27,True,False,False,True,2022-2025,2025-03-27,"[""financial_bad""]",2025-03-26,801181.SI,000006.SZ
801181.SI,True,2025-03-22,True,False,False,True,2022-2025,2025-03-27,"[""financial_bad""]",2025-03-26,801181.SI,000029.SZ
801084.SI,True,2024-04-12,True,False,False,True,2022-2025,2025-03-27,"[""financial_bad""]",2025-03-26,801084.SI,000536.SZ
801085.SI,True,2024-04-26,True,False,False,True,2022-2025,2025-03-27,"[""financial_bad""]",2025-03-26,801085.SI,002426.SZ
801103.SI,True,2024-04-26,True,False,False,True,2022-2025,2025-03-27,"[""financial_bad""]",2025-03-26,801074.SI,002530.SZ
801223.SI,True,2024-04-26,True,False,False,True,2022-2025,2025-03-27,"[""financial_bad""]",2025-03-26,801081.SI,300053.SZ
801151.SI,True,2024-04-29,True,False,False,True,2022-2025,2025-03-27,"[""financial_bad""]",2025-03-26,801151.SI,300255.SZ
801103.SI,True,2024-04-27,True,False,False,True,2022-2025,2025-03-27,"[""financial_bad""]",2025-03-26,801103.SI,300895.SZ
801151.SI,True,2024-04-30,True,False,False,True,2022-2025,2025-03-27,"[""financial_bad""]",2025-03-26,801151.SI,600624.SH
801085.SI,True,2024-04-25,True,False,False,True,2022-2025,2025-03-27,"[""financial_bad""]",2025-03-26,801085.SI,603890.SH
801181.SI,True,2024-04-27,True,False,False,True,2022-2025,2025-03-28,"[""financial_bad""]",2025-03-27,801181.SI,000006.SZ
801181.SI,True,2025-03-22,True,False,False,True,2022-2025,2025-03-28,"[""financial_bad""]",2025-03-27,801181.SI,000029.SZ
801084.SI,True,2024-04-12,True,False,False,True,2022-2025,2025-03-28,"[""financial_bad""]",2025-03-27,801084.SI,000536.SZ
801179.SI,False,2024-04-17,False,False,False,False,2022-2025,2025-03-28,"[""membership_missing""]",2025-03-27,,000886.SZ
801085.SI,True,2024-04-26,True,False,False,True,2022-2025,2025-03-28,"[""financial_bad""]",2025-03-27,801085.SI,002426.SZ
801084.SI,True,2024-03-29,True,False,False,True,2022-2025,2025-03-28,"[""financial_bad""]",2025-03-27,801084.SI,002765.SZ
801223.SI,True,2024-04-26,True,False,False,True,2022-2025,2025-03-28,"[""financial_bad""]",2025-03-27,801081.SI,300053.SZ
801151.SI,True,2024-04-29,True,False,False,True,2022-2025,2025-03-28,"[""financial_bad""]",2025-03-27,801151.SI,300255.SZ
801103.SI,True,2024-04-27,True,False,False,True,2022-2025,2025-03-28,"[""financial_bad""]",2025-03-27,801103.SI,300895.SZ
801151.SI,True,2024-04-30,True,False,False,True,2022-2025,2025-03-28,"[""financial_bad""]",2025-03-27,801151.SI,600624.SH
801085.SI,True,2024-04-25,True,False,False,True,2022-2025,2025-03-28,"[""financial_bad""]",2025-03-27,801085.SI,603890.SH
801181.SI,True,2024-04-27,True,False,False,True,2022-2025,2025-03-31,"[""financial_bad""]",2025-03-28,801181.SI,000006.SZ
801181.SI,True,2025-03-22,True,False,False,True,2022-2025,2025-03-31,"[""financial_bad""]",2025-03-28,801181.SI,000029.SZ
801084.SI,True,2024-04-12,True,False,False,True,2022-2025,2025-03-31,"[""financial_bad""]",2025-03-28,801084.SI,000536.SZ
801179.SI,False,2024-04-17,False,False,False,False,2022-2025,2025-03-31,"[""membership_missing""]",2025-03-28,,000886.SZ
801085.SI,True,2024-04-26,True,False,False,True,2022-2025,2025-03-31,"[""financial_bad""]",2025-03-28,801085.SI,002426.SZ
801223.SI,True,2024-04-26,True,False,False,True,2022-2025,2025-03-31,"[""financial_bad""]",2025-03-28,801081.SI,300053.SZ
801151.SI,True,2024-04-29,True,False,False,True,2022-2025,2025-03-31,"[""financial_bad""]",2025-03-28,801151.SI,300255.SZ
801745.SI,True,2024-04-30,True,False,False,True,2022-2025,2025-03-31,"[""financial_bad""]",2025-03-28,801745.SI,300762.SZ
801085.SI,True,2024-04-25,True,False,False,True,2022-2025,2025-03-31,"[""financial_bad""]",2025-03-28,801085.SI,603890.SH
801181.SI,False,2024-04-27,True,False,False,True,2022-2025,2025-04-01,"[""financial_bad""]",2025-03-31,801181.SI,000006.SZ
801181.SI,False,2025-03-22,True,False,False,True,2022-2025,2025-04-01,"[""financial_bad""]",2025-03-31,801181.SI,000029.SZ
801084.SI,True,2024-04-12,True,False,False,True,2022-2025,2025-04-01,"[""financial_bad""]",2025-03-31,801084.SI,000536.SZ
801179.SI,False,2024-04-17,False,False,False,False,2022-2025,2025-04-01,"[""membership_missing""]",2025-03-31,,000886.SZ
801072.SI,True,2024-04-30,True,False,False,True,2022-2025,2025-04-01,"[""financial_bad""]",2025-03-31,801072.SI,002272.SZ
801085.SI,True,2024-04-26,True,False,False,True,2022-2025,2025-04-01,"[""financial_bad""]",2025-03-31,801085.SI,002426.SZ
801103.SI,True,2024-04-26,True,False,False,True,2022-2025,2025-04-01,"[""financial_bad""]",2025-03-31,801074.SI,002530.SZ
801223.SI,True,2024-04-26,True,False,False,True,2022-2025,2025-04-01,"[""financial_bad""]",2025-03-31,801081.SI,300053.SZ
801738.SI,True,2024-04-20,True,False,False,True,2022-2025,2025-04-01,"[""financial_bad""]",2025-03-31,801738.SI,300222.SZ
801151.SI,True,2024-04-29,True,False,False,True,2022-2025,2025-04-01,"[""financial_bad""]",2025-03-31,801151.SI,300255.SZ
801745.SI,True,2024-04-30,True,False,False,True,2022-2025,2025-04-01,"[""financial_bad""]",2025-03-31,801745.SI,300762.SZ
801151.SI,True,2025-03-21,True,False,False,True,2022-2025,2025-04-01,"[""financial_bad""]",2025-03-31,801151.SI,300765.SZ
801085.SI,True,2024-04-25,True,False,False,True,2022-2025,2025-04-01,"[""financial_bad""]",2025-03-31,801085.SI,603890.SH
801181.SI,False,2024-04-27,True,False,False,True,2022-2025,2025-04-02,"[""financial_bad""]",2025-04-01,801181.SI,000006.SZ
801181.SI,False,2025-03-22,True,False,False,True,2022-2025,2025-04-02,"[""financial_bad""]",2025-04-01,801181.SI,000029.SZ
801084.SI,True,2024-04-12,True,False,False,True,2022-2025,2025-04-02,"[""financial_bad""]",2025-04-01,801084.SI,000536.SZ
801179.SI,False,2024-04-17,False,False,False,False,2022-2025,2025-04-02,"[""membership_missing""]",2025-04-01,,000886.SZ
801072.SI,True,2024-04-30,True,False,False,True,2022-2025,2025-04-02,"[""financial_bad""]",2025-04-01,801072.SI,002272.SZ
801085.SI,True,2024-04-26,True,False,False,True,2022-2025,2025-04-02,"[""financial_bad""]",2025-04-01,801085.SI,002426.SZ
801072.SI,True,2023-04-28,True,False,False,True,2022-2025,2025-04-02,"[""financial_bad""]",2025-04-01,801072.SI,002639.SZ
801223.SI,True,2024-04-26,True,False,False,True,2022-2025,2025-04-02,"[""financial_bad""]",2025-04-01,801081.SI,300053.SZ
801738.SI,True,2024-04-20,True,False,False,True,2022-2025,2025-04-02,"[""financial_bad""]",2025-04-01,801738.SI,300222.SZ
801151.SI,True,2024-04-29,True,False,False,True,2022-2025,2025-04-02,"[""financial_bad""]",2025-04-01,801151.SI,300255.SZ
801151.SI,True,2025-03-21,True,False,False,True,2022-2025,2025-04-02,"[""financial_bad""]",2025-04-01,801151.SI,300765.SZ
801085.SI,True,2024-04-25,True,False,False,True,2022-2025,2025-04-02,"[""financial_bad""]",2025-04-01,801085.SI,603890.SH
801181.SI,False,2024-04-27,True,False,False,True,2022-2025,2025-04-03,"[""financial_bad""]",2025-04-02,801181.SI,000006.SZ
801181.SI,False,2025-03-22,True,False,False,True,2022-2025,2025-04-03,"[""financial_bad""]",2025-04-02,801181.SI,000029.SZ
801084.SI,True,2024-04-12,True,False,False,True,2022-2025,2025-04-03,"[""financial_bad""]",2025-04-02,801084.SI,000536.SZ
801179.SI,False,2024-04-17,False,False,False,False,2022-2025,2025-04-03,"[""membership_missing""]",2025-04-02,,000886.SZ
801072.SI,True,2024-04-30,True,False,False,True,2022-2025,2025-04-03,"[""financial_bad""]",2025-04-02,801072.SI,002272.SZ
801085.SI,True,2024-04-26,True,False,False,True,2022-2025,2025-04-03,"[""financial_bad""]",2025-04-02,801085.SI,002426.SZ
801072.SI,True,2023-04-28,True,False,False,True,2022-2025,2025-04-03,"[""financial_bad""]",2025-04-02,801072.SI,002639.SZ
801223.SI,True,2024-04-26,True,False,False,True,2022-2025,2025-04-03,"[""financial_bad""]",2025-04-02,801081.SI,300053.SZ
801151.SI,True,2024-04-29,True,False,False,True,2022-2025,2025-04-03,"[""financial_bad""]",2025-04-02,801151.SI,300255.SZ
801085.SI,True,2024-04-25,True,False,False,True,2022-2025,2025-04-03,"[""financial_bad""]",2025-04-02,801085.SI,603890.SH
801181.SI,False,2024-04-27,True,False,False,True,2022-2025,2025-04-07,"[""financial_bad""]",2025-04-03,801181.SI,000006.SZ
801181.SI,False,2025-03-22,True,False,False,True,2022-2025,2025-04-07,"[""financial_bad""]",2025-04-03,801181.SI,000029.SZ
801084.SI,True,2024-04-12,True,False,False,True,2022-2025,2025-04-07,"[""financial_bad""]",2025-04-03,801084.SI,000536.SZ
801179.SI,False,2024-04-17,False,False,False,False,2022-2025,2025-04-07,"[""membership_missing""]",2025-04-03,,000886.SZ
801072.SI,True,2024-04-30,True,False,False,True,2022-2025,2025-04-07,"[""financial_bad""]",2025-04-03,801072.SI,002272.SZ
801085.SI,True,2024-04-26,True,False,False,True,2022-2025,2025-04-07,"[""financial_bad""]",2025-04-03,801085.SI,002426.SZ
801223.SI,True,2024-04-26,True,False,False,True,2022-2025,2025-04-07,"[""financial_bad""]",2025-04-03,801081.SI,300053.SZ
801738.SI,True,2024-04-20,True,False,False,True,2022-2025,2025-04-07,"[""financial_bad""]",2025-04-03,801738.SI,300222.SZ
801151.SI,True,2024-04-29,True,False,False,True,2022-2025,2025-04-07,"[""financial_bad""]",2025-04-03,801151.SI,300255.SZ
801151.SI,True,2025-03-21,True,False,False,True,2022-2025,2025-04-07,"[""financial_bad""]",2025-04-03,801151.SI,300765.SZ
801101.SI,True,2024-04-30,True,False,False,True,2022-2025,2025-04-17,"[""financial_bad""]",2025-04-16,801101.SI,000066.SZ
801053.SI,True,2024-11-27,False,False,True,True,2022-2025,2025-04-17,"[""st""]",2025-04-16,801053.SI,000506.SZ
801179.SI,False,2024-04-17,False,False,False,False,2022-2025,2025-04-17,"[""membership_missing""]",2025-04-16,,000886.SZ
801151.SI,True,2024-04-30,True,False,False,True,2022-2025,2025-04-17,"[""financial_bad""]",2025-04-16,801151.SI,002693.SZ
801223.SI,True,2024-04-26,True,False,False,True,2022-2025,2025-04-17,"[""financial_bad""]",2025-04-16,801081.SI,300053.SZ
801104.SI,True,2025-04-16,True,False,False,True,2022-2025,2025-04-17,"[""financial_bad""]",2025-04-16,801104.SI,300085.SZ
801103.SI,True,2024-04-24,True,False,False,True,2022-2025,2025-04-17,"[""financial_bad""]",2025-04-16,801103.SI,300170.SZ
801151.SI,True,2024-04-29,True,False,False,True,2022-2025,2025-04-17,"[""financial_bad""]",2025-04-16,801151.SI,300255.SZ
801745.SI,True,2024-04-30,True,False,False,True,2022-2025,2025-04-17,"[""financial_bad""]",2025-04-16,801745.SI,300762.SZ
801151.SI,True,2025-03-21,True,False,False,True,2022-2025,2025-04-17,"[""financial_bad""]",2025-04-16,801151.SI,300765.SZ
801103.SI,True,2024-04-27,True,False,False,True,2022-2025,2025-04-17,"[""financial_bad""]",2025-04-16,801103.SI,300895.SZ
801101.SI,True,2024-04-30,True,False,False,True,2022-2025,2025-04-18,"[""financial_bad""]",2025-04-17,801101.SI,000066.SZ
801179.SI,False,2024-04-17,False,False,False,False,2022-2025,2025-04-18,"[""membership_missing""]",2025-04-17,,000886.SZ
801151.SI,True,2024-04-30,True,False,False,True,2022-2025,2025-04-18,"[""financial_bad""]",2025-04-17,801151.SI,002693.SZ
801104.SI,True,2025-04-16,True,False,False,True,2022-2025,2025-04-18,"[""financial_bad""]",2025-04-17,801104.SI,300085.SZ
801103.SI,True,2024-04-24,True,False,False,True,2022-2025,2025-04-18,"[""financial_bad""]",2025-04-17,801103.SI,300170.SZ
801151.SI,True,2024-04-29,True,False,False,True,2022-2025,2025-04-18,"[""financial_bad""]",2025-04-17,801151.SI,300255.SZ
801745.SI,True,2024-04-30,True,False,False,True,2022-2025,2025-04-18,"[""financial_bad""]",2025-04-17,801745.SI,300762.SZ
801151.SI,True,2025-03-21,True,False,False,True,2022-2025,2025-04-18,"[""financial_bad""]",2025-04-17,801151.SI,300765.SZ
801103.SI,True,2024-04-27,True,False,False,True,2022-2025,2025-04-18,"[""financial_bad""]",2025-04-17,801103.SI,300895.SZ
801101.SI,True,2024-04-30,True,False,False,True,2022-2025,2025-04-21,"[""financial_bad""]",2025-04-18,801101.SI,000066.SZ
801053.SI,True,2024-11-27,False,False,True,True,2022-2025,2025-04-21,"[""st""]",2025-04-18,801053.SI,000506.SZ
801179.SI,False,2024-04-17,False,False,False,False,2022-2025,2025-04-21,"[""membership_missing""]",2025-04-18,,000886.SZ
801072.SI,True,2024-04-30,True,False,False,True,2022-2025,2025-04-21,"[""financial_bad""]",2025-04-18,801072.SI,002272.SZ
801104.SI,True,2025-04-16,True,False,False,True,2022-2025,2025-04-21,"[""financial_bad""]",2025-04-18,801104.SI,300085.SZ
801103.SI,True,2024-04-24,True,False,False,True,2022-2025,2025-04-21,"[""financial_bad""]",2025-04-18,801103.SI,300170.SZ
801738.SI,True,2024-04-20,True,False,False,True,2022-2025,2025-04-21,"[""financial_bad""]",2025-04-18,801738.SI,300222.SZ
801151.SI,True,2024-04-29,True,False,False,True,2022-2025,2025-04-21,"[""financial_bad""]",2025-04-18,801151.SI,300255.SZ
801745.SI,True,2024-04-30,True,False,False,True,2022-2025,2025-04-21,"[""financial_bad""]",2025-04-18,801745.SI,300762.SZ
801151.SI,True,2025-03-21,True,False,False,True,2022-2025,2025-04-21,"[""financial_bad""]",2025-04-18,801151.SI,300765.SZ
801181.SI,False,2025-03-22,True,False,False,True,2022-2025,2025-04-22,"[""financial_bad""]",2025-04-21,801181.SI,000029.SZ
801101.SI,True,2024-04-30,True,False,False,True,2022-2025,2025-04-22,"[""financial_bad""]",2025-04-21,801101.SI,000066.SZ
801053.SI,True,2024-11-27,False,False,True,True,2022-2025,2025-04-22,"[""st""]",2025-04-21,801053.SI,000506.SZ
801179.SI,False,2024-04-17,False,False,False,False,2022-2025,2025-04-22,"[""membership_missing""]",2025-04-21,,000886.SZ
801072.SI,True,2024-04-30,True,False,False,True,2022-2025,2025-04-22,"[""financial_bad""]",2025-04-21,801072.SI,002272.SZ
801151.SI,True,2024-04-30,True,False,False,True,2022-2025,2025-04-22,"[""financial_bad""]",2025-04-21,801151.SI,002693.SZ
801104.SI,True,2025-04-16,True,False,False,True,2022-2025,2025-04-22,"[""financial_bad""]",2025-04-21,801104.SI,300085.SZ
801151.SI,True,2024-04-29,True,False,False,True,2022-2025,2025-04-22,"[""financial_bad""]",2025-04-21,801151.SI,300255.SZ
801745.SI,True,2024-04-30,True,False,False,True,2022-2025,2025-04-22,"[""financial_bad""]",2025-04-21,801745.SI,300762.SZ
801151.SI,True,2025-03-21,True,False,False,True,2022-2025,2025-04-22,"[""financial_bad""]",2025-04-21,801151.SI,300765.SZ
801103.SI,True,2024-04-27,True,False,False,True,2022-2025,2025-04-22,"[""financial_bad""]",2025-04-21,801103.SI,300895.SZ
801181.SI,True,2025-03-22,True,False,False,True,2022-2025,2025-04-23,"[""financial_bad""]",2025-04-22,801181.SI,000029.SZ
801101.SI,True,2024-04-30,True,False,False,True,2022-2025,2025-04-23,"[""financial_bad""]",2025-04-22,801101.SI,000066.SZ
801053.SI,True,2024-11-27,False,False,True,True,2022-2025,2025-04-23,"[""st""]",2025-04-22,801053.SI,000506.SZ
801179.SI,False,2024-04-17,False,False,False,False,2022-2025,2025-04-23,"[""membership_missing""]",2025-04-22,,000886.SZ
801072.SI,True,2024-04-30,True,False,False,True,2022-2025,2025-04-23,"[""financial_bad""]",2025-04-22,801072.SI,002272.SZ
801151.SI,True,2024-04-30,True,False,False,True,2022-2025,2025-04-23,"[""financial_bad""]",2025-04-22,801151.SI,002693.SZ
801104.SI,True,2025-04-16,True,False,False,True,2022-2025,2025-04-23,"[""financial_bad""]",2025-04-22,801104.SI,300085.SZ
801151.SI,True,2024-04-29,True,False,False,True,2022-2025,2025-04-23,"[""financial_bad""]",2025-04-22,801151.SI,300255.SZ
801745.SI,True,2024-04-30,True,False,False,True,2022-2025,2025-04-23,"[""financial_bad""]",2025-04-22,801745.SI,300762.SZ
801181.SI,True,2025-03-22,True,False,False,True,2022-2025,2025-04-24,"[""financial_bad""]",2025-04-23,801181.SI,000029.SZ
801101.SI,True,2024-04-30,True,False,False,True,2022-2025,2025-04-24,"[""financial_bad""]",2025-04-23,801101.SI,000066.SZ
801053.SI,True,2024-11-27,False,False,True,True,2022-2025,2025-04-24,"[""st""]",2025-04-23,801053.SI,000506.SZ
801179.SI,False,2024-04-17,False,False,False,False,2022-2025,2025-04-24,"[""membership_missing""]",2025-04-23,,000886.SZ
801072.SI,True,2024-04-30,True,False,False,True,2022-2025,2025-04-24,"[""financial_bad""]",2025-04-23,801072.SI,002272.SZ
801104.SI,True,2025-04-16,True,False,False,True,2022-2025,2025-04-24,"[""financial_bad""]",2025-04-23,801104.SI,300085.SZ
801151.SI,True,2024-04-29,True,False,False,True,2022-2025,2025-04-24,"[""financial_bad""]",2025-04-23,801151.SI,300255.SZ
801745.SI,True,2024-04-30,True,False,False,True,2022-2025,2025-04-24,"[""financial_bad""]",2025-04-23,801745.SI,300762.SZ
801103.SI,True,2025-04-23,True,False,False,True,2022-2025,2025-04-24,"[""financial_bad""]",2025-04-23,801103.SI,300895.SZ
801181.SI,True,2025-03-22,True,False,False,True,2022-2025,2025-04-25,"[""financial_bad""]",2025-04-24,801181.SI,000029.SZ
801053.SI,True,2024-11-27,False,False,True,True,2022-2025,2025-04-25,"[""st""]",2025-04-24,801053.SI,000506.SZ
801743.SI,False,2025-04-24,True,False,False,True,2022-2025,2025-04-25,"[""financial_bad""]",2025-04-24,801743.SI,000519.SZ
801179.SI,False,2024-04-17,False,False,False,False,2022-2025,2025-04-25,"[""membership_missing""]",2025-04-24,,000886.SZ
801072.SI,True,2024-04-30,True,False,False,True,2022-2025,2025-04-25,"[""financial_bad""]",2025-04-24,801072.SI,002272.SZ
801104.SI,True,2025-04-16,True,False,False,True,2022-2025,2025-04-25,"[""financial_bad""]",2025-04-24,801104.SI,300085.SZ
801151.SI,True,2024-04-29,True,False,False,True,2022-2025,2025-04-25,"[""financial_bad""]",2025-04-24,801151.SI,300255.SZ
801072.SI,True,2025-04-21,True,False,False,True,2022-2025,2025-04-25,"[""financial_bad""]",2025-04-24,801072.SI,300466.SZ
801745.SI,True,2024-04-30,True,False,False,True,2022-2025,2025-04-25,"[""financial_bad""]",2025-04-24,801745.SI,300762.SZ
801181.SI,True,2025-03-22,True,False,False,True,2022-2025,2025-04-28,"[""financial_bad""]",2025-04-25,801181.SI,000029.SZ
801053.SI,True,2024-11-27,False,False,True,True,2022-2025,2025-04-28,"[""st""]",2025-04-25,801053.SI,000506.SZ
801743.SI,False,2025-04-24,True,False,False,True,2022-2025,2025-04-28,"[""financial_bad""]",2025-04-25,801743.SI,000519.SZ
801179.SI,False,2024-04-17,False,False,False,False,2022-2025,2025-04-28,"[""membership_missing""]",2025-04-25,,000886.SZ
801072.SI,True,2024-04-30,True,False,False,True,2022-2025,2025-04-28,"[""financial_bad""]",2025-04-25,801072.SI,002272.SZ
801104.SI,True,2025-04-16,True,False,False,True,2022-2025,2025-04-28,"[""financial_bad""]",2025-04-25,801104.SI,300085.SZ
801151.SI,True,2024-04-29,True,False,False,True,2022-2025,2025-04-28,"[""financial_bad""]",2025-04-25,801151.SI,300255.SZ
801072.SI,True,2025-04-21,True,False,False,True,2022-2025,2025-04-28,"[""financial_bad""]",2025-04-25,801072.SI,300466.SZ
801151.SI,True,2025-04-25,True,False,False,True,2022-2025,2025-04-28,"[""financial_bad""]",2025-04-25,801151.SI,300723.SZ
801745.SI,True,2024-04-30,True,False,False,True,2022-2025,2025-04-28,"[""financial_bad""]",2025-04-25,801745.SI,300762.SZ
801151.SI,True,2025-03-21,True,False,False,True,2022-2025,2025-04-28,"[""financial_bad""]",2025-04-25,801151.SI,300765.SZ
801103.SI,True,2025-04-23,True,False,False,True,2022-2025,2025-04-28,"[""financial_bad""]",2025-04-25,801103.SI,300895.SZ
801181.SI,True,2025-03-22,True,False,False,True,2022-2025,2025-04-29,"[""financial_bad""]",2025-04-28,801181.SI,000029.SZ
801743.SI,False,2025-04-24,True,False,False,True,2022-2025,2025-04-29,"[""financial_bad""]",2025-04-28,801743.SI,000519.SZ
801179.SI,False,2024-04-17,False,False,False,False,2022-2025,2025-04-29,"[""membership_missing""]",2025-04-28,,000886.SZ
801072.SI,True,2025-04-26,True,False,False,True,2022-2025,2025-04-29,"[""financial_bad""]",2025-04-28,801072.SI,002272.SZ
801128.SI,True,2025-04-24,True,False,False,True,2022-2025,2025-04-29,"[""financial_bad""]",2025-04-28,801128.SI,002582.SZ
801104.SI,True,2025-04-16,True,False,False,True,2022-2025,2025-04-29,"[""financial_bad""]",2025-04-28,801104.SI,300085.SZ
801151.SI,True,2024-04-29,True,False,False,True,2022-2025,2025-04-29,"[""financial_bad""]",2025-04-28,801151.SI,300255.SZ
801072.SI,True,2025-04-21,True,False,False,True,2022-2025,2025-04-29,"[""financial_bad""]",2025-04-28,801072.SI,300466.SZ
801151.SI,True,2025-04-25,True,False,False,True,2022-2025,2025-04-29,"[""financial_bad""]",2025-04-28,801151.SI,300723.SZ
801745.SI,True,2024-04-30,True,False,False,True,2022-2025,2025-04-29,"[""financial_bad""]",2025-04-28,801745.SI,300762.SZ
801151.SI,True,2025-03-21,True,False,False,True,2022-2025,2025-04-29,"[""financial_bad""]",2025-04-28,801151.SI,300765.SZ
801103.SI,True,2025-04-23,True,False,False,True,2022-2025,2025-04-29,"[""financial_bad""]",2025-04-28,801103.SI,300895.SZ
801181.SI,True,2025-03-22,True,False,False,True,2022-2025,2025-04-30,"[""financial_bad""]",2025-04-29,801181.SI,000029.SZ
801053.SI,True,2025-04-29,False,False,True,True,2022-2025,2025-04-30,"[""st""]",2025-04-29,801053.SI,000506.SZ
801743.SI,False,2025-04-24,True,False,False,True,2022-2025,2025-04-30,"[""financial_bad""]",2025-04-29,801743.SI,000519.SZ
801179.SI,False,2025-04-29,False,False,False,False,2022-2025,2025-04-30,"[""membership_missing""]",2025-04-29,,000886.SZ
801072.SI,True,2025-04-26,True,False,False,True,2022-2025,2025-04-30,"[""financial_bad""]",2025-04-29,801072.SI,002272.SZ
801764.SI,False,2025-04-26,True,False,False,True,2022-2025,2025-04-30,"[""financial_bad""]",2025-04-29,801764.SI,002624.SZ
801129.SI,True,2025-04-29,True,False,True,True,2022-2025,2025-04-30,"[""st"",""financial_bad""]",2025-04-29,801129.SI,002650.SZ
801104.SI,True,2025-04-16,True,False,False,True,2022-2025,2025-04-30,"[""financial_bad""]",2025-04-29,801104.SI,300085.SZ
801151.SI,True,2025-04-29,True,False,False,True,2022-2025,2025-04-30,"[""financial_bad""]",2025-04-29,801151.SI,300255.SZ
801072.SI,True,2025-04-21,True,False,False,True,2022-2025,2025-04-30,"[""financial_bad""]",2025-04-29,801072.SI,300466.SZ
801151.SI,True,2025-04-25,True,False,False,True,2022-2025,2025-04-30,"[""financial_bad""]",2025-04-29,801151.SI,300723.SZ
801151.SI,True,2025-03-21,True,False,False,True,2022-2025,2025-04-30,"[""financial_bad""]",2025-04-29,801151.SI,300765.SZ
801103.SI,True,2025-04-23,True,False,False,True,2022-2025,2025-04-30,"[""financial_bad""]",2025-04-29,801103.SI,300895.SZ
801181.SI,True,2025-03-22,True,False,False,True,2022-2025,2025-05-06,"[""financial_bad""]",2025-04-30,801181.SI,000029.SZ
801053.SI,True,2025-04-29,False,False,True,True,2022-2025,2025-05-06,"[""st""]",2025-04-30,801053.SI,000506.SZ
801743.SI,False,2025-04-24,True,False,False,True,2022-2025,2025-05-06,"[""financial_bad""]",2025-04-30,801743.SI,000519.SZ
801179.SI,False,2025-04-29,False,False,False,False,2022-2025,2025-05-06,"[""membership_missing""]",2025-04-30,,000886.SZ
801129.SI,True,2025-04-29,True,False,True,True,2022-2025,2025-05-06,"[""st"",""financial_bad""]",2025-04-30,801129.SI,002650.SZ
801104.SI,True,2025-04-16,True,False,False,True,2022-2025,2025-05-06,"[""financial_bad""]",2025-04-30,801104.SI,300085.SZ
801151.SI,True,2025-04-29,True,False,False,True,2022-2025,2025-05-06,"[""financial_bad""]",2025-04-30,801151.SI,300255.SZ
801072.SI,True,2025-04-21,True,False,False,True,2022-2025,2025-05-06,"[""financial_bad""]",2025-04-30,801072.SI,300466.SZ
801151.SI,True,2025-04-25,True,False,False,True,2022-2025,2025-05-06,"[""financial_bad""]",2025-04-30,801151.SI,300723.SZ
801151.SI,True,2025-03-21,True,False,False,True,2022-2025,2025-05-06,"[""financial_bad""]",2025-04-30,801151.SI,300765.SZ
801103.SI,True,2025-04-23,True,False,False,True,2022-2025,2025-05-06,"[""financial_bad""]",2025-04-30,801103.SI,300895.SZ
801161.SI,True,2025-04-24,True,False,False,True,2022-2025,2025-05-06,"[""financial_bad""]",2025-04-30,801161.SI,600744.SH
801181.SI,True,2025-03-22,True,False,False,True,2022-2025,2025-05-07,"[""financial_bad""]",2025-05-06,801181.SI,000029.SZ
801053.SI,True,2025-04-29,False,False,True,True,2022-2025,2025-05-07,"[""st""]",2025-05-06,801053.SI,000506.SZ
801743.SI,False,2025-04-24,True,False,False,True,2022-2025,2025-05-07,"[""financial_bad""]",2025-05-06,801743.SI,000519.SZ
801179.SI,False,2025-04-29,False,False,False,False,2022-2025,2025-05-07,"[""membership_missing""]",2025-05-06,,000886.SZ
801129.SI,True,2025-04-29,True,False,True,True,2022-2025,2025-05-07,"[""st"",""financial_bad""]",2025-05-06,801129.SI,002650.SZ
801223.SI,True,2025-04-26,True,False,False,True,2022-2025,2025-05-07,"[""financial_bad""]",2025-05-06,801081.SI,300053.SZ
801072.SI,True,2025-04-21,True,False,False,True,2022-2025,2025-05-07,"[""financial_bad""]",2025-05-06,801072.SI,300466.SZ
801151.SI,True,2025-04-25,True,False,False,True,2022-2025,2025-05-07,"[""financial_bad""]",2025-05-06,801151.SI,300723.SZ
801151.SI,True,2025-03-21,True,False,False,True,2022-2025,2025-05-07,"[""financial_bad""]",2025-05-06,801151.SI,300765.SZ
801103.SI,True,2025-04-23,True,False,False,True,2022-2025,2025-05-07,"[""financial_bad""]",2025-05-06,801103.SI,300895.SZ
801161.SI,True,2025-04-24,True,False,False,True,2022-2025,2025-05-07,"[""financial_bad""]",2025-05-06,801161.SI,600744.SH
801181.SI,True,2025-03-22,True,False,False,True,2022-2025,2025-05-08,"[""financial_bad""]",2025-05-07,801181.SI,000029.SZ
801053.SI,True,2025-04-29,False,False,True,True,2022-2025,2025-05-08,"[""st""]",2025-05-07,801053.SI,000506.SZ
801179.SI,False,2025-04-29,False,False,False,False,2022-2025,2025-05-08,"[""membership_missing""]",2025-05-07,,000886.SZ
801141.SI,True,2025-04-25,True,False,False,True,2022-2025,2025-05-08,"[""financial_bad""]",2025-05-07,801141.SI,002229.SZ
801764.SI,False,2025-04-26,True,False,False,True,2022-2025,2025-05-08,"[""financial_bad""]",2025-05-07,801764.SI,002624.SZ
801223.SI,True,2025-04-26,True,False,False,True,2022-2025,2025-05-08,"[""financial_bad""]",2025-05-07,801081.SI,300053.SZ
801104.SI,True,2025-04-16,True,False,False,True,2022-2025,2025-05-08,"[""financial_bad""]",2025-05-07,801104.SI,300085.SZ
801151.SI,True,2025-04-25,True,False,False,True,2022-2025,2025-05-08,"[""financial_bad""]",2025-05-07,801151.SI,300723.SZ
801151.SI,True,2025-03-21,True,False,False,True,2022-2025,2025-05-08,"[""financial_bad""]",2025-05-07,801151.SI,300765.SZ
801103.SI,True,2025-04-23,True,False,False,True,2022-2025,2025-05-08,"[""financial_bad""]",2025-05-07,801103.SI,300895.SZ
801181.SI,True,2025-03-22,True,False,False,True,2022-2025,2025-05-09,"[""financial_bad""]",2025-05-08,801181.SI,000029.SZ
801053.SI,True,2025-04-29,False,False,True,True,2022-2025,2025-05-09,"[""st""]",2025-05-08,801053.SI,000506.SZ
801179.SI,False,2025-04-29,False,False,False,False,2022-2025,2025-05-09,"[""membership_missing""]",2025-05-08,,000886.SZ
801141.SI,True,2025-04-23,True,False,False,True,2022-2025,2025-05-09,"[""financial_bad""]",2025-05-08,801141.SI,002599.SZ
801764.SI,False,2025-04-26,True,False,False,True,2022-2025,2025-05-09,"[""financial_bad""]",2025-05-08,801764.SI,002624.SZ
801223.SI,True,2025-04-26,True,False,False,True,2022-2025,2025-05-09,"[""financial_bad""]",2025-05-08,801081.SI,300053.SZ
801104.SI,True,2025-04-16,True,False,False,True,2022-2025,2025-05-09,"[""financial_bad""]",2025-05-08,801104.SI,300085.SZ
801072.SI,True,2025-04-21,True,False,False,True,2022-2025,2025-05-09,"[""financial_bad""]",2025-05-08,801072.SI,300466.SZ
801151.SI,True,2025-04-25,True,False,False,True,2022-2025,2025-05-09,"[""financial_bad""]",2025-05-08,801151.SI,300723.SZ
801151.SI,True,2025-03-21,True,False,False,True,2022-2025,2025-05-09,"[""financial_bad""]",2025-05-08,801151.SI,300765.SZ
801103.SI,True,2025-04-23,True,False,False,True,2022-2025,2025-05-09,"[""financial_bad""]",2025-05-08,801103.SI,300895.SZ
801181.SI,True,2025-03-22,True,False,False,True,2022-2025,2025-05-12,"[""financial_bad""]",2025-05-09,801181.SI,000029.SZ
801743.SI,True,2025-04-24,True,False,False,True,2022-2025,2025-05-12,"[""financial_bad""]",2025-05-09,801743.SI,000519.SZ
801179.SI,False,2025-04-29,False,False,False,False,2022-2025,2025-05-12,"[""membership_missing""]",2025-05-09,,000886.SZ
801764.SI,False,2025-04-26,True,False,False,True,2022-2025,2025-05-12,"[""financial_bad""]",2025-05-09,801764.SI,002624.SZ
801223.SI,True,2025-04-26,True,False,False,True,2022-2025,2025-05-12,"[""financial_bad""]",2025-05-09,801081.SI,300053.SZ
801104.SI,True,2025-04-16,True,False,False,True,2022-2025,2025-05-12,"[""financial_bad""]",2025-05-09,801104.SI,300085.SZ
801072.SI,True,2025-04-21,True,False,False,True,2022-2025,2025-05-12,"[""financial_bad""]",2025-05-09,801072.SI,300466.SZ
801151.SI,True,2025-04-25,True,False,False,True,2022-2025,2025-05-12,"[""financial_bad""]",2025-05-09,801151.SI,300723.SZ
801151.SI,True,2025-03-21,True,False,False,True,2022-2025,2025-05-12,"[""financial_bad""]",2025-05-09,801151.SI,300765.SZ
801103.SI,True,2025-04-23,True,False,False,True,2022-2025,2025-05-12,"[""financial_bad""]",2025-05-09,801103.SI,300895.SZ
801181.SI,True,2025-03-22,True,False,False,True,2022-2025,2025-05-13,"[""financial_bad""]",2025-05-12,801181.SI,000029.SZ
801053.SI,True,2025-04-29,False,False,True,True,2022-2025,2025-05-13,"[""st""]",2025-05-12,801053.SI,000506.SZ
801179.SI,False,2025-04-29,False,False,False,False,2022-2025,2025-05-13,"[""membership_missing""]",2025-05-12,,000886.SZ
801764.SI,False,2025-04-26,True,False,False,True,2022-2025,2025-05-13,"[""financial_bad""]",2025-05-12,801764.SI,002624.SZ
801223.SI,True,2025-04-26,True,False,False,True,2022-2025,2025-05-13,"[""financial_bad""]",2025-05-12,801081.SI,300053.SZ
801072.SI,True,2025-04-21,True,False,False,True,2022-2025,2025-05-13,"[""financial_bad""]",2025-05-12,801072.SI,300466.SZ
801151.SI,True,2025-04-25,True,False,False,True,2022-2025,2025-05-13,"[""financial_bad""]",2025-05-12,801151.SI,300723.SZ
801151.SI,True,2025-03-21,True,False,False,True,2022-2025,2025-05-13,"[""financial_bad""]",2025-05-12,801151.SI,300765.SZ
801103.SI,True,2025-04-23,True,False,False,True,2022-2025,2025-05-13,"[""financial_bad""]",2025-05-12,801103.SI,300895.SZ
801181.SI,True,2025-03-22,True,False,False,True,2022-2025,2025-05-14,"[""financial_bad""]",2025-05-13,801181.SI,000029.SZ
801743.SI,True,2025-04-24,True,False,False,True,2022-2025,2025-05-14,"[""financial_bad""]",2025-05-13,801743.SI,000519.SZ
801179.SI,False,2025-04-29,False,False,False,False,2022-2025,2025-05-14,"[""membership_missing""]",2025-05-13,,000886.SZ
801764.SI,False,2025-04-26,True,False,False,True,2022-2025,2025-05-14,"[""financial_bad""]",2025-05-13,801764.SI,002624.SZ
801223.SI,True,2025-04-26,True,False,False,True,2022-2025,2025-05-14,"[""financial_bad""]",2025-05-13,801081.SI,300053.SZ
801072.SI,True,2025-04-21,True,False,False,True,2022-2025,2025-05-14,"[""financial_bad""]",2025-05-13,801072.SI,300466.SZ
801742.SI,True,2025-04-29,True,False,False,True,2022-2025,2025-05-14,"[""financial_bad""]",2025-05-13,801742.SI,300581.SZ
801151.SI,True,2025-04-25,True,False,False,True,2022-2025,2025-05-14,"[""financial_bad""]",2025-05-13,801151.SI,300723.SZ
801151.SI,True,2025-03-21,True,False,False,True,2022-2025,2025-05-14,"[""financial_bad""]",2025-05-13,801151.SI,300765.SZ
801103.SI,True,2025-04-23,True,False,False,True,2022-2025,2025-05-14,"[""financial_bad""]",2025-05-13,801103.SI,300895.SZ
801181.SI,True,2025-03-22,True,False,False,True,2022-2025,2025-05-15,"[""financial_bad""]",2025-05-14,801181.SI,000029.SZ
801743.SI,True,2025-04-24,True,False,False,True,2022-2025,2025-05-15,"[""financial_bad""]",2025-05-14,801743.SI,000519.SZ
801179.SI,False,2025-04-29,False,False,False,False,2022-2025,2025-05-15,"[""membership_missing""]",2025-05-14,,000886.SZ
801738.SI,True,2025-04-15,True,False,False,True,2022-2025,2025-05-15,"[""financial_bad""]",2025-05-14,801738.SI,002471.SZ
801764.SI,False,2025-04-26,True,False,False,True,2022-2025,2025-05-15,"[""financial_bad""]",2025-05-14,801764.SI,002624.SZ
801223.SI,True,2025-04-26,True,False,False,True,2022-2025,2025-05-15,"[""financial_bad""]",2025-05-14,801081.SI,300053.SZ
801151.SI,True,2025-04-25,True,False,False,True,2022-2025,2025-05-15,"[""financial_bad""]",2025-05-14,801151.SI,300723.SZ
801151.SI,True,2025-03-21,True,False,False,True,2022-2025,2025-05-15,"[""financial_bad""]",2025-05-14,801151.SI,300765.SZ
801103.SI,True,2025-04-23,True,False,False,True,2022-2025,2025-05-15,"[""financial_bad""]",2025-05-14,801103.SI,300895.SZ
801181.SI,True,2025-03-22,True,False,False,True,2022-2025,2025-05-16,"[""financial_bad""]",2025-05-15,801181.SI,000029.SZ
801743.SI,True,2025-04-24,True,False,False,True,2022-2025,2025-05-16,"[""financial_bad""]",2025-05-15,801743.SI,000519.SZ
801179.SI,False,2025-04-29,False,False,False,False,2022-2025,2025-05-16,"[""membership_missing""]",2025-05-15,,000886.SZ
801032.SI,True,2025-04-28,True,False,False,True,2022-2025,2025-05-16,"[""financial_bad""]",2025-05-15,801032.SI,002427.SZ
801206.SI,False,2025-03-29,True,False,False,True,2022-2025,2025-05-16,"[""financial_bad""]",2025-05-15,801206.SI,002640.SZ
801223.SI,True,2025-04-26,True,False,False,True,2022-2025,2025-05-16,"[""financial_bad""]",2025-05-15,801081.SI,300053.SZ
801742.SI,True,2025-04-29,True,False,False,True,2022-2025,2025-05-16,"[""financial_bad""]",2025-05-15,801742.SI,300581.SZ
801151.SI,True,2025-04-25,True,False,False,True,2022-2025,2025-05-16,"[""financial_bad""]",2025-05-15,801151.SI,300723.SZ
801151.SI,True,2025-03-21,True,False,False,True,2022-2025,2025-05-16,"[""financial_bad""]",2025-05-15,801151.SI,300765.SZ
801103.SI,True,2025-04-23,True,False,False,True,2022-2025,2025-05-16,"[""financial_bad""]",2025-05-15,801103.SI,300895.SZ
801103.SI,True,2025-04-24,True,False,False,True,2022-2025,2025-05-16,"[""financial_bad""]",2025-05-15,801103.SI,301396.SZ
801181.SI,True,2025-03-22,True,False,False,True,2022-2025,2025-05-19,"[""financial_bad""]",2025-05-16,801181.SI,000029.SZ
801743.SI,True,2025-04-24,True,False,False,True,2022-2025,2025-05-19,"[""financial_bad""]",2025-05-16,801743.SI,000519.SZ
801179.SI,False,2025-04-29,False,False,False,False,2022-2025,2025-05-19,"[""membership_missing""]",2025-05-16,,000886.SZ
801032.SI,True,2025-04-28,True,False,False,True,2022-2025,2025-05-19,"[""financial_bad""]",2025-05-16,801032.SI,002427.SZ
801738.SI,True,2025-04-15,True,False,False,True,2022-2025,2025-05-19,"[""financial_bad""]",2025-05-16,801738.SI,002471.SZ
801141.SI,True,2025-04-23,True,False,False,True,2022-2025,2025-05-19,"[""financial_bad""]",2025-05-16,801141.SI,002599.SZ
801206.SI,False,2025-03-29,True,False,False,True,2022-2025,2025-05-19,"[""financial_bad""]",2025-05-16,801206.SI,002640.SZ
801223.SI,True,2025-04-26,True,False,False,True,2022-2025,2025-05-19,"[""financial_bad""]",2025-05-16,801081.SI,300053.SZ
801742.SI,True,2025-04-29,True,False,False,True,2022-2025,2025-05-19,"[""financial_bad""]",2025-05-16,801742.SI,300581.SZ
801151.SI,True,2025-04-25,True,False,False,True,2022-2025,2025-05-19,"[""financial_bad""]",2025-05-16,801151.SI,300723.SZ
801151.SI,True,2025-03-21,True,False,False,True,2022-2025,2025-05-19,"[""financial_bad""]",2025-05-16,801151.SI,300765.SZ
801103.SI,True,2025-04-23,True,False,False,True,2022-2025,2025-05-19,"[""financial_bad""]",2025-05-16,801103.SI,300895.SZ
801181.SI,True,2025-03-22,True,False,False,True,2022-2025,2025-05-20,"[""financial_bad""]",2025-05-19,801181.SI,000029.SZ
801743.SI,True,2025-04-24,True,False,False,True,2022-2025,2025-05-20,"[""financial_bad""]",2025-05-19,801743.SI,000519.SZ
801179.SI,False,2025-04-29,False,False,False,False,2022-2025,2025-05-20,"[""membership_missing""]",2025-05-19,,000886.SZ
801206.SI,False,2025-03-29,True,False,False,True,2022-2025,2025-05-20,"[""financial_bad""]",2025-05-19,801206.SI,002640.SZ
801072.SI,True,2025-04-28,True,False,False,True,2022-2025,2025-05-20,"[""financial_bad""]",2025-05-19,801072.SI,002819.SZ
801223.SI,True,2025-04-26,True,False,False,True,2022-2025,2025-05-20,"[""financial_bad""]",2025-05-19,801081.SI,300053.SZ
801151.SI,True,2025-04-25,True,False,False,True,2022-2025,2025-05-20,"[""financial_bad""]",2025-05-19,801151.SI,300723.SZ
801151.SI,True,2025-03-21,True,False,False,True,2022-2025,2025-05-20,"[""financial_bad""]",2025-05-19,801151.SI,300765.SZ
801103.SI,True,2025-04-23,True,False,False,True,2022-2025,2025-05-20,"[""financial_bad""]",2025-05-19,801103.SI,300895.SZ
801181.SI,True,2025-03-22,True,False,False,True,2022-2025,2025-05-21,"[""financial_bad""]",2025-05-20,801181.SI,000029.SZ
801743.SI,True,2025-04-24,True,False,False,True,2022-2025,2025-05-21,"[""financial_bad""]",2025-05-20,801743.SI,000519.SZ
801179.SI,False,2025-04-29,False,False,False,False,2022-2025,2025-05-21,"[""membership_missing""]",2025-05-20,,000886.SZ
801032.SI,True,2025-04-28,True,False,False,True,2022-2025,2025-05-21,"[""financial_bad""]",2025-05-20,801032.SI,002427.SZ
801738.SI,True,2025-04-15,True,False,False,True,2022-2025,2025-05-21,"[""financial_bad""]",2025-05-20,801738.SI,002471.SZ
801223.SI,True,2025-04-26,True,False,False,True,2022-2025,2025-05-21,"[""financial_bad""]",2025-05-20,801081.SI,300053.SZ
801072.SI,True,2025-04-21,True,False,False,True,2022-2025,2025-05-21,"[""financial_bad""]",2025-05-20,801072.SI,300466.SZ
801103.SI,True,2025-04-23,True,False,False,True,2022-2025,2025-05-21,"[""financial_bad""]",2025-05-20,801103.SI,300895.SZ
801181.SI,True,2025-03-22,True,False,False,True,2022-2025,2025-05-22,"[""financial_bad""]",2025-05-21,801181.SI,000029.SZ
801743.SI,True,2025-04-24,True,False,False,True,2022-2025,2025-05-22,"[""financial_bad""]",2025-05-21,801743.SI,000519.SZ
801179.SI,False,2025-04-29,False,False,False,False,2022-2025,2025-05-22,"[""membership_missing""]",2025-05-21,,000886.SZ
801032.SI,True,2025-04-28,True,False,False,True,2022-2025,2025-05-22,"[""financial_bad""]",2025-05-21,801032.SI,002427.SZ
801738.SI,True,2025-04-15,True,False,False,True,2022-2025,2025-05-22,"[""financial_bad""]",2025-05-21,801738.SI,002471.SZ
801223.SI,True,2025-04-26,True,False,False,True,2022-2025,2025-05-22,"[""financial_bad""]",2025-05-21,801081.SI,300053.SZ
801016.SI,True,2025-04-28,True,False,False,True,2022-2025,2025-05-22,"[""financial_bad""]",2025-05-21,801016.SI,300511.SZ
801074.SI,True,2025-04-26,True,False,False,True,2022-2025,2025-05-22,"[""financial_bad""]",2025-05-21,801074.SI,920284.BJ
801743.SI,True,2025-04-24,True,False,False,True,2022-2025,2025-05-23,"[""financial_bad""]",2025-05-22,801743.SI,000519.SZ
801179.SI,False,2025-04-29,False,False,False,False,2022-2025,2025-05-23,"[""membership_missing""]",2025-05-22,,000886.SZ
801738.SI,True,2025-04-15,True,False,False,True,2022-2025,2025-05-23,"[""financial_bad""]",2025-05-22,801738.SI,002471.SZ
801141.SI,True,2025-04-23,True,False,False,True,2022-2025,2025-05-23,"[""financial_bad""]",2025-05-22,801141.SI,002599.SZ
801764.SI,False,2025-04-29,False,False,True,True,2022-2025,2025-05-23,"[""st""]",2025-05-22,801764.SI,002602.SZ
801223.SI,True,2025-04-26,True,False,False,True,2022-2025,2025-05-23,"[""financial_bad""]",2025-05-22,801081.SI,300053.SZ
801016.SI,True,2025-04-28,True,False,False,True,2022-2025,2025-05-23,"[""financial_bad""]",2025-05-22,801016.SI,300511.SZ
801743.SI,True,2025-04-24,True,False,False,True,2022-2025,2025-05-26,"[""financial_bad""]",2025-05-23,801743.SI,000519.SZ
801179.SI,False,2025-04-29,False,False,False,False,2022-2025,2025-05-26,"[""membership_missing""]",2025-05-23,,000886.SZ
801034.SI,True,2025-04-24,True,False,False,True,2022-2025,2025-05-26,"[""financial_bad""]",2025-05-23,801034.SI,002246.SZ
801032.SI,True,2025-04-28,True,False,False,True,2022-2025,2025-05-26,"[""financial_bad""]",2025-05-23,801032.SI,002427.SZ
801764.SI,False,2025-04-29,False,False,True,True,2022-2025,2025-05-26,"[""st""]",2025-05-23,801764.SI,002602.SZ
801016.SI,True,2025-04-28,True,False,False,True,2022-2025,2025-05-26,"[""financial_bad""]",2025-05-23,801016.SI,300511.SZ
801161.SI,True,2025-04-24,True,False,False,True,2022-2025,2025-05-26,"[""financial_bad""]",2025-05-23,801161.SI,600744.SH
801743.SI,True,2025-04-24,True,False,False,True,2022-2025,2025-05-27,"[""financial_bad""]",2025-05-26,801743.SI,000519.SZ
801179.SI,False,2025-04-29,False,False,False,False,2022-2025,2025-05-27,"[""membership_missing""]",2025-05-26,,000886.SZ
801034.SI,True,2025-04-24,True,False,False,True,2022-2025,2025-05-27,"[""financial_bad""]",2025-05-26,801034.SI,002246.SZ
801032.SI,True,2025-04-28,True,False,False,True,2022-2025,2025-05-27,"[""financial_bad""]",2025-05-26,801032.SI,002427.SZ
801141.SI,True,2025-04-23,True,False,False,True,2022-2025,2025-05-27,"[""financial_bad""]",2025-05-26,801141.SI,002599.SZ
801223.SI,True,2025-04-26,True,False,False,True,2022-2025,2025-05-27,"[""financial_bad""]",2025-05-26,801081.SI,300053.SZ
801016.SI,False,2025-04-28,True,False,False,True,2022-2025,2025-05-27,"[""financial_bad""]",2025-05-26,801016.SI,300511.SZ
801743.SI,True,2025-04-24,True,False,False,True,2022-2025,2025-05-28,"[""financial_bad""]",2025-05-27,801743.SI,000519.SZ
801742.SI,True,2025-04-26,True,False,False,True,2022-2025,2025-05-28,"[""financial_bad""]",2025-05-27,801742.SI,000561.SZ
801179.SI,False,2025-04-29,False,False,False,False,2022-2025,2025-05-28,"[""membership_missing""]",2025-05-27,,000886.SZ
801128.SI,True,2025-04-24,True,False,False,True,2022-2025,2025-05-28,"[""financial_bad""]",2025-05-27,801128.SI,002582.SZ
801141.SI,True,2025-04-23,True,False,False,True,2022-2025,2025-05-28,"[""financial_bad""]",2025-05-27,801141.SI,002599.SZ
801223.SI,True,2025-04-26,True,False,False,True,2022-2025,2025-05-28,"[""financial_bad""]",2025-05-27,801081.SI,300053.SZ
801738.SI,True,2025-04-28,True,False,False,True,2022-2025,2025-05-28,"[""financial_bad""]",2025-05-27,801738.SI,301082.SZ
801743.SI,True,2025-04-24,True,False,False,True,2022-2025,2025-05-29,"[""financial_bad""]",2025-05-28,801743.SI,000519.SZ
801179.SI,False,2025-04-29,False,False,False,False,2022-2025,2025-05-29,"[""membership_missing""]",2025-05-28,,000886.SZ
801141.SI,True,2025-04-25,True,False,False,True,2022-2025,2025-05-29,"[""financial_bad""]",2025-05-28,801141.SI,002229.SZ
801223.SI,True,2025-04-26,True,False,False,True,2022-2025,2025-05-29,"[""financial_bad""]",2025-05-28,801081.SI,300053.SZ
801016.SI,True,2025-04-28,True,False,False,True,2022-2025,2025-05-29,"[""financial_bad""]",2025-05-28,801016.SI,300511.SZ
801161.SI,True,2025-04-24,True,False,False,True,2022-2025,2025-05-29,"[""financial_bad""]",2025-05-28,801161.SI,600744.SH
801053.SI,True,2025-04-29,False,False,True,True,2022-2025,2025-05-30,"[""st""]",2025-05-29,801053.SI,000506.SZ
801743.SI,True,2025-04-24,True,False,False,True,2022-2025,2025-05-30,"[""financial_bad""]",2025-05-29,801743.SI,000519.SZ
801179.SI,False,2025-04-29,False,False,False,False,2022-2025,2025-05-30,"[""membership_missing""]",2025-05-29,,000886.SZ
801141.SI,True,2025-04-25,True,False,False,True,2022-2025,2025-05-30,"[""financial_bad""]",2025-05-29,801141.SI,002229.SZ
801034.SI,True,2025-04-24,True,False,False,True,2022-2025,2025-05-30,"[""financial_bad""]",2025-05-29,801034.SI,002246.SZ
801764.SI,False,2025-04-29,False,False,True,True,2022-2025,2025-05-30,"[""st""]",2025-05-29,801764.SI,002602.SZ
801764.SI,False,2025-04-26,True,False,False,True,2022-2025,2025-05-30,"[""financial_bad""]",2025-05-29,801764.SI,002624.SZ
801223.SI,True,2025-04-26,True,False,False,True,2022-2025,2025-05-30,"[""financial_bad""]",2025-05-29,801081.SI,300053.SZ
801161.SI,True,2025-04-24,True,False,False,True,2022-2025,2025-05-30,"[""financial_bad""]",2025-05-29,801161.SI,600744.SH
801743.SI,True,2025-04-24,True,False,False,True,2022-2025,2025-06-03,"[""financial_bad""]",2025-05-30,801743.SI,000519.SZ
801179.SI,False,2025-04-29,False,False,False,False,2022-2025,2025-06-03,"[""membership_missing""]",2025-05-30,,000886.SZ
801093.SI,True,2025-04-30,True,False,False,True,2022-2025,2025-06-03,"[""financial_bad""]",2025-05-30,801093.SI,000903.SZ
801141.SI,True,2025-04-25,True,False,False,True,2022-2025,2025-06-03,"[""financial_bad""]",2025-05-30,801141.SI,002229.SZ
801032.SI,True,2025-04-28,True,False,False,True,2022-2025,2025-06-03,"[""financial_bad""]",2025-05-30,801032.SI,002427.SZ
801764.SI,False,2025-04-29,False,False,True,True,2022-2025,2025-06-03,"[""st""]",2025-05-30,801764.SI,002602.SZ
801764.SI,False,2025-04-26,True,False,False,True,2022-2025,2025-06-03,"[""financial_bad""]",2025-05-30,801764.SI,002624.SZ
801223.SI,True,2025-04-26,True,False,False,True,2022-2025,2025-06-03,"[""financial_bad""]",2025-05-30,801081.SI,300053.SZ
801016.SI,True,2025-04-28,True,False,False,True,2022-2025,2025-06-03,"[""financial_bad""]",2025-05-30,801016.SI,300511.SZ
801738.SI,True,2025-04-28,True,False,False,True,2022-2025,2025-06-03,"[""financial_bad""]",2025-05-30,801738.SI,301082.SZ
801738.SI,True,2025-04-19,True,False,False,True,2022-2025,2025-06-03,"[""financial_bad""]",2025-05-30,801738.SI,600468.SH
801161.SI,True,2025-04-24,True,False,False,True,2022-2025,2025-06-03,"[""financial_bad""]",2025-05-30,801161.SI,600744.SH
801743.SI,True,2025-04-24,True,False,False,True,2022-2025,2025-06-04,"[""financial_bad""]",2025-06-03,801743.SI,000519.SZ
801179.SI,False,2025-04-29,False,False,False,False,2022-2025,2025-06-04,"[""membership_missing""]",2025-06-03,,000886.SZ
801034.SI,True,2025-04-24,True,False,False,True,2022-2025,2025-06-04,"[""financial_bad""]",2025-06-03,801034.SI,002246.SZ
801764.SI,True,2025-04-29,False,False,True,True,2022-2025,2025-06-04,"[""st""]",2025-06-03,801764.SI,002602.SZ
801223.SI,True,2025-04-26,True,False,False,True,2022-2025,2025-06-04,"[""financial_bad""]",2025-06-03,801081.SI,300053.SZ
801016.SI,True,2025-04-28,True,False,False,True,2022-2025,2025-06-04,"[""financial_bad""]",2025-06-03,801016.SI,300511.SZ
801738.SI,True,2025-04-28,True,False,False,True,2022-2025,2025-06-04,"[""financial_bad""]",2025-06-03,801738.SI,301082.SZ
801161.SI,True,2025-04-24,True,False,False,True,2022-2025,2025-06-04,"[""financial_bad""]",2025-06-03,801161.SI,600744.SH
801743.SI,True,2025-04-24,True,False,False,True,2022-2025,2025-06-05,"[""financial_bad""]",2025-06-04,801743.SI,000519.SZ
801179.SI,False,2025-04-29,False,False,False,False,2022-2025,2025-06-05,"[""membership_missing""]",2025-06-04,,000886.SZ
801034.SI,True,2025-04-24,True,False,False,True,2022-2025,2025-06-05,"[""financial_bad""]",2025-06-04,801034.SI,002246.SZ
801128.SI,True,2025-04-24,True,False,False,True,2022-2025,2025-06-05,"[""financial_bad""]",2025-06-04,801128.SI,002582.SZ
801223.SI,True,2025-04-26,True,False,False,True,2022-2025,2025-06-05,"[""financial_bad""]",2025-06-04,801081.SI,300053.SZ
801016.SI,True,2025-04-28,True,False,False,True,2022-2025,2025-06-05,"[""financial_bad""]",2025-06-04,801016.SI,300511.SZ
801738.SI,True,2025-04-28,True,False,False,True,2022-2025,2025-06-05,"[""financial_bad""]",2025-06-04,801738.SI,301082.SZ
801161.SI,True,2025-04-24,True,False,False,True,2022-2025,2025-06-05,"[""financial_bad""]",2025-06-04,801161.SI,600744.SH
801743.SI,True,2025-04-24,True,False,False,True,2022-2025,2025-06-06,"[""financial_bad""]",2025-06-05,801743.SI,000519.SZ
801179.SI,False,2025-04-29,False,False,False,False,2022-2025,2025-06-06,"[""membership_missing""]",2025-06-05,,000886.SZ
801034.SI,True,2025-04-24,True,False,False,True,2022-2025,2025-06-06,"[""financial_bad""]",2025-06-05,801034.SI,002246.SZ
801764.SI,True,2025-04-26,True,False,False,True,2022-2025,2025-06-06,"[""financial_bad""]",2025-06-05,801764.SI,002624.SZ
801223.SI,True,2025-04-26,True,False,False,True,2022-2025,2025-06-06,"[""financial_bad""]",2025-06-05,801081.SI,300053.SZ
801016.SI,True,2025-04-28,True,False,False,True,2022-2025,2025-06-06,"[""financial_bad""]",2025-06-05,801016.SI,300511.SZ
801738.SI,True,2025-04-28,True,False,False,True,2022-2025,2025-06-06,"[""financial_bad""]",2025-06-05,801738.SI,301082.SZ
801738.SI,True,2025-04-19,True,False,False,True,2022-2025,2025-06-06,"[""financial_bad""]",2025-06-05,801738.SI,600468.SH
801161.SI,True,2025-04-24,True,False,False,True,2022-2025,2025-06-06,"[""financial_bad""]",2025-06-05,801161.SI,600744.SH
801743.SI,True,2025-04-24,True,False,False,True,2022-2025,2025-06-09,"[""financial_bad""]",2025-06-06,801743.SI,000519.SZ
801179.SI,False,2025-04-29,False,False,False,False,2022-2025,2025-06-09,"[""membership_missing""]",2025-06-06,,000886.SZ
801764.SI,True,2025-04-26,True,False,False,True,2022-2025,2025-06-09,"[""financial_bad""]",2025-06-06,801764.SI,002624.SZ
801223.SI,True,2025-04-26,True,False,False,True,2022-2025,2025-06-09,"[""financial_bad""]",2025-06-06,801081.SI,300053.SZ
801016.SI,True,2025-04-28,True,False,False,True,2022-2025,2025-06-09,"[""financial_bad""]",2025-06-06,801016.SI,300511.SZ
801103.SI,True,2025-04-23,True,False,False,True,2022-2025,2025-06-09,"[""financial_bad""]",2025-06-06,801103.SI,300895.SZ
801738.SI,True,2025-04-28,True,False,False,True,2022-2025,2025-06-09,"[""financial_bad""]",2025-06-06,801738.SI,301082.SZ
801161.SI,True,2025-04-24,True,False,False,True,2022-2025,2025-06-09,"[""financial_bad""]",2025-06-06,801161.SI,600744.SH
801743.SI,True,2025-04-24,True,False,False,True,2022-2025,2025-06-10,"[""financial_bad""]",2025-06-09,801743.SI,000519.SZ
801179.SI,False,2025-04-29,False,False,False,False,2022-2025,2025-06-10,"[""membership_missing""]",2025-06-09,,000886.SZ
801764.SI,True,2025-04-29,False,False,True,True,2022-2025,2025-06-10,"[""st""]",2025-06-09,801764.SI,002602.SZ
801764.SI,True,2025-04-26,True,False,False,True,2022-2025,2025-06-10,"[""financial_bad""]",2025-06-09,801764.SI,002624.SZ
801223.SI,True,2025-04-26,True,False,False,True,2022-2025,2025-06-10,"[""financial_bad""]",2025-06-09,801081.SI,300053.SZ
801016.SI,True,2025-04-28,True,False,False,True,2022-2025,2025-06-10,"[""financial_bad""]",2025-06-09,801016.SI,300511.SZ
801103.SI,True,2025-04-23,True,False,False,True,2022-2025,2025-06-10,"[""financial_bad""]",2025-06-09,801103.SI,300895.SZ
801738.SI,True,2025-04-28,True,False,False,True,2022-2025,2025-06-10,"[""financial_bad""]",2025-06-09,801738.SI,301082.SZ
801161.SI,True,2025-04-24,True,False,False,True,2022-2025,2025-06-10,"[""financial_bad""]",2025-06-09,801161.SI,600744.SH
801743.SI,True,2025-04-24,True,False,False,True,2022-2025,2025-06-11,"[""financial_bad""]",2025-06-10,801743.SI,000519.SZ
801179.SI,False,2025-04-29,False,False,False,False,2022-2025,2025-06-11,"[""membership_missing""]",2025-06-10,,000886.SZ
801034.SI,True,2025-04-24,True,False,False,True,2022-2025,2025-06-11,"[""financial_bad""]",2025-06-10,801034.SI,002246.SZ
801764.SI,True,2025-04-29,False,False,True,True,2022-2025,2025-06-11,"[""st""]",2025-06-10,801764.SI,002602.SZ
801764.SI,True,2025-04-26,True,False,False,True,2022-2025,2025-06-11,"[""financial_bad""]",2025-06-10,801764.SI,002624.SZ
801206.SI,True,2025-03-29,True,False,False,True,2022-2025,2025-06-11,"[""financial_bad""]",2025-06-10,801206.SI,002640.SZ
801223.SI,True,2025-04-26,True,False,False,True,2022-2025,2025-06-11,"[""financial_bad""]",2025-06-10,801081.SI,300053.SZ
801764.SI,True,2025-04-24,True,False,False,True,2022-2025,2025-06-11,"[""financial_bad""]",2025-06-10,801764.SI,300299.SZ
801016.SI,True,2025-04-28,True,False,False,True,2022-2025,2025-06-11,"[""financial_bad""]",2025-06-10,801016.SI,300511.SZ
801103.SI,True,2025-04-23,True,False,False,True,2022-2025,2025-06-11,"[""financial_bad""]",2025-06-10,801103.SI,300895.SZ
801738.SI,True,2025-04-28,True,False,False,True,2022-2025,2025-06-11,"[""financial_bad""]",2025-06-10,801738.SI,301082.SZ
801161.SI,True,2025-04-24,True,False,False,True,2022-2025,2025-06-11,"[""financial_bad""]",2025-06-10,801161.SI,600744.SH
801153.SI,True,2025-04-30,True,False,False,True,2022-2025,2025-06-11,"[""financial_bad""]",2025-06-10,801153.SI,688068.SH
801743.SI,True,2025-04-24,True,False,False,True,2022-2025,2025-06-12,"[""financial_bad""]",2025-06-11,801743.SI,000519.SZ
801179.SI,False,2025-04-29,False,False,False,False,2022-2025,2025-06-12,"[""membership_missing""]",2025-06-11,,000886.SZ
801034.SI,True,2025-04-24,True,False,False,True,2022-2025,2025-06-12,"[""financial_bad""]",2025-06-11,801034.SI,002246.SZ
801206.SI,True,2025-03-29,True,False,False,True,2022-2025,2025-06-12,"[""financial_bad""]",2025-06-11,801206.SI,002640.SZ
801223.SI,True,2025-04-26,True,False,False,True,2022-2025,2025-06-12,"[""financial_bad""]",2025-06-11,801081.SI,300053.SZ
801764.SI,True,2025-04-24,True,False,False,True,2022-2025,2025-06-12,"[""financial_bad""]",2025-06-11,801764.SI,300299.SZ
801016.SI,True,2025-04-28,True,False,False,True,2022-2025,2025-06-12,"[""financial_bad""]",2025-06-11,801016.SI,300511.SZ
801103.SI,True,2025-04-23,True,False,False,True,2022-2025,2025-06-12,"[""financial_bad""]",2025-06-11,801103.SI,300895.SZ
801738.SI,True,2025-04-28,True,False,False,True,2022-2025,2025-06-12,"[""financial_bad""]",2025-06-11,801738.SI,301082.SZ
801133.SI,True,2025-04-30,True,False,False,True,2022-2025,2025-06-12,"[""financial_bad""]",2025-06-11,801133.SI,600735.SH
801161.SI,True,2025-04-24,True,False,False,True,2022-2025,2025-06-12,"[""financial_bad""]",2025-06-11,801161.SI,600744.SH
801153.SI,True,2025-04-30,True,False,False,True,2022-2025,2025-06-12,"[""financial_bad""]",2025-06-11,801153.SI,688068.SH
801743.SI,True,2025-04-24,True,False,False,True,2022-2025,2025-06-13,"[""financial_bad""]",2025-06-12,801743.SI,000519.SZ
801179.SI,False,2025-04-29,False,False,False,False,2022-2025,2025-06-13,"[""membership_missing""]",2025-06-12,,000886.SZ
801034.SI,True,2025-04-24,True,False,False,True,2022-2025,2025-06-13,"[""financial_bad""]",2025-06-12,801034.SI,002246.SZ
801032.SI,True,2025-04-28,True,False,False,True,2022-2025,2025-06-13,"[""financial_bad""]",2025-06-12,801032.SI,002427.SZ
801223.SI,True,2025-04-26,True,False,False,True,2022-2025,2025-06-13,"[""financial_bad""]",2025-06-12,801081.SI,300053.SZ
801764.SI,True,2025-04-24,True,False,False,True,2022-2025,2025-06-13,"[""financial_bad""]",2025-06-12,801764.SI,300299.SZ
801016.SI,True,2025-04-28,True,False,False,True,2022-2025,2025-06-13,"[""financial_bad""]",2025-06-12,801016.SI,300511.SZ
801103.SI,True,2025-04-23,True,False,False,True,2022-2025,2025-06-13,"[""financial_bad""]",2025-06-12,801103.SI,300895.SZ
801738.SI,True,2025-04-28,True,False,False,True,2022-2025,2025-06-13,"[""financial_bad""]",2025-06-12,801738.SI,301082.SZ
801161.SI,True,2025-04-24,True,False,False,True,2022-2025,2025-06-13,"[""financial_bad""]",2025-06-12,801161.SI,600744.SH
801153.SI,True,2025-04-30,True,False,False,True,2022-2025,2025-06-13,"[""financial_bad""]",2025-06-12,801153.SI,688068.SH
801743.SI,True,2025-04-24,True,False,False,True,2022-2025,2025-06-16,"[""financial_bad""]",2025-06-13,801743.SI,000519.SZ
801179.SI,False,2025-04-29,False,False,False,False,2022-2025,2025-06-16,"[""membership_missing""]",2025-06-13,,000886.SZ
801032.SI,True,2025-04-28,True,False,False,True,2022-2025,2025-06-16,"[""financial_bad""]",2025-06-13,801032.SI,002427.SZ
801223.SI,True,2025-04-26,True,False,False,True,2022-2025,2025-06-16,"[""financial_bad""]",2025-06-13,801081.SI,300053.SZ
801016.SI,True,2025-04-28,True,False,False,True,2022-2025,2025-06-16,"[""financial_bad""]",2025-06-13,801016.SI,300511.SZ
801738.SI,True,2025-04-28,True,False,False,True,2022-2025,2025-06-16,"[""financial_bad""]",2025-06-13,801738.SI,301082.SZ
801161.SI,True,2025-04-24,True,False,False,True,2022-2025,2025-06-16,"[""financial_bad""]",2025-06-13,801161.SI,600744.SH
801153.SI,True,2025-04-30,True,False,False,True,2022-2025,2025-06-16,"[""financial_bad""]",2025-06-13,801153.SI,688068.SH
801743.SI,True,2025-04-24,True,False,False,True,2022-2025,2025-06-17,"[""financial_bad""]",2025-06-16,801743.SI,000519.SZ
801179.SI,False,2025-04-29,False,False,False,False,2022-2025,2025-06-17,"[""membership_missing""]",2025-06-16,,000886.SZ
801032.SI,True,2025-04-28,True,False,False,True,2022-2025,2025-06-17,"[""financial_bad""]",2025-06-16,801032.SI,002427.SZ
801223.SI,True,2025-04-26,True,False,False,True,2022-2025,2025-06-17,"[""financial_bad""]",2025-06-16,801081.SI,300053.SZ
801742.SI,True,2025-04-29,True,False,False,True,2022-2025,2025-06-17,"[""financial_bad""]",2025-06-16,801742.SI,300581.SZ
801103.SI,True,2025-04-23,True,False,False,True,2022-2025,2025-06-17,"[""financial_bad""]",2025-06-16,801103.SI,300895.SZ
801738.SI,True,2025-04-28,True,False,False,True,2022-2025,2025-06-17,"[""financial_bad""]",2025-06-16,801738.SI,301082.SZ
801161.SI,True,2025-04-24,True,False,False,True,2022-2025,2025-06-17,"[""financial_bad""]",2025-06-16,801161.SI,600744.SH
801153.SI,True,2025-04-30,True,False,False,True,2022-2025,2025-06-17,"[""financial_bad""]",2025-06-16,801153.SI,688068.SH
801743.SI,True,2025-04-24,True,False,False,True,2022-2025,2025-06-18,"[""financial_bad""]",2025-06-17,801743.SI,000519.SZ
801179.SI,False,2025-04-29,False,False,False,False,2022-2025,2025-06-18,"[""membership_missing""]",2025-06-17,,000886.SZ
801032.SI,True,2025-04-28,True,False,False,True,2022-2025,2025-06-18,"[""financial_bad""]",2025-06-17,801032.SI,002427.SZ
801223.SI,True,2025-04-26,True,False,False,True,2022-2025,2025-06-18,"[""financial_bad""]",2025-06-17,801081.SI,300053.SZ
801074.SI,True,2025-04-29,True,False,False,True,2022-2025,2025-06-18,"[""financial_bad""]",2025-06-17,801074.SI,300084.SZ
801016.SI,True,2025-04-28,True,False,False,True,2022-2025,2025-06-18,"[""financial_bad""]",2025-06-17,801016.SI,300511.SZ
801101.SI,True,2025-04-26,True,False,False,True,2022-2025,2025-06-18,"[""financial_bad""]",2025-06-17,801101.SI,300531.SZ
801742.SI,True,2025-04-29,True,False,False,True,2022-2025,2025-06-18,"[""financial_bad""]",2025-06-17,801742.SI,300581.SZ
801103.SI,True,2025-04-23,True,False,False,True,2022-2025,2025-06-18,"[""financial_bad""]",2025-06-17,801103.SI,300895.SZ
801738.SI,True,2025-04-28,True,False,False,True,2022-2025,2025-06-18,"[""financial_bad""]",2025-06-17,801738.SI,301082.SZ
801161.SI,True,2025-04-24,True,False,False,True,2022-2025,2025-06-18,"[""financial_bad""]",2025-06-17,801161.SI,600744.SH
801743.SI,True,2025-04-24,True,False,False,True,2022-2025,2025-06-19,"[""financial_bad""]",2025-06-18,801743.SI,000519.SZ
801179.SI,False,2025-04-29,False,False,False,False,2022-2025,2025-06-19,"[""membership_missing""]",2025-06-18,,000886.SZ
801085.SI,False,2025-04-24,True,False,False,True,2022-2025,2025-06-19,"[""financial_bad""]",2025-06-18,801085.SI,002426.SZ
801032.SI,True,2025-04-28,True,False,False,True,2022-2025,2025-06-19,"[""financial_bad""]",2025-06-18,801032.SI,002427.SZ
801223.SI,True,2025-04-26,True,False,False,True,2022-2025,2025-06-19,"[""financial_bad""]",2025-06-18,801081.SI,300053.SZ
801101.SI,True,2025-04-26,True,False,False,True,2022-2025,2025-06-19,"[""financial_bad""]",2025-06-18,801101.SI,300531.SZ
801103.SI,True,2025-04-23,True,False,False,True,2022-2025,2025-06-19,"[""financial_bad""]",2025-06-18,801103.SI,300895.SZ
801738.SI,True,2025-04-28,True,False,False,True,2022-2025,2025-06-19,"[""financial_bad""]",2025-06-18,801738.SI,301082.SZ
801161.SI,True,2025-04-24,True,False,False,True,2022-2025,2025-06-19,"[""financial_bad""]",2025-06-18,801161.SI,600744.SH
801731.SI,False,2025-04-19,True,False,False,True,2022-2025,2025-06-19,"[""financial_bad""]",2025-06-18,801731.SI,603988.SH
801179.SI,False,2025-04-29,False,False,False,False,2022-2025,2025-06-20,"[""membership_missing""]",2025-06-19,,000886.SZ
801034.SI,True,2025-04-24,True,False,False,True,2022-2025,2025-06-20,"[""financial_bad""]",2025-06-19,801034.SI,002246.SZ
801032.SI,True,2025-04-28,True,False,False,True,2022-2025,2025-06-20,"[""financial_bad""]",2025-06-19,801032.SI,002427.SZ
801223.SI,True,2025-04-26,True,False,False,True,2022-2025,2025-06-20,"[""financial_bad""]",2025-06-19,801081.SI,300053.SZ
801738.SI,True,2025-04-19,True,False,False,True,2022-2025,2025-06-20,"[""financial_bad""]",2025-06-19,801738.SI,600468.SH
801161.SI,True,2025-04-24,True,False,False,True,2022-2025,2025-06-20,"[""financial_bad""]",2025-06-19,801161.SI,600744.SH
801731.SI,False,2025-04-19,True,False,False,True,2022-2025,2025-06-20,"[""financial_bad""]",2025-06-19,801731.SI,603988.SH
801743.SI,True,2025-04-24,True,False,False,True,2022-2025,2025-06-23,"[""financial_bad""]",2025-06-20,801743.SI,000519.SZ
801179.SI,False,2025-04-29,False,False,False,False,2022-2025,2025-06-23,"[""membership_missing""]",2025-06-20,,000886.SZ
801034.SI,True,2025-04-24,True,False,False,True,2022-2025,2025-06-23,"[""financial_bad""]",2025-06-20,801034.SI,002246.SZ
801032.SI,True,2025-04-28,True,False,False,True,2022-2025,2025-06-23,"[""financial_bad""]",2025-06-20,801032.SI,002427.SZ
801223.SI,True,2025-04-26,True,False,False,True,2022-2025,2025-06-23,"[""financial_bad""]",2025-06-20,801081.SI,300053.SZ
801742.SI,True,2025-04-29,True,False,False,True,2022-2025,2025-06-23,"[""financial_bad""]",2025-06-20,801742.SI,300581.SZ
801738.SI,True,2025-04-19,True,False,False,True,2022-2025,2025-06-23,"[""financial_bad""]",2025-06-20,801738.SI,600468.SH
801161.SI,True,2025-04-24,True,False,False,True,2022-2025,2025-06-23,"[""financial_bad""]",2025-06-20,801161.SI,600744.SH
801179.SI,False,2025-04-29,False,False,False,False,2022-2025,2025-06-24,"[""membership_missing""]",2025-06-23,,000886.SZ
801085.SI,False,2025-04-24,True,False,False,True,2022-2025,2025-06-24,"[""financial_bad""]",2025-06-23,801085.SI,002426.SZ
801032.SI,True,2025-04-28,True,False,False,True,2022-2025,2025-06-24,"[""financial_bad""]",2025-06-23,801032.SI,002427.SZ
801764.SI,True,2025-04-26,True,False,False,True,2022-2025,2025-06-24,"[""financial_bad""]",2025-06-23,801764.SI,002624.SZ
801223.SI,True,2025-04-26,True,False,False,True,2022-2025,2025-06-24,"[""financial_bad""]",2025-06-23,801081.SI,300053.SZ
801742.SI,True,2025-04-29,True,False,False,True,2022-2025,2025-06-24,"[""financial_bad""]",2025-06-23,801742.SI,300581.SZ
801738.SI,True,2025-04-19,True,False,False,True,2022-2025,2025-06-24,"[""financial_bad""]",2025-06-23,801738.SI,600468.SH
801161.SI,True,2025-04-24,True,False,False,True,2022-2025,2025-06-24,"[""financial_bad""]",2025-06-23,801161.SI,600744.SH
801153.SI,True,2025-04-30,True,False,False,True,2022-2025,2025-06-24,"[""financial_bad""]",2025-06-23,801153.SI,688068.SH
801743.SI,True,2025-04-24,True,False,False,True,2022-2025,2025-06-25,"[""financial_bad""]",2025-06-24,801743.SI,000519.SZ
801179.SI,False,2025-04-29,False,False,False,False,2022-2025,2025-06-25,"[""membership_missing""]",2025-06-24,,000886.SZ
801034.SI,True,2025-04-24,True,False,False,True,2022-2025,2025-06-25,"[""financial_bad""]",2025-06-24,801034.SI,002246.SZ
801032.SI,True,2025-04-28,True,False,False,True,2022-2025,2025-06-25,"[""financial_bad""]",2025-06-24,801032.SI,002427.SZ
801223.SI,True,2025-04-26,True,False,False,True,2022-2025,2025-06-25,"[""financial_bad""]",2025-06-24,801081.SI,300053.SZ
801742.SI,True,2025-04-29,True,False,False,True,2022-2025,2025-06-25,"[""financial_bad""]",2025-06-24,801742.SI,300581.SZ
801103.SI,True,2025-04-23,True,False,False,True,2022-2025,2025-06-25,"[""financial_bad""]",2025-06-24,801103.SI,300895.SZ
801738.SI,True,2025-04-19,True,False,False,True,2022-2025,2025-06-25,"[""financial_bad""]",2025-06-24,801738.SI,600468.SH
801161.SI,True,2025-04-24,True,False,False,True,2022-2025,2025-06-25,"[""financial_bad""]",2025-06-24,801161.SI,600744.SH
801731.SI,False,2025-04-19,True,False,False,True,2022-2025,2025-06-25,"[""financial_bad""]",2025-06-24,801731.SI,603988.SH
801153.SI,True,2025-04-30,True,False,False,True,2022-2025,2025-06-25,"[""financial_bad""]",2025-06-24,801153.SI,688068.SH
801034.SI,True,2025-04-24,True,False,False,True,2022-2025,2025-06-26,"[""financial_bad""]",2025-06-25,801034.SI,002246.SZ
801085.SI,False,2025-04-24,True,False,False,True,2022-2025,2025-06-26,"[""financial_bad""]",2025-06-25,801085.SI,002426.SZ
801032.SI,True,2025-04-28,True,False,False,True,2022-2025,2025-06-26,"[""financial_bad""]",2025-06-25,801032.SI,002427.SZ
801223.SI,True,2025-04-26,True,False,False,True,2022-2025,2025-06-26,"[""financial_bad""]",2025-06-25,801081.SI,300053.SZ
801016.SI,True,2025-04-28,True,False,False,True,2022-2025,2025-06-26,"[""financial_bad""]",2025-06-25,801016.SI,300511.SZ
801742.SI,True,2025-04-29,True,False,False,True,2022-2025,2025-06-26,"[""financial_bad""]",2025-06-25,801742.SI,300581.SZ
801103.SI,True,2025-04-23,True,False,False,True,2022-2025,2025-06-26,"[""financial_bad""]",2025-06-25,801103.SI,300895.SZ
801711.SI,False,2025-04-10,True,False,False,True,2022-2025,2025-06-26,"[""financial_bad""]",2025-06-25,801711.SI,600326.SH
801738.SI,True,2025-04-19,True,False,False,True,2022-2025,2025-06-26,"[""financial_bad""]",2025-06-25,801738.SI,600468.SH
801161.SI,True,2025-04-24,True,False,False,True,2022-2025,2025-06-26,"[""financial_bad""]",2025-06-25,801161.SI,600744.SH
801074.SI,True,2025-04-26,True,False,False,True,2022-2025,2025-06-26,"[""financial_bad""]",2025-06-25,801074.SI,920284.BJ
801742.SI,True,2025-04-26,True,False,False,True,2022-2025,2025-06-27,"[""financial_bad""]",2025-06-26,801742.SI,000561.SZ
801034.SI,True,2025-04-24,True,False,False,True,2022-2025,2025-06-27,"[""financial_bad""]",2025-06-26,801034.SI,002246.SZ
801085.SI,False,2025-04-24,True,False,False,True,2022-2025,2025-06-27,"[""financial_bad""]",2025-06-26,801085.SI,002426.SZ
801032.SI,True,2025-04-28,True,False,False,True,2022-2025,2025-06-27,"[""financial_bad""]",2025-06-26,801032.SI,002427.SZ
801223.SI,True,2025-04-26,True,False,False,True,2022-2025,2025-06-27,"[""financial_bad""]",2025-06-26,801081.SI,300053.SZ
801016.SI,True,2025-04-28,True,False,False,True,2022-2025,2025-06-27,"[""financial_bad""]",2025-06-26,801016.SI,300511.SZ
801742.SI,True,2025-04-29,True,False,False,True,2022-2025,2025-06-27,"[""financial_bad""]",2025-06-26,801742.SI,300581.SZ
801103.SI,True,2025-04-23,True,False,False,True,2022-2025,2025-06-27,"[""financial_bad""]",2025-06-26,801103.SI,300895.SZ
801743.SI,True,2025-04-29,True,False,False,True,2022-2025,2025-06-27,"[""financial_bad""]",2025-06-26,801743.SI,600184.SH
801738.SI,True,2025-04-19,True,False,False,True,2022-2025,2025-06-27,"[""financial_bad""]",2025-06-26,801738.SI,600468.SH
801161.SI,True,2025-04-24,True,False,False,True,2022-2025,2025-06-27,"[""financial_bad""]",2025-06-26,801161.SI,600744.SH
801742.SI,True,2025-04-26,True,False,False,True,2022-2025,2025-06-30,"[""financial_bad""]",2025-06-27,801742.SI,000561.SZ
801034.SI,True,2025-04-24,True,False,False,True,2022-2025,2025-06-30,"[""financial_bad""]",2025-06-27,801034.SI,002246.SZ
801085.SI,True,2025-04-24,True,False,False,True,2022-2025,2025-06-30,"[""financial_bad""]",2025-06-27,801085.SI,002426.SZ
801032.SI,True,2025-04-28,True,False,False,True,2022-2025,2025-06-30,"[""financial_bad""]",2025-06-27,801032.SI,002427.SZ
801764.SI,True,2025-04-26,True,False,False,True,2022-2025,2025-06-30,"[""financial_bad""]",2025-06-27,801764.SI,002624.SZ
801223.SI,True,2025-04-26,True,False,False,True,2022-2025,2025-06-30,"[""financial_bad""]",2025-06-27,801081.SI,300053.SZ
801016.SI,False,2025-04-28,True,False,False,True,2022-2025,2025-06-30,"[""financial_bad""]",2025-06-27,801016.SI,300511.SZ
801742.SI,True,2025-04-29,True,False,False,True,2022-2025,2025-06-30,"[""financial_bad""]",2025-06-27,801742.SI,300581.SZ
801103.SI,True,2025-04-23,True,False,False,True,2022-2025,2025-06-30,"[""financial_bad""]",2025-06-27,801103.SI,300895.SZ
801743.SI,True,2025-04-29,True,False,False,True,2022-2025,2025-06-30,"[""financial_bad""]",2025-06-27,801743.SI,600184.SH
801738.SI,True,2025-04-19,True,False,False,True,2022-2025,2025-06-30,"[""financial_bad""]",2025-06-27,801738.SI,600468.SH
801161.SI,True,2025-04-24,True,False,False,True,2022-2025,2025-06-30,"[""financial_bad""]",2025-06-27,801161.SI,600744.SH
801074.SI,True,2025-04-26,True,False,False,True,2022-2025,2025-06-30,"[""financial_bad""]",2025-06-27,801074.SI,920284.BJ
801742.SI,True,2025-04-26,True,False,False,True,2022-2025,2025-07-01,"[""financial_bad""]",2025-06-30,801742.SI,000561.SZ
801745.SI,True,2025-04-18,True,False,False,True,2022-2025,2025-07-01,"[""financial_bad""]",2025-06-30,801745.SI,002383.SZ
801085.SI,True,2025-04-24,True,False,False,True,2022-2025,2025-07-01,"[""financial_bad""]",2025-06-30,801085.SI,002426.SZ
801032.SI,True,2025-04-28,True,False,False,True,2022-2025,2025-07-01,"[""financial_bad""]",2025-06-30,801032.SI,002427.SZ
801223.SI,True,2025-04-26,True,False,False,True,2022-2025,2025-07-01,"[""financial_bad""]",2025-06-30,801081.SI,300053.SZ
801764.SI,True,2025-04-24,True,False,False,True,2022-2025,2025-07-01,"[""financial_bad""]",2025-06-30,801764.SI,300299.SZ
801016.SI,False,2025-04-28,True,False,False,True,2022-2025,2025-07-01,"[""financial_bad""]",2025-06-30,801016.SI,300511.SZ
801103.SI,True,2025-04-23,True,False,False,True,2022-2025,2025-07-01,"[""financial_bad""]",2025-06-30,801103.SI,300895.SZ
801738.SI,True,2025-04-19,True,False,False,True,2022-2025,2025-07-01,"[""financial_bad""]",2025-06-30,801738.SI,600468.SH
801161.SI,True,2025-04-24,True,False,False,True,2022-2025,2025-07-01,"[""financial_bad""]",2025-06-30,801161.SI,600744.SH
801731.SI,False,2025-04-19,True,False,False,True,2022-2025,2025-07-01,"[""financial_bad""]",2025-06-30,801731.SI,603988.SH
801074.SI,True,2025-04-26,True,False,False,True,2022-2025,2025-07-01,"[""financial_bad""]",2025-06-30,801074.SI,920284.BJ
801742.SI,True,2025-04-26,True,False,False,True,2022-2025,2025-07-02,"[""financial_bad""]",2025-07-01,801742.SI,000561.SZ
801745.SI,True,2025-04-18,True,False,False,True,2022-2025,2025-07-02,"[""financial_bad""]",2025-07-01,801745.SI,002383.SZ
801085.SI,True,2025-04-24,True,False,False,True,2022-2025,2025-07-02,"[""financial_bad""]",2025-07-01,801085.SI,002426.SZ
801032.SI,True,2025-04-28,True,False,False,True,2022-2025,2025-07-02,"[""financial_bad""]",2025-07-01,801032.SI,002427.SZ
801223.SI,True,2025-04-26,True,False,False,True,2022-2025,2025-07-02,"[""financial_bad""]",2025-07-01,801081.SI,300053.SZ
801764.SI,True,2025-04-24,True,False,False,True,2022-2025,2025-07-02,"[""financial_bad""]",2025-07-01,801764.SI,300299.SZ
801016.SI,False,2025-04-28,True,False,False,True,2022-2025,2025-07-02,"[""financial_bad""]",2025-07-01,801016.SI,300511.SZ
801103.SI,True,2025-04-23,True,False,False,True,2022-2025,2025-07-02,"[""financial_bad""]",2025-07-01,801103.SI,300895.SZ
801738.SI,True,2025-04-28,True,False,False,True,2022-2025,2025-07-02,"[""financial_bad""]",2025-07-01,801738.SI,301082.SZ
801743.SI,True,2025-04-29,True,False,False,True,2022-2025,2025-07-02,"[""financial_bad""]",2025-07-01,801743.SI,600184.SH
801738.SI,True,2025-04-19,True,False,False,True,2022-2025,2025-07-02,"[""financial_bad""]",2025-07-01,801738.SI,600468.SH
801731.SI,False,2025-04-19,True,False,False,True,2022-2025,2025-07-02,"[""financial_bad""]",2025-07-01,801731.SI,603988.SH
801153.SI,True,2025-04-30,True,False,False,True,2022-2025,2025-07-02,"[""financial_bad""]",2025-07-01,801153.SI,688068.SH
801084.SI,True,2025-04-22,True,False,False,True,2022-2025,2025-07-03,"[""financial_bad""]",2025-07-02,801745.SI,002189.SZ
801085.SI,True,2025-04-24,True,False,False,True,2022-2025,2025-07-03,"[""financial_bad""]",2025-07-02,801085.SI,002426.SZ
801032.SI,True,2025-04-28,True,False,False,True,2022-2025,2025-07-03,"[""financial_bad""]",2025-07-02,801032.SI,002427.SZ
801764.SI,True,2025-04-26,True,False,False,True,2022-2025,2025-07-03,"[""financial_bad""]",2025-07-02,801764.SI,002624.SZ
801223.SI,True,2025-04-26,True,False,False,True,2022-2025,2025-07-03,"[""financial_bad""]",2025-07-02,801081.SI,300053.SZ
801764.SI,True,2025-04-24,True,False,False,True,2022-2025,2025-07-03,"[""financial_bad""]",2025-07-02,801764.SI,300299.SZ
801016.SI,False,2025-04-28,True,False,False,True,2022-2025,2025-07-03,"[""financial_bad""]",2025-07-02,801016.SI,300511.SZ
801103.SI,True,2025-04-23,True,False,False,True,2022-2025,2025-07-03,"[""financial_bad""]",2025-07-02,801103.SI,300895.SZ
801738.SI,True,2025-04-28,True,False,False,True,2022-2025,2025-07-03,"[""financial_bad""]",2025-07-02,801738.SI,301082.SZ
801743.SI,True,2025-04-29,True,False,False,True,2022-2025,2025-07-03,"[""financial_bad""]",2025-07-02,801743.SI,600184.SH
801731.SI,False,2025-04-19,True,False,False,True,2022-2025,2025-07-03,"[""financial_bad""]",2025-07-02,801731.SI,603988.SH
801153.SI,True,2025-04-30,True,False,False,True,2022-2025,2025-07-03,"[""financial_bad""]",2025-07-02,801153.SI,688068.SH
801745.SI,True,2025-04-18,True,False,False,True,2022-2025,2025-07-04,"[""financial_bad""]",2025-07-03,801745.SI,002383.SZ
801085.SI,True,2025-04-24,True,False,False,True,2022-2025,2025-07-04,"[""financial_bad""]",2025-07-03,801085.SI,002426.SZ
801032.SI,True,2025-04-28,True,False,False,True,2022-2025,2025-07-04,"[""financial_bad""]",2025-07-03,801032.SI,002427.SZ
801764.SI,True,2025-04-26,True,False,False,True,2022-2025,2025-07-04,"[""financial_bad""]",2025-07-03,801764.SI,002624.SZ
801223.SI,True,2025-04-26,True,False,False,True,2022-2025,2025-07-04,"[""financial_bad""]",2025-07-03,801081.SI,300053.SZ
801764.SI,True,2025-04-24,True,False,False,True,2022-2025,2025-07-04,"[""financial_bad""]",2025-07-03,801764.SI,300299.SZ
801016.SI,False,2025-04-28,True,False,False,True,2022-2025,2025-07-04,"[""financial_bad""]",2025-07-03,801016.SI,300511.SZ
801103.SI,True,2025-04-23,True,False,False,True,2022-2025,2025-07-04,"[""financial_bad""]",2025-07-03,801103.SI,300895.SZ
801738.SI,True,2025-04-28,True,False,False,True,2022-2025,2025-07-04,"[""financial_bad""]",2025-07-03,801738.SI,301082.SZ
801743.SI,True,2025-04-29,True,False,False,True,2022-2025,2025-07-04,"[""financial_bad""]",2025-07-03,801743.SI,600184.SH
801738.SI,True,2025-04-15,True,False,False,True,2022-2025,2025-07-04,"[""financial_bad""]",2025-07-03,801738.SI,600192.SH
801738.SI,True,2025-04-19,True,False,False,True,2022-2025,2025-07-04,"[""financial_bad""]",2025-07-03,801738.SI,600468.SH
801141.SI,True,2025-04-25,True,False,False,True,2022-2025,2025-07-07,"[""financial_bad""]",2025-07-04,801141.SI,002229.SZ
801072.SI,True,2025-04-26,True,False,False,True,2022-2025,2025-07-07,"[""financial_bad""]",2025-07-04,801072.SI,002342.SZ
801085.SI,True,2025-04-24,True,False,False,True,2022-2025,2025-07-07,"[""financial_bad""]",2025-07-04,801085.SI,002426.SZ
801032.SI,True,2025-04-28,True,False,False,True,2022-2025,2025-07-07,"[""financial_bad""]",2025-07-04,801032.SI,002427.SZ
801764.SI,True,2025-04-26,True,False,False,True,2022-2025,2025-07-07,"[""financial_bad""]",2025-07-04,801764.SI,002624.SZ
801223.SI,True,2025-04-26,True,False,False,True,2022-2025,2025-07-07,"[""financial_bad""]",2025-07-04,801081.SI,300053.SZ
801016.SI,False,2025-04-28,True,False,False,True,2022-2025,2025-07-07,"[""financial_bad""]",2025-07-04,801016.SI,300511.SZ
801103.SI,True,2025-04-23,True,False,False,True,2022-2025,2025-07-07,"[""financial_bad""]",2025-07-04,801103.SI,300895.SZ
801738.SI,True,2025-04-28,True,False,False,True,2022-2025,2025-07-07,"[""financial_bad""]",2025-07-04,801738.SI,301082.SZ
801738.SI,True,2025-04-19,True,False,False,True,2022-2025,2025-07-07,"[""financial_bad""]",2025-07-04,801738.SI,600468.SH
801141.SI,True,2025-04-25,True,False,False,True,2022-2025,2025-07-08,"[""financial_bad""]",2025-07-07,801141.SI,002229.SZ
801072.SI,True,2025-04-26,True,False,False,True,2022-2025,2025-07-08,"[""financial_bad""]",2025-07-07,801072.SI,002342.SZ
801085.SI,True,2025-04-24,True,False,False,True,2022-2025,2025-07-08,"[""financial_bad""]",2025-07-07,801085.SI,002426.SZ
801032.SI,True,2025-04-28,True,False,False,True,2022-2025,2025-07-08,"[""financial_bad""]",2025-07-07,801032.SI,002427.SZ
801764.SI,True,2025-04-26,True,False,False,True,2022-2025,2025-07-08,"[""financial_bad""]",2025-07-07,801764.SI,002624.SZ
801223.SI,True,2025-04-26,True,False,False,True,2022-2025,2025-07-08,"[""financial_bad""]",2025-07-07,801081.SI,300053.SZ
801016.SI,False,2025-04-28,True,False,False,True,2022-2025,2025-07-08,"[""financial_bad""]",2025-07-07,801016.SI,300511.SZ
801103.SI,True,2025-04-23,True,False,False,True,2022-2025,2025-07-08,"[""financial_bad""]",2025-07-07,801103.SI,300895.SZ
801738.SI,True,2025-04-28,True,False,False,True,2022-2025,2025-07-08,"[""financial_bad""]",2025-07-07,801738.SI,301082.SZ
801743.SI,True,2025-04-29,True,False,False,True,2022-2025,2025-07-08,"[""financial_bad""]",2025-07-07,801743.SI,600184.SH
801738.SI,True,2025-04-19,True,False,False,True,2022-2025,2025-07-08,"[""financial_bad""]",2025-07-07,801738.SI,600468.SH
801141.SI,True,2025-04-25,True,False,False,True,2022-2025,2025-07-09,"[""financial_bad""]",2025-07-08,801141.SI,002229.SZ
801072.SI,True,2025-04-26,True,False,False,True,2022-2025,2025-07-09,"[""financial_bad""]",2025-07-08,801072.SI,002342.SZ
801085.SI,True,2025-04-24,True,False,False,True,2022-2025,2025-07-09,"[""financial_bad""]",2025-07-08,801085.SI,002426.SZ
801032.SI,True,2025-04-28,True,False,False,True,2022-2025,2025-07-09,"[""financial_bad""]",2025-07-08,801032.SI,002427.SZ
801223.SI,True,2025-04-26,True,False,False,True,2022-2025,2025-07-09,"[""financial_bad""]",2025-07-08,801081.SI,300053.SZ
801764.SI,True,2025-04-24,True,False,False,True,2022-2025,2025-07-09,"[""financial_bad""]",2025-07-08,801764.SI,300299.SZ
801016.SI,False,2025-04-28,True,False,False,True,2022-2025,2025-07-09,"[""financial_bad""]",2025-07-08,801016.SI,300511.SZ
801218.SI,True,2025-04-24,True,False,False,True,2022-2025,2025-07-09,"[""financial_bad""]",2025-07-08,801218.SI,300572.SZ
801103.SI,True,2025-04-23,True,False,False,True,2022-2025,2025-07-09,"[""financial_bad""]",2025-07-08,801103.SI,300895.SZ
801738.SI,True,2025-04-28,True,False,False,True,2022-2025,2025-07-09,"[""financial_bad""]",2025-07-08,801738.SI,301082.SZ
801738.SI,True,2025-04-19,True,False,False,True,2022-2025,2025-07-09,"[""financial_bad""]",2025-07-08,801738.SI,600468.SH
801104.SI,True,2025-04-12,True,False,False,True,2022-2025,2025-07-09,"[""financial_bad""]",2025-07-08,801104.SI,601519.SH
801141.SI,True,2025-04-25,True,False,False,True,2022-2025,2025-07-10,"[""financial_bad""]",2025-07-09,801141.SI,002229.SZ
801085.SI,True,2025-04-24,True,False,False,True,2022-2025,2025-07-10,"[""financial_bad""]",2025-07-09,801085.SI,002426.SZ
801032.SI,True,2025-04-28,True,False,False,True,2022-2025,2025-07-10,"[""financial_bad""]",2025-07-09,801032.SI,002427.SZ
801206.SI,True,2025-03-29,True,False,False,True,2022-2025,2025-07-10,"[""financial_bad""]",2025-07-09,801206.SI,002640.SZ
801223.SI,True,2025-04-26,True,False,False,True,2022-2025,2025-07-10,"[""financial_bad""]",2025-07-09,801081.SI,300053.SZ
801764.SI,True,2025-04-24,True,False,False,True,2022-2025,2025-07-10,"[""financial_bad""]",2025-07-09,801764.SI,300299.SZ
801016.SI,False,2025-04-28,True,False,False,True,2022-2025,2025-07-10,"[""financial_bad""]",2025-07-09,801016.SI,300511.SZ
801218.SI,True,2025-04-24,True,False,False,True,2022-2025,2025-07-10,"[""financial_bad""]",2025-07-09,801218.SI,300572.SZ
801103.SI,True,2025-04-23,True,False,False,True,2022-2025,2025-07-10,"[""financial_bad""]",2025-07-09,801103.SI,300895.SZ
801738.SI,True,2025-04-28,True,False,False,True,2022-2025,2025-07-10,"[""financial_bad""]",2025-07-09,801738.SI,301082.SZ
801738.SI,True,2025-04-19,True,False,False,True,2022-2025,2025-07-10,"[""financial_bad""]",2025-07-09,801738.SI,600468.SH
801104.SI,True,2025-04-30,True,False,False,True,2022-2025,2025-07-10,"[""financial_bad""]",2025-07-09,801104.SI,603990.SH
801141.SI,True,2025-04-25,True,False,False,True,2022-2025,2025-07-11,"[""financial_bad""]",2025-07-10,801141.SI,002229.SZ
801085.SI,True,2025-04-24,True,False,False,True,2022-2025,2025-07-11,"[""financial_bad""]",2025-07-10,801085.SI,002426.SZ
801032.SI,True,2025-04-28,True,False,False,True,2022-2025,2025-07-11,"[""financial_bad""]",2025-07-10,801032.SI,002427.SZ
801223.SI,True,2025-04-26,True,False,False,True,2022-2025,2025-07-11,"[""financial_bad""]",2025-07-10,801081.SI,300053.SZ
801764.SI,True,2025-04-24,True,False,False,True,2022-2025,2025-07-11,"[""financial_bad""]",2025-07-10,801764.SI,300299.SZ
801016.SI,False,2025-04-28,True,False,False,True,2022-2025,2025-07-11,"[""financial_bad""]",2025-07-10,801016.SI,300511.SZ
801218.SI,True,2025-04-24,True,False,False,True,2022-2025,2025-07-11,"[""financial_bad""]",2025-07-10,801218.SI,300572.SZ
801103.SI,True,2025-04-23,True,False,False,True,2022-2025,2025-07-11,"[""financial_bad""]",2025-07-10,801103.SI,300895.SZ
801738.SI,True,2025-04-28,True,False,False,True,2022-2025,2025-07-11,"[""financial_bad""]",2025-07-10,801738.SI,301082.SZ
801738.SI,True,2025-04-15,True,False,False,True,2022-2025,2025-07-11,"[""financial_bad""]",2025-07-10,801738.SI,600192.SH
801711.SI,True,2025-04-10,True,False,False,True,2022-2025,2025-07-11,"[""financial_bad""]",2025-07-10,801711.SI,600326.SH
801738.SI,True,2025-04-19,True,False,False,True,2022-2025,2025-07-11,"[""financial_bad""]",2025-07-10,801738.SI,600468.SH
801141.SI,True,2025-04-25,True,False,False,True,2022-2025,2025-07-14,"[""financial_bad""]",2025-07-11,801141.SI,002229.SZ
801072.SI,True,2025-04-26,True,False,False,True,2022-2025,2025-07-14,"[""financial_bad""]",2025-07-11,801072.SI,002342.SZ
801085.SI,True,2025-04-24,True,False,False,True,2022-2025,2025-07-14,"[""financial_bad""]",2025-07-11,801085.SI,002426.SZ
801032.SI,True,2025-04-28,True,False,False,True,2022-2025,2025-07-14,"[""financial_bad""]",2025-07-11,801032.SI,002427.SZ
801764.SI,True,2025-04-26,True,False,False,True,2022-2025,2025-07-14,"[""financial_bad""]",2025-07-11,801764.SI,002624.SZ
801129.SI,False,2025-04-29,True,False,True,True,2022-2025,2025-07-14,"[""st"",""financial_bad""]",2025-07-11,801129.SI,002650.SZ
801223.SI,True,2025-04-26,True,False,False,True,2022-2025,2025-07-14,"[""financial_bad""]",2025-07-11,801081.SI,300053.SZ
801764.SI,True,2025-04-24,True,False,False,True,2022-2025,2025-07-14,"[""financial_bad""]",2025-07-11,801764.SI,300299.SZ
801016.SI,False,2025-04-28,True,False,False,True,2022-2025,2025-07-14,"[""financial_bad""]",2025-07-11,801016.SI,300511.SZ
801218.SI,True,2025-04-24,True,False,False,True,2022-2025,2025-07-14,"[""financial_bad""]",2025-07-11,801218.SI,300572.SZ
801103.SI,True,2025-04-23,True,False,False,True,2022-2025,2025-07-14,"[""financial_bad""]",2025-07-11,801103.SI,300895.SZ
801738.SI,True,2025-04-28,True,False,False,True,2022-2025,2025-07-14,"[""financial_bad""]",2025-07-11,801738.SI,301082.SZ
801738.SI,True,2025-04-15,True,False,False,True,2022-2025,2025-07-14,"[""financial_bad""]",2025-07-11,801738.SI,600192.SH
801738.SI,True,2025-04-19,True,False,False,True,2022-2025,2025-07-14,"[""financial_bad""]",2025-07-11,801738.SI,600468.SH
801104.SI,True,2025-04-30,True,False,False,True,2022-2025,2025-07-14,"[""financial_bad""]",2025-07-11,801104.SI,603990.SH
801181.SI,True,2025-04-24,True,False,False,True,2022-2025,2025-07-15,"[""financial_bad""]",2025-07-14,801181.SI,000514.SZ
801155.SI,True,2025-03-28,True,False,False,True,2022-2025,2025-07-15,"[""financial_bad""]",2025-07-14,801155.SI,000590.SZ
801141.SI,True,2025-04-25,True,False,False,True,2022-2025,2025-07-15,"[""financial_bad""]",2025-07-14,801141.SI,002229.SZ
801072.SI,True,2025-04-26,True,False,False,True,2022-2025,2025-07-15,"[""financial_bad""]",2025-07-14,801072.SI,002342.SZ
801085.SI,True,2025-04-24,True,False,False,True,2022-2025,2025-07-15,"[""financial_bad""]",2025-07-14,801085.SI,002426.SZ
801032.SI,True,2025-04-28,True,False,False,True,2022-2025,2025-07-15,"[""financial_bad""]",2025-07-14,801032.SI,002427.SZ
801764.SI,True,2025-04-26,True,False,False,True,2022-2025,2025-07-15,"[""financial_bad""]",2025-07-14,801764.SI,002624.SZ
801206.SI,True,2025-03-29,True,False,False,True,2022-2025,2025-07-15,"[""financial_bad""]",2025-07-14,801206.SI,002640.SZ
801223.SI,True,2025-04-26,True,False,False,True,2022-2025,2025-07-15,"[""financial_bad""]",2025-07-14,801081.SI,300053.SZ
801016.SI,False,2025-04-28,True,False,False,True,2022-2025,2025-07-15,"[""financial_bad""]",2025-07-14,801016.SI,300511.SZ
801103.SI,True,2025-04-23,True,False,False,True,2022-2025,2025-07-15,"[""financial_bad""]",2025-07-14,801103.SI,300895.SZ
801738.SI,True,2025-04-28,True,False,False,True,2022-2025,2025-07-15,"[""financial_bad""]",2025-07-14,801738.SI,301082.SZ
801738.SI,True,2025-04-15,True,False,False,True,2022-2025,2025-07-15,"[""financial_bad""]",2025-07-14,801738.SI,600192.SH
801738.SI,True,2025-04-19,True,False,False,True,2022-2025,2025-07-15,"[""financial_bad""]",2025-07-14,801738.SI,600468.SH
801154.SI,False,2025-04-29,True,False,False,True,2022-2025,2025-07-15,"[""financial_bad""]",2025-07-14,801154.SI,603716.SH
801104.SI,True,2025-04-30,True,False,False,True,2022-2025,2025-07-15,"[""financial_bad""]",2025-07-14,801104.SI,603990.SH
801155.SI,True,2025-03-28,True,False,False,True,2022-2025,2025-07-16,"[""financial_bad""]",2025-07-15,801155.SI,000590.SZ
801072.SI,True,2025-04-26,True,False,False,True,2022-2025,2025-07-16,"[""financial_bad""]",2025-07-15,801072.SI,002342.SZ
801085.SI,True,2025-04-24,True,False,False,True,2022-2025,2025-07-16,"[""financial_bad""]",2025-07-15,801085.SI,002426.SZ
801032.SI,True,2025-04-28,True,False,False,True,2022-2025,2025-07-16,"[""financial_bad""]",2025-07-15,801032.SI,002427.SZ
801764.SI,True,2025-04-26,True,False,False,True,2022-2025,2025-07-16,"[""financial_bad""]",2025-07-15,801764.SI,002624.SZ
801206.SI,True,2025-03-29,True,False,False,True,2022-2025,2025-07-16,"[""financial_bad""]",2025-07-15,801206.SI,002640.SZ
801223.SI,True,2025-04-26,True,False,False,True,2022-2025,2025-07-16,"[""financial_bad""]",2025-07-15,801081.SI,300053.SZ
801016.SI,False,2025-04-28,True,False,False,True,2022-2025,2025-07-16,"[""financial_bad""]",2025-07-15,801016.SI,300511.SZ
801742.SI,True,2025-04-29,True,False,False,True,2022-2025,2025-07-16,"[""financial_bad""]",2025-07-15,801742.SI,300581.SZ
801103.SI,True,2025-04-23,True,False,False,True,2022-2025,2025-07-16,"[""financial_bad""]",2025-07-15,801103.SI,300895.SZ
801738.SI,True,2025-04-15,True,False,False,True,2022-2025,2025-07-16,"[""financial_bad""]",2025-07-15,801738.SI,600192.SH
801104.SI,True,2025-04-12,True,False,False,True,2022-2025,2025-07-16,"[""financial_bad""]",2025-07-15,801104.SI,601519.SH
801154.SI,False,2025-04-29,True,False,False,True,2022-2025,2025-07-16,"[""financial_bad""]",2025-07-15,801154.SI,603716.SH
801104.SI,True,2025-04-30,True,False,False,True,2022-2025,2025-07-16,"[""financial_bad""]",2025-07-15,801104.SI,603990.SH
801141.SI,True,2025-04-25,True,False,False,True,2022-2025,2025-07-17,"[""financial_bad""]",2025-07-16,801141.SI,002229.SZ
801072.SI,True,2025-04-26,True,False,False,True,2022-2025,2025-07-17,"[""financial_bad""]",2025-07-16,801072.SI,002342.SZ
801085.SI,True,2025-04-24,True,False,False,True,2022-2025,2025-07-17,"[""financial_bad""]",2025-07-16,801085.SI,002426.SZ
801032.SI,True,2025-04-28,True,False,False,True,2022-2025,2025-07-17,"[""financial_bad""]",2025-07-16,801032.SI,002427.SZ
801764.SI,True,2025-04-26,True,False,False,True,2022-2025,2025-07-17,"[""financial_bad""]",2025-07-16,801764.SI,002624.SZ
801206.SI,True,2025-03-29,True,False,False,True,2022-2025,2025-07-17,"[""financial_bad""]",2025-07-16,801206.SI,002640.SZ
801129.SI,False,2025-04-29,True,False,True,True,2022-2025,2025-07-17,"[""st"",""financial_bad""]",2025-07-16,801129.SI,002650.SZ
801223.SI,True,2025-04-26,True,False,False,True,2022-2025,2025-07-17,"[""financial_bad""]",2025-07-16,801081.SI,300053.SZ
801016.SI,False,2025-04-28,True,False,False,True,2022-2025,2025-07-17,"[""financial_bad""]",2025-07-16,801016.SI,300511.SZ
801742.SI,True,2025-04-29,True,False,False,True,2022-2025,2025-07-17,"[""financial_bad""]",2025-07-16,801742.SI,300581.SZ
801103.SI,True,2025-04-23,True,False,False,True,2022-2025,2025-07-17,"[""financial_bad""]",2025-07-16,801103.SI,300895.SZ
801738.SI,True,2025-04-28,True,False,False,True,2022-2025,2025-07-17,"[""financial_bad""]",2025-07-16,801738.SI,301082.SZ
801711.SI,True,2025-04-10,True,False,False,True,2022-2025,2025-07-17,"[""financial_bad""]",2025-07-16,801711.SI,600326.SH
801104.SI,True,2025-04-12,True,False,False,True,2022-2025,2025-07-17,"[""financial_bad""]",2025-07-16,801104.SI,601519.SH
801181.SI,True,2025-04-24,True,False,False,True,2022-2025,2025-07-18,"[""financial_bad""]",2025-07-17,801181.SI,000514.SZ
801155.SI,True,2025-03-28,True,False,False,True,2022-2025,2025-07-18,"[""financial_bad""]",2025-07-17,801155.SI,000590.SZ
801072.SI,True,2025-04-26,True,False,False,True,2022-2025,2025-07-18,"[""financial_bad""]",2025-07-17,801072.SI,002342.SZ
801085.SI,True,2025-04-24,True,False,False,True,2022-2025,2025-07-18,"[""financial_bad""]",2025-07-17,801085.SI,002426.SZ
801032.SI,True,2025-04-28,True,False,False,True,2022-2025,2025-07-18,"[""financial_bad""]",2025-07-17,801032.SI,002427.SZ
801764.SI,True,2025-04-26,True,False,False,True,2022-2025,2025-07-18,"[""financial_bad""]",2025-07-17,801764.SI,002624.SZ
801206.SI,True,2025-03-29,True,False,False,True,2022-2025,2025-07-18,"[""financial_bad""]",2025-07-17,801206.SI,002640.SZ
801129.SI,False,2025-04-29,True,False,True,True,2022-2025,2025-07-18,"[""st"",""financial_bad""]",2025-07-17,801129.SI,002650.SZ
801223.SI,True,2025-04-26,True,False,False,True,2022-2025,2025-07-18,"[""financial_bad""]",2025-07-17,801081.SI,300053.SZ
801016.SI,False,2025-04-28,True,False,False,True,2022-2025,2025-07-18,"[""financial_bad""]",2025-07-17,801016.SI,300511.SZ
801103.SI,True,2025-04-23,True,False,False,True,2022-2025,2025-07-18,"[""financial_bad""]",2025-07-17,801103.SI,300895.SZ
801738.SI,True,2025-04-28,True,False,False,True,2022-2025,2025-07-18,"[""financial_bad""]",2025-07-17,801738.SI,301082.SZ
801743.SI,True,2025-04-29,True,False,False,True,2022-2025,2025-07-18,"[""financial_bad""]",2025-07-17,801743.SI,600184.SH
801738.SI,True,2025-04-15,True,False,False,True,2022-2025,2025-07-18,"[""financial_bad""]",2025-07-17,801738.SI,600192.SH
801104.SI,True,2025-04-12,True,False,False,True,2022-2025,2025-07-18,"[""financial_bad""]",2025-07-17,801104.SI,601519.SH
801154.SI,False,2025-04-29,True,False,False,True,2022-2025,2025-07-18,"[""financial_bad""]",2025-07-17,801154.SI,603716.SH
801181.SI,True,2025-04-24,True,False,False,True,2022-2025,2025-07-21,"[""financial_bad""]",2025-07-18,801181.SI,000514.SZ
801141.SI,True,2025-04-25,True,False,False,True,2022-2025,2025-07-21,"[""financial_bad""]",2025-07-18,801141.SI,002229.SZ
801072.SI,True,2025-04-26,True,False,False,True,2022-2025,2025-07-21,"[""financial_bad""]",2025-07-18,801072.SI,002342.SZ
801085.SI,True,2025-04-24,True,False,False,True,2022-2025,2025-07-21,"[""financial_bad""]",2025-07-18,801085.SI,002426.SZ
801032.SI,True,2025-04-28,True,False,False,True,2022-2025,2025-07-21,"[""financial_bad""]",2025-07-18,801032.SI,002427.SZ
801764.SI,True,2025-04-26,True,False,False,True,2022-2025,2025-07-21,"[""financial_bad""]",2025-07-18,801764.SI,002624.SZ
801206.SI,True,2025-03-29,True,False,False,True,2022-2025,2025-07-21,"[""financial_bad""]",2025-07-18,801206.SI,002640.SZ
801129.SI,False,2025-04-29,True,False,True,True,2022-2025,2025-07-21,"[""st"",""financial_bad""]",2025-07-18,801129.SI,002650.SZ
801223.SI,True,2025-04-26,True,False,False,True,2022-2025,2025-07-21,"[""financial_bad""]",2025-07-18,801081.SI,300053.SZ
801016.SI,False,2025-04-28,True,False,False,True,2022-2025,2025-07-21,"[""financial_bad""]",2025-07-18,801016.SI,300511.SZ
801103.SI,True,2025-04-23,True,False,False,True,2022-2025,2025-07-21,"[""financial_bad""]",2025-07-18,801103.SI,300895.SZ
801738.SI,True,2025-04-28,True,False,False,True,2022-2025,2025-07-21,"[""financial_bad""]",2025-07-18,801738.SI,301082.SZ
801743.SI,True,2025-04-29,True,False,False,True,2022-2025,2025-07-21,"[""financial_bad""]",2025-07-18,801743.SI,600184.SH
801711.SI,True,2025-04-10,True,False,False,True,2022-2025,2025-07-21,"[""financial_bad""]",2025-07-18,801711.SI,600326.SH
801104.SI,True,2025-04-12,True,False,False,True,2022-2025,2025-07-21,"[""financial_bad""]",2025-07-18,801104.SI,601519.SH
801154.SI,False,2025-04-29,True,False,False,True,2022-2025,2025-07-21,"[""financial_bad""]",2025-07-18,801154.SI,603716.SH
801181.SI,True,2025-04-24,True,False,False,True,2022-2025,2025-07-22,"[""financial_bad""]",2025-07-21,801181.SI,000514.SZ
801141.SI,True,2025-04-25,True,False,False,True,2022-2025,2025-07-22,"[""financial_bad""]",2025-07-21,801141.SI,002229.SZ
801072.SI,True,2025-04-26,True,False,False,True,2022-2025,2025-07-22,"[""financial_bad""]",2025-07-21,801072.SI,002342.SZ
801085.SI,True,2025-04-24,True,False,False,True,2022-2025,2025-07-22,"[""financial_bad""]",2025-07-21,801085.SI,002426.SZ
801032.SI,False,2025-04-28,True,False,False,True,2022-2025,2025-07-22,"[""financial_bad""]",2025-07-21,801032.SI,002427.SZ
801764.SI,True,2025-04-26,True,False,False,True,2022-2025,2025-07-22,"[""financial_bad""]",2025-07-21,801764.SI,002624.SZ
801206.SI,True,2025-03-29,True,False,False,True,2022-2025,2025-07-22,"[""financial_bad""]",2025-07-21,801206.SI,002640.SZ
801129.SI,False,2025-04-29,True,False,True,True,2022-2025,2025-07-22,"[""st"",""financial_bad""]",2025-07-21,801129.SI,002650.SZ
801223.SI,True,2025-04-26,True,False,False,True,2022-2025,2025-07-22,"[""financial_bad""]",2025-07-21,801081.SI,300053.SZ
801016.SI,False,2025-04-28,True,False,False,True,2022-2025,2025-07-22,"[""financial_bad""]",2025-07-21,801016.SI,300511.SZ
801218.SI,True,2025-04-24,True,False,False,True,2022-2025,2025-07-22,"[""financial_bad""]",2025-07-21,801218.SI,300572.SZ
801103.SI,True,2025-04-23,True,False,False,True,2022-2025,2025-07-22,"[""financial_bad""]",2025-07-21,801103.SI,300895.SZ
801738.SI,True,2025-04-28,True,False,False,True,2022-2025,2025-07-22,"[""financial_bad""]",2025-07-21,801738.SI,301082.SZ
801743.SI,True,2025-04-29,True,False,False,True,2022-2025,2025-07-22,"[""financial_bad""]",2025-07-21,801743.SI,600184.SH
801738.SI,True,2025-04-15,True,False,False,True,2022-2025,2025-07-22,"[""financial_bad""]",2025-07-21,801738.SI,600192.SH
801738.SI,True,2025-04-19,True,False,False,True,2022-2025,2025-07-22,"[""financial_bad""]",2025-07-21,801738.SI,600468.SH
801104.SI,True,2025-04-12,True,False,False,True,2022-2025,2025-07-22,"[""financial_bad""]",2025-07-21,801104.SI,601519.SH
801154.SI,True,2025-04-29,True,False,False,True,2022-2025,2025-07-22,"[""financial_bad""]",2025-07-21,801154.SI,603716.SH
801181.SI,True,2025-04-24,True,False,False,True,2022-2025,2025-07-23,"[""financial_bad""]",2025-07-22,801181.SI,000514.SZ
801084.SI,True,2025-04-22,True,False,False,True,2022-2025,2025-07-23,"[""financial_bad""]",2025-07-22,801745.SI,002189.SZ
801141.SI,True,2025-04-25,True,False,False,True,2022-2025,2025-07-23,"[""financial_bad""]",2025-07-22,801141.SI,002229.SZ
801085.SI,True,2025-04-24,True,False,False,True,2022-2025,2025-07-23,"[""financial_bad""]",2025-07-22,801085.SI,002426.SZ
801032.SI,True,2025-04-28,True,False,False,True,2022-2025,2025-07-23,"[""financial_bad""]",2025-07-22,801032.SI,002427.SZ
801764.SI,True,2025-04-26,True,False,False,True,2022-2025,2025-07-23,"[""financial_bad""]",2025-07-22,801764.SI,002624.SZ
801206.SI,True,2025-03-29,True,False,False,True,2022-2025,2025-07-23,"[""financial_bad""]",2025-07-22,801206.SI,002640.SZ
801129.SI,False,2025-04-29,True,False,True,True,2022-2025,2025-07-23,"[""st"",""financial_bad""]",2025-07-22,801129.SI,002650.SZ
801223.SI,True,2025-04-26,True,False,False,True,2022-2025,2025-07-23,"[""financial_bad""]",2025-07-22,801081.SI,300053.SZ
801016.SI,True,2025-04-28,True,False,False,True,2022-2025,2025-07-23,"[""financial_bad""]",2025-07-22,801016.SI,300511.SZ
801101.SI,True,2025-04-26,True,False,False,True,2022-2025,2025-07-23,"[""financial_bad""]",2025-07-22,801101.SI,300531.SZ
801218.SI,True,2025-04-24,True,False,False,True,2022-2025,2025-07-23,"[""financial_bad""]",2025-07-22,801218.SI,300572.SZ
801103.SI,True,2025-04-23,True,False,False,True,2022-2025,2025-07-23,"[""financial_bad""]",2025-07-22,801103.SI,300895.SZ
801738.SI,True,2025-04-28,True,False,False,True,2022-2025,2025-07-23,"[""financial_bad""]",2025-07-22,801738.SI,301082.SZ
801738.SI,True,2025-04-15,True,False,False,True,2022-2025,2025-07-23,"[""financial_bad""]",2025-07-22,801738.SI,600192.SH
801104.SI,True,2025-04-30,True,False,False,True,2022-2025,2025-07-23,"[""financial_bad""]",2025-07-22,801104.SI,603990.SH
801156.SI,True,2025-04-23,False,False,True,True,2022-2025,2025-07-23,"[""st""]",2025-07-22,801151.SI,688076.SH
801181.SI,True,2025-04-24,True,False,False,True,2022-2025,2025-07-24,"[""financial_bad""]",2025-07-23,801181.SI,000514.SZ
801141.SI,True,2025-04-25,True,False,False,True,2022-2025,2025-07-24,"[""financial_bad""]",2025-07-23,801141.SI,002229.SZ
801072.SI,True,2025-04-26,True,False,False,True,2022-2025,2025-07-24,"[""financial_bad""]",2025-07-23,801072.SI,002342.SZ
801085.SI,True,2025-04-24,True,False,False,True,2022-2025,2025-07-24,"[""financial_bad""]",2025-07-23,801085.SI,002426.SZ
801032.SI,True,2025-04-28,True,False,False,True,2022-2025,2025-07-24,"[""financial_bad""]",2025-07-23,801032.SI,002427.SZ
801764.SI,True,2025-04-26,True,False,False,True,2022-2025,2025-07-24,"[""financial_bad""]",2025-07-23,801764.SI,002624.SZ
801206.SI,True,2025-03-29,True,False,False,True,2022-2025,2025-07-24,"[""financial_bad""]",2025-07-23,801206.SI,002640.SZ
801129.SI,False,2025-04-29,True,False,True,True,2022-2025,2025-07-24,"[""st"",""financial_bad""]",2025-07-23,801129.SI,002650.SZ
801223.SI,True,2025-04-26,True,False,False,True,2022-2025,2025-07-24,"[""financial_bad""]",2025-07-23,801081.SI,300053.SZ
801016.SI,True,2025-04-28,True,False,False,True,2022-2025,2025-07-24,"[""financial_bad""]",2025-07-23,801016.SI,300511.SZ
801101.SI,True,2025-04-26,True,False,False,True,2022-2025,2025-07-24,"[""financial_bad""]",2025-07-23,801101.SI,300531.SZ
801218.SI,True,2025-04-24,True,False,False,True,2022-2025,2025-07-24,"[""financial_bad""]",2025-07-23,801218.SI,300572.SZ
801103.SI,True,2025-04-23,True,False,False,True,2022-2025,2025-07-24,"[""financial_bad""]",2025-07-23,801103.SI,300895.SZ
801738.SI,True,2025-04-28,True,False,False,True,2022-2025,2025-07-24,"[""financial_bad""]",2025-07-23,801738.SI,301082.SZ
801743.SI,True,2025-04-29,True,False,False,True,2022-2025,2025-07-24,"[""financial_bad""]",2025-07-23,801743.SI,600184.SH
801738.SI,True,2025-04-15,True,False,False,True,2022-2025,2025-07-24,"[""financial_bad""]",2025-07-23,801738.SI,600192.SH
801738.SI,True,2025-04-19,True,False,False,True,2022-2025,2025-07-24,"[""financial_bad""]",2025-07-23,801738.SI,600468.SH
801156.SI,True,2025-04-23,False,False,True,True,2022-2025,2025-07-24,"[""st""]",2025-07-23,801151.SI,688076.SH
801181.SI,True,2025-04-24,True,False,False,True,2022-2025,2025-07-25,"[""financial_bad""]",2025-07-24,801181.SI,000514.SZ
801141.SI,True,2025-04-25,True,False,False,True,2022-2025,2025-07-25,"[""financial_bad""]",2025-07-24,801141.SI,002229.SZ
801072.SI,True,2025-04-26,True,False,False,True,2022-2025,2025-07-25,"[""financial_bad""]",2025-07-24,801072.SI,002342.SZ
801085.SI,True,2025-04-24,True,False,False,True,2022-2025,2025-07-25,"[""financial_bad""]",2025-07-24,801085.SI,002426.SZ
801032.SI,True,2025-04-28,True,False,False,True,2022-2025,2025-07-25,"[""financial_bad""]",2025-07-24,801032.SI,002427.SZ
801764.SI,True,2025-04-26,True,False,False,True,2022-2025,2025-07-25,"[""financial_bad""]",2025-07-24,801764.SI,002624.SZ
801206.SI,True,2025-03-29,True,False,False,True,2022-2025,2025-07-25,"[""financial_bad""]",2025-07-24,801206.SI,002640.SZ
801129.SI,False,2025-04-29,True,False,True,True,2022-2025,2025-07-25,"[""st"",""financial_bad""]",2025-07-24,801129.SI,002650.SZ
801223.SI,True,2025-04-26,True,False,False,True,2022-2025,2025-07-25,"[""financial_bad""]",2025-07-24,801081.SI,300053.SZ
801016.SI,True,2025-04-28,True,False,False,True,2022-2025,2025-07-25,"[""financial_bad""]",2025-07-24,801016.SI,300511.SZ
801218.SI,True,2025-04-24,True,False,False,True,2022-2025,2025-07-25,"[""financial_bad""]",2025-07-24,801218.SI,300572.SZ
801103.SI,True,2025-04-23,True,False,False,True,2022-2025,2025-07-25,"[""financial_bad""]",2025-07-24,801103.SI,300895.SZ
801738.SI,True,2025-04-28,True,False,False,True,2022-2025,2025-07-25,"[""financial_bad""]",2025-07-24,801738.SI,301082.SZ
801743.SI,True,2025-04-29,True,False,False,True,2022-2025,2025-07-25,"[""financial_bad""]",2025-07-24,801743.SI,600184.SH
801738.SI,True,2025-04-15,True,False,False,True,2022-2025,2025-07-25,"[""financial_bad""]",2025-07-24,801738.SI,600192.SH
801738.SI,True,2025-04-19,True,False,False,True,2022-2025,2025-07-25,"[""financial_bad""]",2025-07-24,801738.SI,600468.SH
801181.SI,True,2025-04-24,True,False,False,True,2022-2025,2025-07-28,"[""financial_bad""]",2025-07-25,801181.SI,000514.SZ
801141.SI,True,2025-04-25,True,False,False,True,2022-2025,2025-07-28,"[""financial_bad""]",2025-07-25,801141.SI,002229.SZ
801072.SI,True,2025-04-26,True,False,False,True,2022-2025,2025-07-28,"[""financial_bad""]",2025-07-25,801072.SI,002342.SZ
801085.SI,True,2025-04-24,True,False,False,True,2022-2025,2025-07-28,"[""financial_bad""]",2025-07-25,801085.SI,002426.SZ
801764.SI,True,2025-04-26,True,False,False,True,2022-2025,2025-07-28,"[""financial_bad""]",2025-07-25,801764.SI,002624.SZ
801206.SI,True,2025-03-29,True,False,False,True,2022-2025,2025-07-28,"[""financial_bad""]",2025-07-25,801206.SI,002640.SZ
801129.SI,False,2025-04-29,True,False,True,True,2022-2025,2025-07-28,"[""st"",""financial_bad""]",2025-07-25,801129.SI,002650.SZ
801223.SI,True,2025-04-26,True,False,False,True,2022-2025,2025-07-28,"[""financial_bad""]",2025-07-25,801081.SI,300053.SZ
801016.SI,True,2025-04-28,True,False,False,True,2022-2025,2025-07-28,"[""financial_bad""]",2025-07-25,801016.SI,300511.SZ
801101.SI,True,2025-04-26,True,False,False,True,2022-2025,2025-07-28,"[""financial_bad""]",2025-07-25,801101.SI,300531.SZ
801218.SI,True,2025-04-24,True,False,False,True,2022-2025,2025-07-28,"[""financial_bad""]",2025-07-25,801218.SI,300572.SZ
801103.SI,True,2025-04-23,True,False,False,True,2022-2025,2025-07-28,"[""financial_bad""]",2025-07-25,801103.SI,300895.SZ
801742.SI,True,2025-04-01,True,False,False,True,2022-2025,2025-07-28,"[""financial_bad""]",2025-07-25,801742.SI,688297.SH
801181.SI,True,2025-04-24,True,False,False,True,2022-2025,2025-07-29,"[""financial_bad""]",2025-07-28,801181.SI,000514.SZ
801141.SI,True,2025-04-25,True,False,False,True,2022-2025,2025-07-29,"[""financial_bad""]",2025-07-28,801141.SI,002229.SZ
801072.SI,True,2025-04-26,True,False,False,True,2022-2025,2025-07-29,"[""financial_bad""]",2025-07-28,801072.SI,002342.SZ
801085.SI,True,2025-04-24,True,False,False,True,2022-2025,2025-07-29,"[""financial_bad""]",2025-07-28,801085.SI,002426.SZ
801141.SI,True,2025-04-23,True,False,False,True,2022-2025,2025-07-29,"[""financial_bad""]",2025-07-28,801141.SI,002599.SZ
801764.SI,True,2025-04-26,True,False,False,True,2022-2025,2025-07-29,"[""financial_bad""]",2025-07-28,801764.SI,002624.SZ
801206.SI,True,2025-03-29,True,False,False,True,2022-2025,2025-07-29,"[""financial_bad""]",2025-07-28,801206.SI,002640.SZ
801129.SI,False,2025-04-29,True,False,True,True,2022-2025,2025-07-29,"[""st"",""financial_bad""]",2025-07-28,801129.SI,002650.SZ
801223.SI,True,2025-04-26,True,False,False,True,2022-2025,2025-07-29,"[""financial_bad""]",2025-07-28,801081.SI,300053.SZ
801016.SI,True,2025-04-28,True,False,False,True,2022-2025,2025-07-29,"[""financial_bad""]",2025-07-28,801016.SI,300511.SZ
801218.SI,True,2025-04-24,True,False,False,True,2022-2025,2025-07-29,"[""financial_bad""]",2025-07-28,801218.SI,300572.SZ
801103.SI,True,2025-04-23,True,False,False,True,2022-2025,2025-07-29,"[""financial_bad""]",2025-07-28,801103.SI,300895.SZ
801738.SI,True,2025-04-15,True,False,False,True,2022-2025,2025-07-29,"[""financial_bad""]",2025-07-28,801738.SI,600192.SH
801054.SI,True,2025-03-29,True,False,False,True,2022-2025,2025-07-29,"[""financial_bad""]",2025-07-28,801054.SI,600259.SH
801056.SI,True,2025-03-25,False,False,True,True,2022-2025,2025-07-29,"[""st""]",2025-07-28,801056.SI,600711.SH
801181.SI,True,2025-04-24,True,False,False,True,2022-2025,2025-07-30,"[""financial_bad""]",2025-07-29,801181.SI,000514.SZ
801054.SI,True,2025-04-28,True,False,False,True,2022-2025,2025-07-30,"[""financial_bad""]",2025-07-29,801054.SI,000831.SZ
801141.SI,True,2025-04-25,True,False,False,True,2022-2025,2025-07-30,"[""financial_bad""]",2025-07-29,801141.SI,002229.SZ
801072.SI,True,2025-04-26,True,False,False,True,2022-2025,2025-07-30,"[""financial_bad""]",2025-07-29,801072.SI,002342.SZ
801085.SI,True,2025-04-24,True,False,False,True,2022-2025,2025-07-30,"[""financial_bad""]",2025-07-29,801085.SI,002426.SZ
801206.SI,True,2025-03-29,True,False,False,True,2022-2025,2025-07-30,"[""financial_bad""]",2025-07-29,801206.SI,002640.SZ
801129.SI,False,2025-04-29,True,False,True,True,2022-2025,2025-07-30,"[""st"",""financial_bad""]",2025-07-29,801129.SI,002650.SZ
801016.SI,True,2025-04-28,True,False,False,True,2022-2025,2025-07-30,"[""financial_bad""]",2025-07-29,801016.SI,300511.SZ
801103.SI,True,2025-04-23,True,False,False,True,2022-2025,2025-07-30,"[""financial_bad""]",2025-07-29,801103.SI,300895.SZ
801738.SI,True,2025-04-15,True,False,False,True,2022-2025,2025-07-30,"[""financial_bad""]",2025-07-29,801738.SI,600192.SH
801103.SI,True,2025-04-19,True,False,False,True,2022-2025,2025-07-30,"[""financial_bad""]",2025-07-29,801103.SI,600446.SH
801056.SI,True,2025-03-25,False,False,True,True,2022-2025,2025-07-30,"[""st""]",2025-07-29,801056.SI,600711.SH
801181.SI,True,2025-04-24,True,False,False,True,2022-2025,2025-07-31,"[""financial_bad""]",2025-07-30,801181.SI,000514.SZ
801141.SI,True,2025-04-25,True,False,False,True,2022-2025,2025-07-31,"[""financial_bad""]",2025-07-30,801141.SI,002229.SZ
801072.SI,True,2025-04-26,True,False,False,True,2022-2025,2025-07-31,"[""financial_bad""]",2025-07-30,801072.SI,002342.SZ
801085.SI,True,2025-04-24,True,False,False,True,2022-2025,2025-07-31,"[""financial_bad""]",2025-07-30,801085.SI,002426.SZ
801206.SI,True,2025-03-29,True,False,False,True,2022-2025,2025-07-31,"[""financial_bad""]",2025-07-30,801206.SI,002640.SZ
801016.SI,True,2025-04-28,True,False,False,True,2022-2025,2025-07-31,"[""financial_bad""]",2025-07-30,801016.SI,300511.SZ
801101.SI,True,2025-04-26,True,False,False,True,2022-2025,2025-07-31,"[""financial_bad""]",2025-07-30,801101.SI,300531.SZ
801103.SI,True,2025-04-23,True,False,False,True,2022-2025,2025-07-31,"[""financial_bad""]",2025-07-30,801103.SI,300895.SZ
801738.SI,True,2025-04-15,True,False,False,True,2022-2025,2025-07-31,"[""financial_bad""]",2025-07-30,801738.SI,600192.SH
801096.SI,True,2025-03-29,True,False,False,True,2022-2025,2025-07-31,"[""financial_bad""]",2025-07-30,801096.SI,600418.SH
801056.SI,True,2025-03-25,False,False,True,True,2022-2025,2025-07-31,"[""st""]",2025-07-30,801056.SI,600711.SH
801742.SI,True,2025-04-01,True,False,False,True,2022-2025,2025-07-31,"[""financial_bad""]",2025-07-30,801742.SI,688297.SH
801141.SI,True,2025-04-25,True,False,False,True,2022-2025,2025-08-01,"[""financial_bad""]",2025-07-31,801141.SI,002229.SZ
801072.SI,True,2025-04-26,True,False,False,True,2022-2025,2025-08-01,"[""financial_bad""]",2025-07-31,801072.SI,002342.SZ
801085.SI,True,2025-04-24,True,False,False,True,2022-2025,2025-08-01,"[""financial_bad""]",2025-07-31,801085.SI,002426.SZ
801764.SI,True,2025-04-26,True,False,False,True,2022-2025,2025-08-01,"[""financial_bad""]",2025-07-31,801764.SI,002624.SZ
801206.SI,True,2025-03-29,True,False,False,True,2022-2025,2025-08-01,"[""financial_bad""]",2025-07-31,801206.SI,002640.SZ
801016.SI,True,2025-04-28,True,False,False,True,2022-2025,2025-08-01,"[""financial_bad""]",2025-07-31,801016.SI,300511.SZ
801101.SI,True,2025-04-26,True,False,False,True,2022-2025,2025-08-01,"[""financial_bad""]",2025-07-31,801101.SI,300531.SZ
801103.SI,True,2025-04-23,True,False,False,True,2022-2025,2025-08-01,"[""financial_bad""]",2025-07-31,801103.SI,300895.SZ
801738.SI,True,2025-04-15,True,False,False,True,2022-2025,2025-08-01,"[""financial_bad""]",2025-07-31,801738.SI,600192.SH
801096.SI,True,2025-03-29,True,False,False,True,2022-2025,2025-08-01,"[""financial_bad""]",2025-07-31,801096.SI,600418.SH
801104.SI,True,2025-04-12,True,False,False,True,2022-2025,2025-08-01,"[""financial_bad""]",2025-07-31,801104.SI,601519.SH
801742.SI,True,2025-04-01,True,False,False,True,2022-2025,2025-08-01,"[""financial_bad""]",2025-07-31,801742.SI,688297.SH
801151.SI,True,2025-04-29,True,False,False,True,2022-2025,2025-08-04,"[""financial_bad""]",2025-08-01,801151.SI,000813.SZ
801141.SI,True,2025-04-25,True,False,False,True,2022-2025,2025-08-04,"[""financial_bad""]",2025-08-01,801141.SI,002229.SZ
801072.SI,True,2025-04-26,True,False,False,True,2022-2025,2025-08-04,"[""financial_bad""]",2025-08-01,801072.SI,002342.SZ
801085.SI,True,2025-04-24,True,False,False,True,2022-2025,2025-08-04,"[""financial_bad""]",2025-08-01,801085.SI,002426.SZ
801738.SI,True,2025-04-15,True,False,False,True,2022-2025,2025-08-04,"[""financial_bad""]",2025-08-01,801738.SI,002471.SZ
801764.SI,True,2025-04-26,True,False,False,True,2022-2025,2025-08-04,"[""financial_bad""]",2025-08-01,801764.SI,002624.SZ
801206.SI,True,2025-03-29,True,False,False,True,2022-2025,2025-08-04,"[""financial_bad""]",2025-08-01,801206.SI,002640.SZ
801129.SI,False,2025-04-29,True,False,True,True,2022-2025,2025-08-04,"[""st"",""financial_bad""]",2025-08-01,801129.SI,002650.SZ
801223.SI,True,2025-04-26,True,False,False,True,2022-2025,2025-08-04,"[""financial_bad""]",2025-08-01,801081.SI,300053.SZ
801016.SI,True,2025-04-28,True,False,False,True,2022-2025,2025-08-04,"[""financial_bad""]",2025-08-01,801016.SI,300511.SZ
801101.SI,True,2025-04-26,True,False,False,True,2022-2025,2025-08-04,"[""financial_bad""]",2025-08-01,801101.SI,300531.SZ
801103.SI,True,2025-04-23,True,False,False,True,2022-2025,2025-08-04,"[""financial_bad""]",2025-08-01,801103.SI,300895.SZ
801738.SI,True,2025-04-15,True,False,False,True,2022-2025,2025-08-04,"[""financial_bad""]",2025-08-01,801738.SI,600192.SH
801096.SI,True,2025-03-29,True,False,False,True,2022-2025,2025-08-04,"[""financial_bad""]",2025-08-01,801096.SI,600418.SH
801056.SI,True,2025-03-25,False,False,True,True,2022-2025,2025-08-04,"[""st""]",2025-08-01,801056.SI,600711.SH
801104.SI,True,2025-04-12,True,False,False,True,2022-2025,2025-08-04,"[""financial_bad""]",2025-08-01,801104.SI,601519.SH
801103.SI,True,2025-04-22,True,False,False,True,2022-2025,2025-08-04,"[""financial_bad""]",2025-08-01,801103.SI,688039.SH
801742.SI,True,2025-04-01,True,False,False,True,2022-2025,2025-08-04,"[""financial_bad""]",2025-08-01,801742.SI,688297.SH
801742.SI,True,2025-04-26,True,False,False,True,2022-2025,2025-08-05,"[""financial_bad""]",2025-08-04,801742.SI,000561.SZ
801074.SI,True,2025-04-25,True,False,False,True,2022-2025,2025-08-05,"[""financial_bad""]",2025-08-04,801074.SI,002009.SZ
801141.SI,True,2025-04-25,True,False,False,True,2022-2025,2025-08-05,"[""financial_bad""]",2025-08-04,801141.SI,002229.SZ
801072.SI,True,2025-04-26,True,False,False,True,2022-2025,2025-08-05,"[""financial_bad""]",2025-08-04,801072.SI,002342.SZ
801085.SI,True,2025-04-24,True,False,False,True,2022-2025,2025-08-05,"[""financial_bad""]",2025-08-04,801085.SI,002426.SZ
801764.SI,True,2025-04-26,True,False,False,True,2022-2025,2025-08-05,"[""financial_bad""]",2025-08-04,801764.SI,002624.SZ
801206.SI,True,2025-03-29,True,False,False,True,2022-2025,2025-08-05,"[""financial_bad""]",2025-08-04,801206.SI,002640.SZ
801129.SI,False,2025-04-29,True,False,True,True,2022-2025,2025-08-05,"[""st"",""financial_bad""]",2025-08-04,801129.SI,002650.SZ
801016.SI,True,2025-04-28,True,False,False,True,2022-2025,2025-08-05,"[""financial_bad""]",2025-08-04,801016.SI,300511.SZ
801101.SI,True,2025-04-26,True,False,False,True,2022-2025,2025-08-05,"[""financial_bad""]",2025-08-04,801101.SI,300531.SZ
801104.SI,True,2025-04-28,True,False,False,True,2022-2025,2025-08-05,"[""financial_bad""]",2025-08-04,801104.SI,300624.SZ
801103.SI,True,2025-04-23,True,False,False,True,2022-2025,2025-08-05,"[""financial_bad""]",2025-08-04,801103.SI,300895.SZ
801738.SI,True,2025-04-15,True,False,False,True,2022-2025,2025-08-05,"[""financial_bad""]",2025-08-04,801738.SI,600192.SH
801096.SI,True,2025-03-29,True,False,False,True,2022-2025,2025-08-05,"[""financial_bad""]",2025-08-04,801096.SI,600418.SH
801074.SI,True,2025-04-26,True,False,False,True,2022-2025,2025-08-05,"[""financial_bad""]",2025-08-04,801074.SI,600501.SH
801104.SI,True,2025-04-12,True,False,False,True,2022-2025,2025-08-05,"[""financial_bad""]",2025-08-04,801104.SI,601519.SH
801742.SI,True,2025-04-01,True,False,False,True,2022-2025,2025-08-05,"[""financial_bad""]",2025-08-04,801742.SI,688297.SH
801742.SI,True,2025-04-26,True,False,False,True,2022-2025,2025-08-06,"[""financial_bad""]",2025-08-05,801742.SI,000561.SZ
801074.SI,True,2025-04-25,True,False,False,True,2022-2025,2025-08-06,"[""financial_bad""]",2025-08-05,801074.SI,002009.SZ
801084.SI,True,2025-04-22,True,False,False,True,2022-2025,2025-08-06,"[""financial_bad""]",2025-08-05,801745.SI,002189.SZ
801141.SI,True,2025-04-25,True,False,False,True,2022-2025,2025-08-06,"[""financial_bad""]",2025-08-05,801141.SI,002229.SZ
801072.SI,True,2025-04-26,True,False,False,True,2022-2025,2025-08-06,"[""financial_bad""]",2025-08-05,801072.SI,002342.SZ
801085.SI,True,2025-04-24,True,False,False,True,2022-2025,2025-08-06,"[""financial_bad""]",2025-08-05,801085.SI,002426.SZ
801206.SI,True,2025-03-29,True,False,False,True,2022-2025,2025-08-06,"[""financial_bad""]",2025-08-05,801206.SI,002640.SZ
801129.SI,False,2025-04-29,True,False,True,True,2022-2025,2025-08-06,"[""st"",""financial_bad""]",2025-08-05,801129.SI,002650.SZ
801016.SI,True,2025-04-28,True,False,False,True,2022-2025,2025-08-06,"[""financial_bad""]",2025-08-05,801016.SI,300511.SZ
801101.SI,True,2025-04-26,True,False,False,True,2022-2025,2025-08-06,"[""financial_bad""]",2025-08-05,801101.SI,300531.SZ
801103.SI,True,2025-04-23,True,False,False,True,2022-2025,2025-08-06,"[""financial_bad""]",2025-08-05,801103.SI,300895.SZ
801096.SI,True,2025-03-29,True,False,False,True,2022-2025,2025-08-06,"[""financial_bad""]",2025-08-05,801096.SI,600418.SH
801074.SI,True,2025-04-26,True,False,False,True,2022-2025,2025-08-06,"[""financial_bad""]",2025-08-05,801074.SI,600501.SH
801056.SI,True,2025-03-25,False,False,True,True,2022-2025,2025-08-06,"[""st""]",2025-08-05,801056.SI,600711.SH
801104.SI,True,2025-04-12,True,False,False,True,2022-2025,2025-08-06,"[""financial_bad""]",2025-08-05,801104.SI,601519.SH
801742.SI,True,2025-04-01,True,False,False,True,2022-2025,2025-08-06,"[""financial_bad""]",2025-08-05,801742.SI,688297.SH
801742.SI,True,2025-04-26,True,False,False,True,2022-2025,2025-08-07,"[""financial_bad""]",2025-08-06,801742.SI,000561.SZ
801074.SI,True,2025-04-25,True,False,False,True,2022-2025,2025-08-07,"[""financial_bad""]",2025-08-06,801074.SI,002009.SZ
801084.SI,True,2025-04-22,True,False,False,True,2022-2025,2025-08-07,"[""financial_bad""]",2025-08-06,801745.SI,002189.SZ
801083.SI,True,2025-03-25,False,False,True,True,2022-2025,2025-08-07,"[""st""]",2025-08-06,801083.SI,002199.SZ
801141.SI,True,2025-04-25,True,False,False,True,2022-2025,2025-08-07,"[""financial_bad""]",2025-08-06,801141.SI,002229.SZ
801072.SI,True,2025-04-26,True,False,False,True,2022-2025,2025-08-07,"[""financial_bad""]",2025-08-06,801072.SI,002342.SZ
801085.SI,True,2025-04-24,True,False,False,True,2022-2025,2025-08-07,"[""financial_bad""]",2025-08-06,801085.SI,002426.SZ
801141.SI,True,2025-04-23,True,False,False,True,2022-2025,2025-08-07,"[""financial_bad""]",2025-08-06,801141.SI,002599.SZ
801206.SI,True,2025-03-29,True,False,False,True,2022-2025,2025-08-07,"[""financial_bad""]",2025-08-06,801206.SI,002640.SZ
801129.SI,False,2025-04-29,True,False,True,True,2022-2025,2025-08-07,"[""st"",""financial_bad""]",2025-08-06,801129.SI,002650.SZ
801764.SI,True,2025-04-24,True,False,False,True,2022-2025,2025-08-07,"[""financial_bad""]",2025-08-06,801764.SI,300299.SZ
801016.SI,True,2025-04-28,True,False,False,True,2022-2025,2025-08-07,"[""financial_bad""]",2025-08-06,801016.SI,300511.SZ
801101.SI,True,2025-04-26,True,False,False,True,2022-2025,2025-08-07,"[""financial_bad""]",2025-08-06,801101.SI,300531.SZ
801104.SI,True,2025-04-28,True,False,False,True,2022-2025,2025-08-07,"[""financial_bad""]",2025-08-06,801104.SI,300624.SZ
801103.SI,True,2025-04-23,True,False,False,True,2022-2025,2025-08-07,"[""financial_bad""]",2025-08-06,801103.SI,300895.SZ
801085.SI,True,2025-04-12,True,False,False,True,2022-2025,2025-08-07,"[""financial_bad""]",2025-08-06,801085.SI,600203.SH
801096.SI,True,2025-03-29,True,False,False,True,2022-2025,2025-08-07,"[""financial_bad""]",2025-08-06,801096.SI,600418.SH
801056.SI,True,2025-03-25,False,False,True,True,2022-2025,2025-08-07,"[""st""]",2025-08-06,801056.SI,600711.SH
801104.SI,True,2025-04-12,True,False,False,True,2022-2025,2025-08-07,"[""financial_bad""]",2025-08-06,801104.SI,601519.SH
801742.SI,True,2025-04-01,True,False,False,True,2022-2025,2025-08-07,"[""financial_bad""]",2025-08-06,801742.SI,688297.SH
801742.SI,True,2025-04-26,True,False,False,True,2022-2025,2025-08-08,"[""financial_bad""]",2025-08-07,801742.SI,000561.SZ
801074.SI,True,2025-04-25,True,False,False,True,2022-2025,2025-08-08,"[""financial_bad""]",2025-08-07,801074.SI,002009.SZ
801083.SI,True,2025-03-25,False,False,True,True,2022-2025,2025-08-08,"[""st""]",2025-08-07,801083.SI,002199.SZ
801141.SI,True,2025-04-25,True,False,False,True,2022-2025,2025-08-08,"[""financial_bad""]",2025-08-07,801141.SI,002229.SZ
801072.SI,True,2025-04-26,True,False,False,True,2022-2025,2025-08-08,"[""financial_bad""]",2025-08-07,801072.SI,002342.SZ
801085.SI,True,2025-04-24,True,False,False,True,2022-2025,2025-08-08,"[""financial_bad""]",2025-08-07,801085.SI,002426.SZ
801206.SI,True,2025-03-29,True,False,False,True,2022-2025,2025-08-08,"[""financial_bad""]",2025-08-07,801206.SI,002640.SZ
801129.SI,False,2025-04-29,True,False,True,True,2022-2025,2025-08-08,"[""st"",""financial_bad""]",2025-08-07,801129.SI,002650.SZ
801764.SI,True,2025-04-24,True,False,False,True,2022-2025,2025-08-08,"[""financial_bad""]",2025-08-07,801764.SI,300299.SZ
801016.SI,True,2025-04-28,True,False,False,True,2022-2025,2025-08-08,"[""financial_bad""]",2025-08-07,801016.SI,300511.SZ
801101.SI,True,2025-04-26,True,False,False,True,2022-2025,2025-08-08,"[""financial_bad""]",2025-08-07,801101.SI,300531.SZ
801104.SI,True,2025-04-28,True,False,False,True,2022-2025,2025-08-08,"[""financial_bad""]",2025-08-07,801104.SI,300624.SZ
801103.SI,True,2025-04-23,True,False,False,True,2022-2025,2025-08-08,"[""financial_bad""]",2025-08-07,801103.SI,300895.SZ
801738.SI,True,2025-04-15,True,False,False,True,2022-2025,2025-08-08,"[""financial_bad""]",2025-08-07,801738.SI,600192.SH
801096.SI,True,2025-03-29,True,False,False,True,2022-2025,2025-08-08,"[""financial_bad""]",2025-08-07,801096.SI,600418.SH
801074.SI,True,2025-04-26,True,False,False,True,2022-2025,2025-08-08,"[""financial_bad""]",2025-08-07,801074.SI,600501.SH
801056.SI,True,2025-03-25,False,False,True,True,2022-2025,2025-08-08,"[""st""]",2025-08-07,801056.SI,600711.SH
801742.SI,True,2025-04-01,True,False,False,True,2022-2025,2025-08-08,"[""financial_bad""]",2025-08-07,801742.SI,688297.SH
801742.SI,True,2025-04-26,True,False,False,True,2022-2025,2025-08-11,"[""financial_bad""]",2025-08-08,801742.SI,000561.SZ
801074.SI,True,2025-04-25,True,False,False,True,2022-2025,2025-08-11,"[""financial_bad""]",2025-08-08,801074.SI,002009.SZ
801084.SI,True,2025-04-22,True,False,False,True,2022-2025,2025-08-11,"[""financial_bad""]",2025-08-08,801745.SI,002189.SZ
801141.SI,True,2025-04-25,True,False,False,True,2022-2025,2025-08-11,"[""financial_bad""]",2025-08-08,801141.SI,002229.SZ
801072.SI,True,2025-04-26,True,False,False,True,2022-2025,2025-08-11,"[""financial_bad""]",2025-08-08,801072.SI,002342.SZ
801085.SI,True,2025-04-24,True,False,False,True,2022-2025,2025-08-11,"[""financial_bad""]",2025-08-08,801085.SI,002426.SZ
801206.SI,True,2025-03-29,True,False,False,True,2022-2025,2025-08-11,"[""financial_bad""]",2025-08-08,801206.SI,002640.SZ
801129.SI,False,2025-04-29,True,False,True,True,2022-2025,2025-08-11,"[""st"",""financial_bad""]",2025-08-08,801129.SI,002650.SZ
801016.SI,True,2025-04-28,True,False,False,True,2022-2025,2025-08-11,"[""financial_bad""]",2025-08-08,801016.SI,300511.SZ
801101.SI,True,2025-04-26,True,False,False,True,2022-2025,2025-08-11,"[""financial_bad""]",2025-08-08,801101.SI,300531.SZ
801132.SI,True,2025-04-24,True,False,False,True,2022-2025,2025-08-11,"[""financial_bad""]",2025-08-08,801132.SI,300591.SZ
801103.SI,True,2025-04-23,True,False,False,True,2022-2025,2025-08-11,"[""financial_bad""]",2025-08-08,801103.SI,300895.SZ
801738.SI,True,2025-04-15,True,False,False,True,2022-2025,2025-08-11,"[""financial_bad""]",2025-08-08,801738.SI,600192.SH
801085.SI,True,2025-04-12,True,False,False,True,2022-2025,2025-08-11,"[""financial_bad""]",2025-08-08,801085.SI,600203.SH
801096.SI,True,2025-03-29,True,False,False,True,2022-2025,2025-08-11,"[""financial_bad""]",2025-08-08,801096.SI,600418.SH
801056.SI,True,2025-03-25,False,False,True,True,2022-2025,2025-08-11,"[""st""]",2025-08-08,801056.SI,600711.SH
801104.SI,True,2025-04-12,True,False,False,True,2022-2025,2025-08-11,"[""financial_bad""]",2025-08-08,801104.SI,601519.SH
801742.SI,True,2025-04-01,True,False,False,True,2022-2025,2025-08-11,"[""financial_bad""]",2025-08-08,801742.SI,688297.SH
801081.SI,True,2025-03-28,True,False,False,True,2022-2025,2025-08-11,"[""financial_bad""]",2025-08-08,801081.SI,688347.SH
801742.SI,True,2025-04-26,True,False,False,True,2022-2025,2025-08-12,"[""financial_bad""]",2025-08-11,801742.SI,000561.SZ
801155.SI,True,2025-03-28,True,False,False,True,2022-2025,2025-08-12,"[""financial_bad""]",2025-08-11,801155.SI,000590.SZ
801074.SI,True,2025-04-25,True,False,False,True,2022-2025,2025-08-12,"[""financial_bad""]",2025-08-11,801074.SI,002009.SZ
801084.SI,True,2025-04-22,True,False,False,True,2022-2025,2025-08-12,"[""financial_bad""]",2025-08-11,801745.SI,002189.SZ
801083.SI,True,2025-03-25,False,False,True,True,2022-2025,2025-08-12,"[""st""]",2025-08-11,801083.SI,002199.SZ
801141.SI,True,2025-04-25,True,False,False,True,2022-2025,2025-08-12,"[""financial_bad""]",2025-08-11,801141.SI,002229.SZ
801072.SI,True,2025-04-26,True,False,False,True,2022-2025,2025-08-12,"[""financial_bad""]",2025-08-11,801072.SI,002342.SZ
801085.SI,True,2025-04-24,True,False,False,True,2022-2025,2025-08-12,"[""financial_bad""]",2025-08-11,801085.SI,002426.SZ
801206.SI,True,2025-03-29,True,False,False,True,2022-2025,2025-08-12,"[""financial_bad""]",2025-08-11,801206.SI,002640.SZ
801129.SI,False,2025-04-29,True,False,True,True,2022-2025,2025-08-12,"[""st"",""financial_bad""]",2025-08-11,801129.SI,002650.SZ
801764.SI,True,2025-04-24,True,False,False,True,2022-2025,2025-08-12,"[""financial_bad""]",2025-08-11,801764.SI,300299.SZ
801016.SI,True,2025-04-28,True,False,False,True,2022-2025,2025-08-12,"[""financial_bad""]",2025-08-11,801016.SI,300511.SZ
801101.SI,True,2025-04-26,True,False,False,True,2022-2025,2025-08-12,"[""financial_bad""]",2025-08-11,801101.SI,300531.SZ
801132.SI,True,2025-04-24,True,False,False,True,2022-2025,2025-08-12,"[""financial_bad""]",2025-08-11,801132.SI,300591.SZ
801103.SI,True,2025-04-23,True,False,False,True,2022-2025,2025-08-12,"[""financial_bad""]",2025-08-11,801103.SI,300895.SZ
801738.SI,True,2025-04-15,True,False,False,True,2022-2025,2025-08-12,"[""financial_bad""]",2025-08-11,801738.SI,600192.SH
801096.SI,True,2025-03-29,True,False,False,True,2022-2025,2025-08-12,"[""financial_bad""]",2025-08-11,801096.SI,600418.SH
801056.SI,True,2025-03-25,False,False,True,True,2022-2025,2025-08-12,"[""st""]",2025-08-11,801056.SI,600711.SH
801742.SI,True,2025-04-01,True,False,False,True,2022-2025,2025-08-12,"[""financial_bad""]",2025-08-11,801742.SI,688297.SH
801081.SI,True,2025-03-28,True,False,False,True,2022-2025,2025-08-12,"[""financial_bad""]",2025-08-11,801081.SI,688347.SH
801181.SI,True,2025-04-24,True,False,False,True,2022-2025,2025-08-13,"[""financial_bad""]",2025-08-12,801181.SI,000514.SZ
801084.SI,True,2025-04-22,True,False,False,True,2022-2025,2025-08-13,"[""financial_bad""]",2025-08-12,801745.SI,002189.SZ
801083.SI,True,2025-03-25,False,False,True,True,2022-2025,2025-08-13,"[""st""]",2025-08-12,801083.SI,002199.SZ
801141.SI,True,2025-04-25,True,False,False,True,2022-2025,2025-08-13,"[""financial_bad""]",2025-08-12,801141.SI,002229.SZ
801072.SI,True,2025-04-26,True,False,False,True,2022-2025,2025-08-13,"[""financial_bad""]",2025-08-12,801072.SI,002342.SZ
801085.SI,True,2025-04-24,True,False,False,True,2022-2025,2025-08-13,"[""financial_bad""]",2025-08-12,801085.SI,002426.SZ
801206.SI,True,2025-03-29,True,False,False,True,2022-2025,2025-08-13,"[""financial_bad""]",2025-08-12,801206.SI,002640.SZ
801129.SI,False,2025-04-29,True,False,True,True,2022-2025,2025-08-13,"[""st"",""financial_bad""]",2025-08-12,801129.SI,002650.SZ
801016.SI,True,2025-04-28,True,False,False,True,2022-2025,2025-08-13,"[""financial_bad""]",2025-08-12,801016.SI,300511.SZ
801101.SI,True,2025-04-26,True,False,False,True,2022-2025,2025-08-13,"[""financial_bad""]",2025-08-12,801101.SI,300531.SZ
801103.SI,True,2025-04-23,True,False,False,True,2022-2025,2025-08-13,"[""financial_bad""]",2025-08-12,801103.SI,300895.SZ
801738.SI,True,2025-04-15,True,False,False,True,2022-2025,2025-08-13,"[""financial_bad""]",2025-08-12,801738.SI,600192.SH
801096.SI,True,2025-03-29,True,False,False,True,2022-2025,2025-08-13,"[""financial_bad""]",2025-08-12,801096.SI,600418.SH
801074.SI,True,2025-04-26,True,False,False,True,2022-2025,2025-08-13,"[""financial_bad""]",2025-08-12,801074.SI,600501.SH
801056.SI,True,2025-03-25,False,False,True,True,2022-2025,2025-08-14,"[""st""]",2025-08-12,801056.SI,600711.SH
801742.SI,True,2025-04-01,True,False,False,True,2022-2025,2025-08-13,"[""financial_bad""]",2025-08-12,801742.SI,688297.SH
801081.SI,True,2025-03-28,True,False,False,True,2022-2025,2025-08-13,"[""financial_bad""]",2025-08-12,801081.SI,688347.SH
801155.SI,True,2025-03-28,True,False,False,True,2022-2025,2025-08-14,"[""financial_bad""]",2025-08-13,801155.SI,000590.SZ
801074.SI,True,2025-04-25,True,False,False,True,2022-2025,2025-08-14,"[""financial_bad""]",2025-08-13,801074.SI,002009.SZ
801084.SI,True,2025-04-22,True,False,False,True,2022-2025,2025-08-14,"[""financial_bad""]",2025-08-13,801745.SI,002189.SZ
801083.SI,True,2025-03-25,False,False,True,True,2022-2025,2025-08-14,"[""st""]",2025-08-13,801083.SI,002199.SZ
801141.SI,True,2025-04-25,True,False,False,True,2022-2025,2025-08-14,"[""financial_bad""]",2025-08-13,801141.SI,002229.SZ
801745.SI,True,2025-04-18,True,False,False,True,2022-2025,2025-08-14,"[""financial_bad""]",2025-08-13,801745.SI,002383.SZ
801085.SI,True,2025-04-24,True,False,False,True,2022-2025,2025-08-14,"[""financial_bad""]",2025-08-13,801085.SI,002426.SZ
801206.SI,True,2025-03-29,True,False,False,True,2022-2025,2025-08-14,"[""financial_bad""]",2025-08-13,801206.SI,002640.SZ
801129.SI,False,2025-04-29,True,False,True,True,2022-2025,2025-08-14,"[""st"",""financial_bad""]",2025-08-13,801129.SI,002650.SZ
801016.SI,True,2025-04-28,True,False,False,True,2022-2025,2025-08-14,"[""financial_bad""]",2025-08-13,801016.SI,300511.SZ
801101.SI,True,2025-04-26,True,False,False,True,2022-2025,2025-08-14,"[""financial_bad""]",2025-08-13,801101.SI,300531.SZ
801218.SI,True,2025-04-24,True,False,False,True,2022-2025,2025-08-14,"[""financial_bad""]",2025-08-13,801218.SI,300572.SZ
801103.SI,True,2025-04-23,True,False,False,True,2022-2025,2025-08-14,"[""financial_bad""]",2025-08-13,801103.SI,300895.SZ
801096.SI,True,2025-03-29,True,False,False,True,2022-2025,2025-08-14,"[""financial_bad""]",2025-08-13,801096.SI,600418.SH
801742.SI,True,2025-04-01,True,False,False,True,2022-2025,2025-08-14,"[""financial_bad""]",2025-08-13,801742.SI,688297.SH
801083.SI,True,2025-03-25,False,False,True,True,2022-2025,2025-08-15,"[""st""]",2025-08-14,801083.SI,002199.SZ
801141.SI,True,2025-04-25,True,False,False,True,2022-2025,2025-08-15,"[""financial_bad""]",2025-08-14,801141.SI,002229.SZ
801085.SI,True,2025-04-24,True,False,False,True,2022-2025,2025-08-15,"[""financial_bad""]",2025-08-14,801085.SI,002426.SZ
801206.SI,True,2025-03-29,True,False,False,True,2022-2025,2025-08-15,"[""financial_bad""]",2025-08-14,801206.SI,002640.SZ
801129.SI,False,2025-04-29,True,False,True,True,2022-2025,2025-08-15,"[""st"",""financial_bad""]",2025-08-14,801129.SI,002650.SZ
801016.SI,True,2025-04-28,True,False,False,True,2022-2025,2025-08-15,"[""financial_bad""]",2025-08-14,801016.SI,300511.SZ
801101.SI,True,2025-04-26,True,False,False,True,2022-2025,2025-08-15,"[""financial_bad""]",2025-08-14,801101.SI,300531.SZ
801218.SI,True,2025-04-24,True,False,False,True,2022-2025,2025-08-15,"[""financial_bad""]",2025-08-14,801218.SI,300572.SZ
801103.SI,True,2025-04-23,True,False,False,True,2022-2025,2025-08-15,"[""financial_bad""]",2025-08-14,801103.SI,300895.SZ
801096.SI,True,2025-03-29,True,False,False,True,2022-2025,2025-08-15,"[""financial_bad""]",2025-08-14,801096.SI,600418.SH
801074.SI,True,2025-04-26,True,False,False,True,2022-2025,2025-08-15,"[""financial_bad""]",2025-08-14,801074.SI,600501.SH
801074.SI,True,2025-04-25,True,False,False,True,2022-2025,2025-08-18,"[""financial_bad""]",2025-08-15,801074.SI,002009.SZ
801083.SI,True,2025-03-25,False,False,True,True,2022-2025,2025-08-18,"[""st""]",2025-08-15,801083.SI,002199.SZ
801141.SI,True,2025-04-25,True,False,False,True,2022-2025,2025-08-18,"[""financial_bad""]",2025-08-15,801141.SI,002229.SZ
801724.SI,True,2025-04-25,True,False,False,True,2022-2025,2025-08-18,"[""financial_bad""]",2025-08-15,801104.SI,002298.SZ
801181.SI,True,2025-04-29,False,False,True,True,2022-2025,2025-08-18,"[""st""]",2025-08-15,801181.SI,002305.SZ
801085.SI,True,2025-04-24,True,False,False,True,2022-2025,2025-08-18,"[""financial_bad""]",2025-08-15,801085.SI,002426.SZ
801206.SI,True,2025-03-29,True,False,False,True,2022-2025,2025-08-18,"[""financial_bad""]",2025-08-15,801206.SI,002640.SZ
801129.SI,False,2025-04-29,True,False,True,True,2022-2025,2025-08-18,"[""st"",""financial_bad""]",2025-08-15,801129.SI,002650.SZ
801764.SI,True,2025-04-24,True,False,False,True,2022-2025,2025-08-18,"[""financial_bad""]",2025-08-15,801764.SI,300299.SZ
801016.SI,True,2025-04-28,True,False,False,True,2022-2025,2025-08-18,"[""financial_bad""]",2025-08-15,801016.SI,300511.SZ
801218.SI,True,2025-04-24,True,False,False,True,2022-2025,2025-08-18,"[""financial_bad""]",2025-08-15,801218.SI,300572.SZ
801103.SI,True,2025-04-23,True,False,False,True,2022-2025,2025-08-18,"[""financial_bad""]",2025-08-15,801103.SI,300895.SZ
801096.SI,True,2025-03-29,True,False,False,True,2022-2025,2025-08-18,"[""financial_bad""]",2025-08-15,801096.SI,600418.SH
801074.SI,True,2025-04-26,True,False,False,True,2022-2025,2025-08-18,"[""financial_bad""]",2025-08-15,801074.SI,600501.SH
801181.SI,True,2025-04-24,True,False,False,True,2022-2025,2025-08-19,"[""financial_bad""]",2025-08-18,801181.SI,000514.SZ
801143.SI,True,2025-03-14,True,False,False,True,2022-2025,2025-08-19,"[""financial_bad""]",2025-08-18,801103.SI,000815.SZ
801054.SI,True,2025-04-28,True,False,False,True,2022-2025,2025-08-19,"[""financial_bad""]",2025-08-18,801054.SI,000831.SZ
801074.SI,True,2025-04-25,True,False,False,True,2022-2025,2025-08-19,"[""financial_bad""]",2025-08-18,801074.SI,002009.SZ
801141.SI,True,2025-04-25,True,False,False,True,2022-2025,2025-08-19,"[""financial_bad""]",2025-08-18,801141.SI,002229.SZ
801724.SI,True,2025-04-25,True,False,False,True,2022-2025,2025-08-19,"[""financial_bad""]",2025-08-18,801104.SI,002298.SZ
801181.SI,True,2025-04-29,False,False,True,True,2022-2025,2025-08-19,"[""st""]",2025-08-18,801181.SI,002305.SZ
801085.SI,True,2025-04-24,True,False,False,True,2022-2025,2025-08-19,"[""financial_bad""]",2025-08-18,801085.SI,002426.SZ
801032.SI,True,2025-04-28,True,False,False,True,2022-2025,2025-08-19,"[""financial_bad""]",2025-08-18,801032.SI,002427.SZ
801206.SI,True,2025-03-29,True,False,False,True,2022-2025,2025-08-19,"[""financial_bad""]",2025-08-18,801206.SI,002640.SZ
801129.SI,False,2025-04-29,True,False,True,True,2022-2025,2025-08-19,"[""st"",""financial_bad""]",2025-08-18,801129.SI,002650.SZ
801764.SI,True,2025-04-24,True,False,False,True,2022-2025,2025-08-19,"[""financial_bad""]",2025-08-18,801764.SI,300299.SZ
801016.SI,True,2025-04-28,True,False,False,True,2022-2025,2025-08-19,"[""financial_bad""]",2025-08-18,801016.SI,300511.SZ
801218.SI,True,2025-04-24,True,False,False,True,2022-2025,2025-08-19,"[""financial_bad""]",2025-08-18,801218.SI,300572.SZ
801103.SI,True,2025-04-23,True,False,False,True,2022-2025,2025-08-19,"[""financial_bad""]",2025-08-18,801103.SI,300895.SZ
801096.SI,True,2025-03-29,True,False,False,True,2022-2025,2025-08-19,"[""financial_bad""]",2025-08-18,801096.SI,600418.SH
801074.SI,True,2025-04-26,True,False,False,True,2022-2025,2025-08-19,"[""financial_bad""]",2025-08-18,801074.SI,600501.SH
801742.SI,True,2025-04-01,True,False,False,True,2022-2025,2025-08-19,"[""financial_bad""]",2025-08-18,801742.SI,688297.SH
801181.SI,True,2025-04-24,True,False,False,True,2022-2025,2025-08-20,"[""financial_bad""]",2025-08-19,801181.SI,000514.SZ
801143.SI,True,2025-03-14,True,False,False,True,2022-2025,2025-08-20,"[""financial_bad""]",2025-08-19,801103.SI,000815.SZ
801074.SI,True,2025-04-25,True,False,False,True,2022-2025,2025-08-20,"[""financial_bad""]",2025-08-19,801074.SI,002009.SZ
801083.SI,True,2025-03-25,False,False,True,True,2022-2025,2025-08-20,"[""st""]",2025-08-19,801083.SI,002199.SZ
801141.SI,True,2025-04-25,True,False,False,True,2022-2025,2025-08-20,"[""financial_bad""]",2025-08-19,801141.SI,002229.SZ
801181.SI,True,2025-04-29,False,False,True,True,2022-2025,2025-08-20,"[""st""]",2025-08-19,801181.SI,002305.SZ
801085.SI,True,2025-04-24,True,False,False,True,2022-2025,2025-08-20,"[""financial_bad""]",2025-08-19,801085.SI,002426.SZ
801206.SI,True,2025-03-29,True,False,False,True,2022-2025,2025-08-20,"[""financial_bad""]",2025-08-19,801206.SI,002640.SZ
801129.SI,False,2025-04-29,True,False,True,True,2022-2025,2025-08-20,"[""st"",""financial_bad""]",2025-08-19,801129.SI,002650.SZ
801764.SI,True,2025-04-24,True,False,False,True,2022-2025,2025-08-20,"[""financial_bad""]",2025-08-19,801764.SI,300299.SZ
801101.SI,True,2025-04-19,True,False,False,True,2022-2025,2025-08-20,"[""financial_bad""]",2025-08-19,801101.SI,300324.SZ
801016.SI,True,2025-04-28,True,False,False,True,2022-2025,2025-08-20,"[""financial_bad""]",2025-08-19,801016.SI,300511.SZ
801218.SI,True,2025-04-24,True,False,False,True,2022-2025,2025-08-20,"[""financial_bad""]",2025-08-19,801218.SI,300572.SZ
801132.SI,True,2025-04-24,True,False,False,True,2022-2025,2025-08-20,"[""financial_bad""]",2025-08-19,801132.SI,300591.SZ
801096.SI,True,2025-03-29,True,False,False,True,2022-2025,2025-08-20,"[""financial_bad""]",2025-08-19,801096.SI,600418.SH
801074.SI,True,2025-04-26,True,False,False,True,2022-2025,2025-08-20,"[""financial_bad""]",2025-08-19,801074.SI,600501.SH
801181.SI,True,2025-04-24,True,False,False,True,2022-2025,2025-08-21,"[""financial_bad""]",2025-08-20,801181.SI,000514.SZ
801143.SI,True,2025-03-14,True,False,False,True,2022-2025,2025-08-21,"[""financial_bad""]",2025-08-20,801103.SI,000815.SZ
801054.SI,True,2025-04-28,True,False,False,True,2022-2025,2025-08-21,"[""financial_bad""]",2025-08-20,801054.SI,000831.SZ
801074.SI,True,2025-04-25,True,False,False,True,2022-2025,2025-08-21,"[""financial_bad""]",2025-08-20,801074.SI,002009.SZ
801083.SI,True,2025-03-25,False,False,True,True,2022-2025,2025-08-21,"[""st""]",2025-08-20,801083.SI,002199.SZ
801141.SI,True,2025-04-25,True,False,False,True,2022-2025,2025-08-21,"[""financial_bad""]",2025-08-20,801141.SI,002229.SZ
801724.SI,True,2025-04-25,True,False,False,True,2022-2025,2025-08-21,"[""financial_bad""]",2025-08-20,801104.SI,002298.SZ
801032.SI,True,2025-04-28,True,False,False,True,2022-2025,2025-08-21,"[""financial_bad""]",2025-08-20,801032.SI,002427.SZ
801206.SI,True,2025-03-29,True,False,False,True,2022-2025,2025-08-21,"[""financial_bad""]",2025-08-20,801206.SI,002640.SZ
801129.SI,False,2025-04-29,True,False,True,True,2022-2025,2025-08-21,"[""st"",""financial_bad""]",2025-08-20,801129.SI,002650.SZ
801764.SI,True,2025-04-24,True,False,False,True,2022-2025,2025-08-21,"[""financial_bad""]",2025-08-20,801764.SI,300299.SZ
801101.SI,True,2025-04-19,True,False,False,True,2022-2025,2025-08-21,"[""financial_bad""]",2025-08-20,801101.SI,300324.SZ
801016.SI,True,2025-04-28,True,False,False,True,2022-2025,2025-08-21,"[""financial_bad""]",2025-08-20,801016.SI,300511.SZ
801096.SI,True,2025-03-29,True,False,False,True,2022-2025,2025-08-21,"[""financial_bad""]",2025-08-20,801096.SI,600418.SH
801074.SI,True,2025-04-26,True,False,False,True,2022-2025,2025-08-21,"[""financial_bad""]",2025-08-20,801074.SI,600501.SH
801102.SI,True,2025-04-29,True,False,False,True,2022-2025,2025-08-21,"[""financial_bad""]",2025-08-20,801102.SI,603118.SH
801742.SI,True,2025-04-01,True,False,False,True,2022-2025,2025-08-21,"[""financial_bad""]",2025-08-20,801742.SI,688297.SH
801181.SI,True,2025-04-24,True,False,False,True,2022-2025,2025-08-22,"[""financial_bad""]",2025-08-21,801181.SI,000514.SZ
801074.SI,True,2025-04-25,True,False,False,True,2022-2025,2025-08-22,"[""financial_bad""]",2025-08-21,801074.SI,002009.SZ
801083.SI,True,2025-03-25,False,False,True,True,2022-2025,2025-08-22,"[""st""]",2025-08-21,801083.SI,002199.SZ
801141.SI,True,2025-04-25,True,False,False,True,2022-2025,2025-08-22,"[""financial_bad""]",2025-08-21,801141.SI,002229.SZ
801724.SI,True,2025-04-25,True,False,False,True,2022-2025,2025-08-22,"[""financial_bad""]",2025-08-21,801104.SI,002298.SZ
801085.SI,True,2025-04-24,True,False,False,True,2022-2025,2025-08-22,"[""financial_bad""]",2025-08-21,801085.SI,002426.SZ
801032.SI,True,2025-04-28,True,False,False,True,2022-2025,2025-08-22,"[""financial_bad""]",2025-08-21,801032.SI,002427.SZ
801129.SI,False,2025-04-29,True,False,True,True,2022-2025,2025-08-22,"[""st"",""financial_bad""]",2025-08-21,801129.SI,002650.SZ
801764.SI,True,2025-04-24,True,False,False,True,2022-2025,2025-08-22,"[""financial_bad""]",2025-08-21,801764.SI,300299.SZ
801101.SI,True,2025-04-19,True,False,False,True,2022-2025,2025-08-22,"[""financial_bad""]",2025-08-21,801101.SI,300324.SZ
801016.SI,True,2025-04-28,True,False,False,True,2022-2025,2025-08-22,"[""financial_bad""]",2025-08-21,801016.SI,300511.SZ
801096.SI,True,2025-03-29,True,False,False,True,2022-2025,2025-08-22,"[""financial_bad""]",2025-08-21,801096.SI,600418.SH
801074.SI,True,2025-04-26,True,False,False,True,2022-2025,2025-08-22,"[""financial_bad""]",2025-08-21,801074.SI,600501.SH
801742.SI,True,2025-04-01,True,False,False,True,2022-2025,2025-08-22,"[""financial_bad""]",2025-08-21,801742.SI,688297.SH
801181.SI,True,2025-04-24,True,False,False,True,2022-2025,2025-08-25,"[""financial_bad""]",2025-08-22,801181.SI,000514.SZ
801074.SI,True,2025-04-25,True,False,False,True,2022-2025,2025-08-25,"[""financial_bad""]",2025-08-22,801074.SI,002009.SZ
801083.SI,True,2025-03-25,False,False,True,True,2022-2025,2025-08-25,"[""st""]",2025-08-22,801083.SI,002199.SZ
801724.SI,True,2025-04-25,True,False,False,True,2022-2025,2025-08-25,"[""financial_bad""]",2025-08-22,801104.SI,002298.SZ
801085.SI,True,2025-04-24,True,False,False,True,2022-2025,2025-08-25,"[""financial_bad""]",2025-08-22,801085.SI,002426.SZ
801032.SI,True,2025-04-28,True,False,False,True,2022-2025,2025-08-25,"[""financial_bad""]",2025-08-22,801032.SI,002427.SZ
801764.SI,True,2025-04-24,True,False,False,True,2022-2025,2025-08-25,"[""financial_bad""]",2025-08-22,801764.SI,300299.SZ
801104.SI,True,2025-04-21,True,False,False,True,2022-2025,2025-08-25,"[""financial_bad""]",2025-08-22,801104.SI,300352.SZ
801016.SI,True,2025-04-28,True,False,False,True,2022-2025,2025-08-25,"[""financial_bad""]",2025-08-22,801016.SI,300511.SZ
801103.SI,True,2025-04-19,True,False,False,True,2022-2025,2025-08-25,"[""financial_bad""]",2025-08-22,801103.SI,600446.SH
801074.SI,True,2025-04-26,True,False,False,True,2022-2025,2025-08-25,"[""financial_bad""]",2025-08-22,801074.SI,600501.SH
801103.SI,True,2025-04-19,True,False,False,True,2022-2025,2025-08-25,"[""financial_bad""]",2025-08-22,801103.SI,688158.SH
801742.SI,True,2025-04-01,True,False,False,True,2022-2025,2025-08-25,"[""financial_bad""]",2025-08-22,801742.SI,688297.SH
801181.SI,True,2025-04-24,True,False,False,True,2022-2025,2025-08-26,"[""financial_bad""]",2025-08-25,801181.SI,000514.SZ
801103.SI,True,2025-03-29,True,False,False,True,2022-2025,2025-08-26,"[""financial_bad""]",2025-08-25,801103.SI,000555.SZ
801074.SI,True,2025-04-25,True,False,False,True,2022-2025,2025-08-26,"[""financial_bad""]",2025-08-25,801074.SI,002009.SZ
801083.SI,True,2025-03-25,False,False,True,True,2022-2025,2025-08-26,"[""st""]",2025-08-25,801083.SI,002199.SZ
801724.SI,True,2025-04-25,True,False,False,True,2022-2025,2025-08-26,"[""financial_bad""]",2025-08-25,801104.SI,002298.SZ
801085.SI,True,2025-04-24,True,False,False,True,2022-2025,2025-08-26,"[""financial_bad""]",2025-08-25,801085.SI,002426.SZ
801032.SI,True,2025-04-28,True,False,False,True,2022-2025,2025-08-26,"[""financial_bad""]",2025-08-25,801032.SI,002427.SZ
801141.SI,True,2025-04-23,True,False,False,True,2022-2025,2025-08-26,"[""financial_bad""]",2025-08-25,801141.SI,002599.SZ
801764.SI,True,2025-04-24,True,False,False,True,2022-2025,2025-08-26,"[""financial_bad""]",2025-08-25,801764.SI,300299.SZ
801101.SI,True,2025-04-19,True,False,False,True,2022-2025,2025-08-26,"[""financial_bad""]",2025-08-25,801101.SI,300324.SZ
801104.SI,True,2025-04-21,True,False,False,True,2022-2025,2025-08-26,"[""financial_bad""]",2025-08-25,801104.SI,300352.SZ
801016.SI,True,2025-04-28,True,False,False,True,2022-2025,2025-08-26,"[""financial_bad""]",2025-08-25,801016.SI,300511.SZ
801104.SI,True,2025-04-28,True,False,False,True,2022-2025,2025-08-26,"[""financial_bad""]",2025-08-25,801104.SI,300624.SZ
801072.SI,True,2025-04-24,True,False,False,True,2022-2025,2025-08-26,"[""financial_bad""]",2025-08-25,801072.SI,300700.SZ
801103.SI,True,2025-04-24,True,False,False,True,2022-2025,2025-08-26,"[""financial_bad""]",2025-08-25,801103.SI,301396.SZ
801085.SI,True,2025-04-12,True,False,False,True,2022-2025,2025-08-26,"[""financial_bad""]",2025-08-25,801085.SI,600203.SH
801054.SI,True,2025-03-29,True,False,False,True,2022-2025,2025-08-26,"[""financial_bad""]",2025-08-25,801054.SI,600259.SH
801074.SI,True,2025-04-26,True,False,False,True,2022-2025,2025-08-26,"[""financial_bad""]",2025-08-25,801074.SI,600501.SH
801102.SI,True,2025-04-29,True,False,False,True,2022-2025,2025-08-26,"[""financial_bad""]",2025-08-25,801102.SI,603118.SH
801103.SI,True,2025-04-19,True,False,False,True,2022-2025,2025-08-26,"[""financial_bad""]",2025-08-25,801103.SI,688158.SH
801742.SI,True,2025-04-01,True,False,False,True,2022-2025,2025-08-26,"[""financial_bad""]",2025-08-25,801742.SI,688297.SH
801181.SI,True,2025-04-24,True,False,False,True,2022-2025,2025-08-27,"[""financial_bad""]",2025-08-26,801181.SI,000514.SZ
801103.SI,True,2025-03-29,True,False,False,True,2022-2025,2025-08-27,"[""financial_bad""]",2025-08-26,801103.SI,000555.SZ
801143.SI,True,2025-03-14,True,False,False,True,2022-2025,2025-08-27,"[""financial_bad""]",2025-08-26,801103.SI,000815.SZ
801054.SI,True,2025-04-28,True,False,False,True,2022-2025,2025-08-27,"[""financial_bad""]",2025-08-26,801054.SI,000831.SZ
801074.SI,True,2025-04-25,True,False,False,True,2022-2025,2025-08-27,"[""financial_bad""]",2025-08-26,801074.SI,002009.SZ
801083.SI,True,2025-03-25,False,False,True,True,2022-2025,2025-08-27,"[""st""]",2025-08-26,801083.SI,002199.SZ
801724.SI,True,2025-04-25,True,False,False,True,2022-2025,2025-08-27,"[""financial_bad""]",2025-08-26,801104.SI,002298.SZ
801745.SI,True,2025-04-18,True,False,False,True,2022-2025,2025-08-27,"[""financial_bad""]",2025-08-26,801745.SI,002383.SZ
801032.SI,True,2025-04-28,True,False,False,True,2022-2025,2025-08-27,"[""financial_bad""]",2025-08-26,801032.SI,002427.SZ
801128.SI,False,2025-04-24,True,False,False,True,2022-2025,2025-08-27,"[""financial_bad""]",2025-08-26,801128.SI,002582.SZ
801764.SI,True,2025-04-24,True,False,False,True,2022-2025,2025-08-27,"[""financial_bad""]",2025-08-26,801764.SI,300299.SZ
801101.SI,True,2025-04-19,True,False,False,True,2022-2025,2025-08-27,"[""financial_bad""]",2025-08-26,801101.SI,300324.SZ
801104.SI,True,2025-04-21,True,False,False,True,2022-2025,2025-08-27,"[""financial_bad""]",2025-08-26,801104.SI,300352.SZ
801016.SI,True,2025-04-28,True,False,False,True,2022-2025,2025-08-27,"[""financial_bad""]",2025-08-26,801016.SI,300511.SZ
801104.SI,True,2025-04-28,True,False,False,True,2022-2025,2025-08-27,"[""financial_bad""]",2025-08-26,801104.SI,300624.SZ
801072.SI,True,2025-04-24,True,False,False,True,2022-2025,2025-08-27,"[""financial_bad""]",2025-08-26,801072.SI,300700.SZ
801103.SI,True,2025-04-24,True,False,False,True,2022-2025,2025-08-27,"[""financial_bad""]",2025-08-26,801103.SI,301396.SZ
801103.SI,True,2025-04-19,True,False,False,True,2022-2025,2025-08-27,"[""financial_bad""]",2025-08-26,801103.SI,600446.SH
801074.SI,True,2025-04-26,True,False,False,True,2022-2025,2025-08-27,"[""financial_bad""]",2025-08-26,801074.SI,600501.SH
801102.SI,True,2025-04-29,True,False,False,True,2022-2025,2025-08-27,"[""financial_bad""]",2025-08-26,801102.SI,603118.SH
801103.SI,True,2025-04-19,True,False,False,True,2022-2025,2025-08-27,"[""financial_bad""]",2025-08-26,801103.SI,688158.SH
801742.SI,True,2025-04-01,True,False,False,True,2022-2025,2025-08-27,"[""financial_bad""]",2025-08-26,801742.SI,688297.SH
801103.SI,True,2025-03-29,True,False,False,True,2022-2025,2025-08-28,"[""financial_bad""]",2025-08-27,801103.SI,000555.SZ
801074.SI,True,2025-04-25,True,False,False,True,2022-2025,2025-08-28,"[""financial_bad""]",2025-08-27,801074.SI,002009.SZ
801083.SI,True,2025-03-25,False,False,True,True,2022-2025,2025-08-28,"[""st""]",2025-08-27,801083.SI,002199.SZ
801724.SI,True,2025-04-25,True,False,False,True,2022-2025,2025-08-28,"[""financial_bad""]",2025-08-27,801104.SI,002298.SZ
801101.SI,True,2025-04-19,True,False,False,True,2022-2025,2025-08-28,"[""financial_bad""]",2025-08-27,801101.SI,300324.SZ
801104.SI,True,2025-04-21,True,False,False,True,2022-2025,2025-08-28,"[""financial_bad""]",2025-08-27,801104.SI,300352.SZ
801072.SI,True,2025-04-19,True,False,False,True,2022-2025,2025-08-28,"[""financial_bad""]",2025-08-27,801072.SI,300420.SZ
801016.SI,True,2025-04-28,True,False,False,True,2022-2025,2025-08-28,"[""financial_bad""]",2025-08-27,801016.SI,300511.SZ
801218.SI,True,2025-04-24,True,False,False,True,2022-2025,2025-08-28,"[""financial_bad""]",2025-08-27,801218.SI,300572.SZ
801072.SI,True,2025-04-24,True,False,False,True,2022-2025,2025-08-28,"[""financial_bad""]",2025-08-27,801072.SI,300700.SZ
801741.SI,True,2025-04-12,True,False,False,True,2022-2025,2025-08-28,"[""financial_bad""]",2025-08-27,801741.SI,600118.SH
801738.SI,True,2025-04-15,True,False,False,True,2022-2025,2025-08-28,"[""financial_bad""]",2025-08-27,801738.SI,600192.SH
801085.SI,True,2025-04-12,True,False,False,True,2022-2025,2025-08-28,"[""financial_bad""]",2025-08-27,801085.SI,600203.SH
801096.SI,True,2025-03-29,True,False,False,True,2022-2025,2025-08-28,"[""financial_bad""]",2025-08-27,801096.SI,600418.SH
801103.SI,True,2025-04-19,True,False,False,True,2022-2025,2025-08-28,"[""financial_bad""]",2025-08-27,801103.SI,600446.SH
801074.SI,True,2025-04-26,True,False,False,True,2022-2025,2025-08-28,"[""financial_bad""]",2025-08-27,801074.SI,600501.SH
801103.SI,True,2025-04-19,True,False,False,True,2022-2025,2025-08-28,"[""financial_bad""]",2025-08-27,801103.SI,688158.SH
801742.SI,True,2025-04-01,True,False,False,True,2022-2025,2025-08-28,"[""financial_bad""]",2025-08-27,801742.SI,688297.SH
801103.SI,True,2025-03-29,True,False,False,True,2022-2025,2025-08-29,"[""financial_bad""]",2025-08-28,801103.SI,000555.SZ
801143.SI,True,2025-03-14,True,False,False,True,2022-2025,2025-08-29,"[""financial_bad""]",2025-08-28,801103.SI,000815.SZ
801074.SI,True,2025-04-25,True,False,False,True,2022-2025,2025-08-29,"[""financial_bad""]",2025-08-28,801074.SI,002009.SZ
801083.SI,True,2025-03-25,False,False,True,True,2022-2025,2025-08-29,"[""st""]",2025-08-28,801083.SI,002199.SZ
801745.SI,True,2025-04-18,True,False,False,True,2022-2025,2025-08-29,"[""financial_bad""]",2025-08-28,801745.SI,002383.SZ
801206.SI,True,2025-03-29,True,False,False,True,2022-2025,2025-08-29,"[""financial_bad""]",2025-08-28,801206.SI,002640.SZ
801072.SI,True,2025-04-19,True,False,False,True,2022-2025,2025-08-29,"[""financial_bad""]",2025-08-28,801072.SI,300420.SZ
801016.SI,True,2025-04-28,True,False,False,True,2022-2025,2025-08-29,"[""financial_bad""]",2025-08-28,801016.SI,300511.SZ
801218.SI,True,2025-04-24,True,False,False,True,2022-2025,2025-08-29,"[""financial_bad""]",2025-08-28,801218.SI,300572.SZ
801072.SI,True,2025-04-24,True,False,False,True,2022-2025,2025-08-29,"[""financial_bad""]",2025-08-28,801072.SI,300700.SZ
801103.SI,True,2025-04-24,True,False,False,True,2022-2025,2025-08-29,"[""financial_bad""]",2025-08-28,801103.SI,301396.SZ
801738.SI,True,2025-04-15,True,False,False,True,2022-2025,2025-08-29,"[""financial_bad""]",2025-08-28,801738.SI,600192.SH
801085.SI,True,2025-04-12,True,False,False,True,2022-2025,2025-08-29,"[""financial_bad""]",2025-08-28,801085.SI,600203.SH
801096.SI,True,2025-03-29,True,False,False,True,2022-2025,2025-08-29,"[""financial_bad""]",2025-08-28,801096.SI,600418.SH
801074.SI,True,2025-04-26,True,False,False,True,2022-2025,2025-08-29,"[""financial_bad""]",2025-08-28,801074.SI,600501.SH
801102.SI,True,2025-04-29,True,False,False,True,2022-2025,2025-08-29,"[""financial_bad""]",2025-08-28,801102.SI,603118.SH
801103.SI,True,2025-04-19,True,False,False,True,2022-2025,2025-08-29,"[""financial_bad""]",2025-08-28,801103.SI,688158.SH
801742.SI,True,2025-04-01,True,False,False,True,2022-2025,2025-08-29,"[""financial_bad""]",2025-08-28,801742.SI,688297.SH
801104.SI,True,2025-04-30,True,False,False,True,2022-2025,2025-08-29,"[""financial_bad""]",2025-08-28,801104.SI,688561.SH
801103.SI,True,2025-03-29,True,False,False,True,2022-2025,2025-09-01,"[""financial_bad""]",2025-08-29,801103.SI,000555.SZ
801143.SI,True,2025-03-14,True,False,False,True,2022-2025,2025-09-01,"[""financial_bad""]",2025-08-29,801103.SI,000815.SZ
801074.SI,True,2025-04-25,True,False,False,True,2022-2025,2025-09-01,"[""financial_bad""]",2025-08-29,801074.SI,002009.SZ
801083.SI,True,2025-03-25,False,False,True,True,2022-2025,2025-09-01,"[""st""]",2025-08-29,801083.SI,002199.SZ
801724.SI,True,2025-04-25,True,False,False,True,2022-2025,2025-09-01,"[""financial_bad""]",2025-08-29,801104.SI,002298.SZ
801745.SI,True,2025-04-18,True,False,False,True,2022-2025,2025-09-01,"[""financial_bad""]",2025-08-29,801745.SI,002383.SZ
801206.SI,True,2025-03-29,True,False,False,True,2022-2025,2025-09-01,"[""financial_bad""]",2025-08-29,801206.SI,002640.SZ
801101.SI,True,2025-04-19,True,False,False,True,2022-2025,2025-09-01,"[""financial_bad""]",2025-08-29,801101.SI,300324.SZ
801072.SI,True,2025-04-19,True,False,False,True,2022-2025,2025-09-01,"[""financial_bad""]",2025-08-29,801072.SI,300420.SZ
801016.SI,True,2025-04-28,True,False,False,True,2022-2025,2025-09-01,"[""financial_bad""]",2025-08-29,801016.SI,300511.SZ
801218.SI,True,2025-04-24,True,False,False,True,2022-2025,2025-09-01,"[""financial_bad""]",2025-08-29,801218.SI,300572.SZ
801072.SI,True,2025-04-24,True,False,False,True,2022-2025,2025-09-01,"[""financial_bad""]",2025-08-29,801072.SI,300700.SZ
801103.SI,True,2025-04-24,True,False,False,True,2022-2025,2025-09-01,"[""financial_bad""]",2025-08-29,801103.SI,301396.SZ
801738.SI,True,2025-04-15,True,False,False,True,2022-2025,2025-09-01,"[""financial_bad""]",2025-08-29,801738.SI,600192.SH
801085.SI,True,2025-04-12,True,False,False,True,2022-2025,2025-09-01,"[""financial_bad""]",2025-08-29,801085.SI,600203.SH
801054.SI,True,2025-03-29,True,False,False,True,2022-2025,2025-09-01,"[""financial_bad""]",2025-08-29,801054.SI,600259.SH
801103.SI,True,2025-04-19,True,False,False,True,2022-2025,2025-09-01,"[""financial_bad""]",2025-08-29,801103.SI,600446.SH
801074.SI,True,2025-04-26,True,False,False,True,2022-2025,2025-09-01,"[""financial_bad""]",2025-08-29,801074.SI,600501.SH
801103.SI,True,2025-04-19,True,False,False,True,2022-2025,2025-09-01,"[""financial_bad""]",2025-08-29,801103.SI,688158.SH
801742.SI,True,2025-04-01,True,False,False,True,2022-2025,2025-09-01,"[""financial_bad""]",2025-08-29,801742.SI,688297.SH
801103.SI,True,2025-03-29,True,False,False,True,2022-2025,2025-09-02,"[""financial_bad""]",2025-09-01,801103.SI,000555.SZ
801074.SI,True,2025-04-25,True,False,False,True,2022-2025,2025-09-02,"[""financial_bad""]",2025-09-01,801074.SI,002009.SZ
801083.SI,True,2025-03-25,False,False,True,True,2022-2025,2025-09-02,"[""st""]",2025-09-01,801083.SI,002199.SZ
801724.SI,True,2025-04-25,True,False,False,True,2022-2025,2025-09-02,"[""financial_bad""]",2025-09-01,801104.SI,002298.SZ
801206.SI,True,2025-03-29,True,False,False,True,2022-2025,2025-09-02,"[""financial_bad""]",2025-09-01,801206.SI,002640.SZ
801072.SI,True,2025-04-19,True,False,False,True,2022-2025,2025-09-02,"[""financial_bad""]",2025-09-01,801072.SI,300420.SZ
801016.SI,True,2025-04-28,True,False,False,True,2022-2025,2025-09-02,"[""financial_bad""]",2025-09-01,801016.SI,300511.SZ
801218.SI,True,2025-04-24,True,False,False,True,2022-2025,2025-09-02,"[""financial_bad""]",2025-09-01,801218.SI,300572.SZ
801072.SI,True,2025-04-24,True,False,False,True,2022-2025,2025-09-02,"[""financial_bad""]",2025-09-01,801072.SI,300700.SZ
801103.SI,True,2025-04-24,True,False,False,True,2022-2025,2025-09-02,"[""financial_bad""]",2025-09-01,801103.SI,301396.SZ
801741.SI,True,2025-04-12,True,False,False,True,2022-2025,2025-09-02,"[""financial_bad""]",2025-09-01,801741.SI,600118.SH
801738.SI,True,2025-04-15,True,False,False,True,2022-2025,2025-09-02,"[""financial_bad""]",2025-09-01,801738.SI,600192.SH
801085.SI,True,2025-04-12,True,False,False,True,2022-2025,2025-09-02,"[""financial_bad""]",2025-09-01,801085.SI,600203.SH
801081.SI,True,2025-04-30,True,False,False,True,2022-2025,2025-09-02,"[""financial_bad""]",2025-09-01,801081.SI,600206.SH
801054.SI,True,2025-03-29,True,False,False,True,2022-2025,2025-09-02,"[""financial_bad""]",2025-09-01,801054.SI,600259.SH
801103.SI,True,2025-04-19,True,False,False,True,2022-2025,2025-09-02,"[""financial_bad""]",2025-09-01,801103.SI,600446.SH
801074.SI,True,2025-04-26,True,False,False,True,2022-2025,2025-09-02,"[""financial_bad""]",2025-09-01,801074.SI,600501.SH
801102.SI,True,2025-04-29,True,False,False,True,2022-2025,2025-09-02,"[""financial_bad""]",2025-09-01,801102.SI,603118.SH
801103.SI,True,2025-04-19,True,False,False,True,2022-2025,2025-09-02,"[""financial_bad""]",2025-09-01,801103.SI,688158.SH
801742.SI,True,2025-04-01,True,False,False,True,2022-2025,2025-09-02,"[""financial_bad""]",2025-09-01,801742.SI,688297.SH
801074.SI,True,2025-04-25,True,False,False,True,2022-2025,2025-09-03,"[""financial_bad""]",2025-09-02,801074.SI,002009.SZ
801223.SI,True,2025-04-28,True,False,False,True,2022-2025,2025-09-03,"[""financial_bad""]",2025-09-02,801223.SI,002115.SZ
801083.SI,True,2025-03-25,False,False,True,True,2022-2025,2025-09-03,"[""st""]",2025-09-02,801083.SI,002199.SZ
801141.SI,True,2025-04-25,True,False,False,True,2022-2025,2025-09-03,"[""financial_bad""]",2025-09-02,801141.SI,002229.SZ
801206.SI,True,2025-03-29,True,False,False,True,2022-2025,2025-09-03,"[""financial_bad""]",2025-09-02,801206.SI,002640.SZ
801016.SI,True,2025-04-28,True,False,False,True,2022-2025,2025-09-03,"[""financial_bad""]",2025-09-02,801016.SI,300511.SZ
801218.SI,True,2025-04-24,True,False,False,True,2022-2025,2025-09-03,"[""financial_bad""]",2025-09-02,801218.SI,300572.SZ
801072.SI,True,2025-04-24,True,False,False,True,2022-2025,2025-09-03,"[""financial_bad""]",2025-09-02,801072.SI,300700.SZ
801103.SI,True,2025-04-24,True,False,False,True,2022-2025,2025-09-03,"[""financial_bad""]",2025-09-02,801103.SI,301396.SZ
801741.SI,True,2025-04-12,True,False,False,True,2022-2025,2025-09-03,"[""financial_bad""]",2025-09-02,801741.SI,600118.SH
801738.SI,True,2025-04-15,True,False,False,True,2022-2025,2025-09-03,"[""financial_bad""]",2025-09-02,801738.SI,600192.SH
801085.SI,True,2025-04-12,True,False,False,True,2022-2025,2025-09-03,"[""financial_bad""]",2025-09-02,801085.SI,600203.SH
801081.SI,True,2025-04-30,True,False,False,True,2022-2025,2025-09-03,"[""financial_bad""]",2025-09-02,801081.SI,600206.SH
801054.SI,True,2025-03-29,True,False,False,True,2022-2025,2025-09-03,"[""financial_bad""]",2025-09-02,801054.SI,600259.SH
801074.SI,True,2025-04-26,True,False,False,True,2022-2025,2025-09-03,"[""financial_bad""]",2025-09-02,801074.SI,600501.SH
801742.SI,True,2025-04-01,True,False,False,True,2022-2025,2025-09-03,"[""financial_bad""]",2025-09-02,801742.SI,688297.SH
801742.SI,True,2025-04-26,True,False,False,True,2022-2025,2025-09-04,"[""financial_bad""]",2025-09-03,801742.SI,000561.SZ
801223.SI,True,2025-04-28,True,False,False,True,2022-2025,2025-09-04,"[""financial_bad""]",2025-09-03,801223.SI,002115.SZ
801083.SI,True,2025-03-25,False,False,True,True,2022-2025,2025-09-04,"[""st""]",2025-09-03,801083.SI,002199.SZ
801141.SI,True,2025-04-25,True,False,False,True,2022-2025,2025-09-04,"[""financial_bad""]",2025-09-03,801141.SI,002229.SZ
801206.SI,True,2025-03-29,True,False,False,True,2022-2025,2025-09-04,"[""financial_bad""]",2025-09-03,801206.SI,002640.SZ
801016.SI,True,2025-04-28,True,False,False,True,2022-2025,2025-09-04,"[""financial_bad""]",2025-09-03,801016.SI,300511.SZ
801101.SI,True,2025-04-26,True,False,False,True,2022-2025,2025-09-04,"[""financial_bad""]",2025-09-03,801101.SI,300531.SZ
801218.SI,True,2025-04-24,True,False,False,True,2022-2025,2025-09-04,"[""financial_bad""]",2025-09-03,801218.SI,300572.SZ
801742.SI,True,2025-04-29,True,False,False,True,2022-2025,2025-09-04,"[""financial_bad""]",2025-09-03,801742.SI,300581.SZ
801103.SI,True,2025-04-23,True,False,False,True,2022-2025,2025-09-04,"[""financial_bad""]",2025-09-03,801103.SI,300895.SZ
801103.SI,True,2025-04-24,True,False,False,True,2022-2025,2025-09-04,"[""financial_bad""]",2025-09-03,801103.SI,301396.SZ
801741.SI,True,2025-04-12,True,False,False,True,2022-2025,2025-09-04,"[""financial_bad""]",2025-09-03,801741.SI,600118.SH
801743.SI,True,2025-04-29,True,False,False,True,2022-2025,2025-09-04,"[""financial_bad""]",2025-09-03,801743.SI,600184.SH
801738.SI,True,2025-04-15,True,False,False,True,2022-2025,2025-09-04,"[""financial_bad""]",2025-09-03,801738.SI,600192.SH
801085.SI,True,2025-04-12,True,False,False,True,2022-2025,2025-09-04,"[""financial_bad""]",2025-09-03,801085.SI,600203.SH
801096.SI,True,2025-03-29,True,False,False,True,2022-2025,2025-09-04,"[""financial_bad""]",2025-09-03,801096.SI,600418.SH
801132.SI,True,2025-04-28,True,False,False,True,2022-2025,2025-09-04,"[""financial_bad""]",2025-09-03,801132.SI,601718.SH
801102.SI,True,2025-04-29,True,False,False,True,2022-2025,2025-09-04,"[""financial_bad""]",2025-09-03,801102.SI,603118.SH
801742.SI,True,2025-04-26,True,False,False,True,2022-2025,2025-09-05,"[""financial_bad""]",2025-09-04,801742.SI,000561.SZ
801074.SI,True,2025-04-25,True,False,False,True,2022-2025,2025-09-05,"[""financial_bad""]",2025-09-04,801074.SI,002009.SZ
801141.SI,True,2025-04-25,True,False,False,True,2022-2025,2025-09-05,"[""financial_bad""]",2025-09-04,801141.SI,002229.SZ
801764.SI,True,2025-04-29,False,False,True,True,2022-2025,2025-09-05,"[""st""]",2025-09-04,801764.SI,002602.SZ
801206.SI,True,2025-03-29,True,False,False,True,2022-2025,2025-09-05,"[""financial_bad""]",2025-09-04,801206.SI,002640.SZ
801223.SI,True,2025-04-26,True,False,False,True,2022-2025,2025-09-05,"[""financial_bad""]",2025-09-04,801081.SI,300053.SZ
801101.SI,True,2025-04-19,True,False,False,True,2022-2025,2025-09-05,"[""financial_bad""]",2025-09-04,801101.SI,300324.SZ
801016.SI,True,2025-04-28,True,False,False,True,2022-2025,2025-09-05,"[""financial_bad""]",2025-09-04,801016.SI,300511.SZ
801101.SI,True,2025-04-26,True,False,False,True,2022-2025,2025-09-05,"[""financial_bad""]",2025-09-04,801101.SI,300531.SZ
801218.SI,True,2025-04-24,True,False,False,True,2022-2025,2025-09-05,"[""financial_bad""]",2025-09-04,801218.SI,300572.SZ
801742.SI,True,2025-04-29,True,False,False,True,2022-2025,2025-09-05,"[""financial_bad""]",2025-09-04,801742.SI,300581.SZ
801103.SI,True,2025-04-23,True,False,False,True,2022-2025,2025-09-05,"[""financial_bad""]",2025-09-04,801103.SI,300895.SZ
801743.SI,True,2025-04-29,True,False,False,True,2022-2025,2025-09-05,"[""financial_bad""]",2025-09-04,801743.SI,600184.SH
801738.SI,True,2025-04-15,True,False,False,True,2022-2025,2025-09-05,"[""financial_bad""]",2025-09-04,801738.SI,600192.SH
801085.SI,True,2025-04-12,True,False,False,True,2022-2025,2025-09-05,"[""financial_bad""]",2025-09-04,801085.SI,600203.SH
801096.SI,True,2025-03-29,True,False,False,True,2022-2025,2025-09-05,"[""financial_bad""]",2025-09-04,801096.SI,600418.SH
801132.SI,True,2025-04-28,True,False,False,True,2022-2025,2025-09-05,"[""financial_bad""]",2025-09-04,801132.SI,601718.SH
801156.SI,True,2025-04-23,False,False,True,True,2022-2025,2025-09-05,"[""st""]",2025-09-04,801151.SI,688076.SH
801742.SI,True,2025-04-26,True,False,False,True,2022-2025,2025-09-08,"[""financial_bad""]",2025-09-05,801742.SI,000561.SZ
801074.SI,True,2025-04-25,True,False,False,True,2022-2025,2025-09-08,"[""financial_bad""]",2025-09-05,801074.SI,002009.SZ
801223.SI,True,2025-04-28,True,False,False,True,2022-2025,2025-09-08,"[""financial_bad""]",2025-09-05,801223.SI,002115.SZ
801083.SI,True,2025-03-25,False,False,True,True,2022-2025,2025-09-08,"[""st""]",2025-09-05,801083.SI,002199.SZ
801141.SI,True,2025-04-25,True,False,False,True,2022-2025,2025-09-08,"[""financial_bad""]",2025-09-05,801141.SI,002229.SZ
801206.SI,True,2025-03-29,True,False,False,True,2022-2025,2025-09-08,"[""financial_bad""]",2025-09-05,801206.SI,002640.SZ
801101.SI,True,2025-04-19,True,False,False,True,2022-2025,2025-09-08,"[""financial_bad""]",2025-09-05,801101.SI,300324.SZ
801016.SI,True,2025-04-28,True,False,False,True,2022-2025,2025-09-08,"[""financial_bad""]",2025-09-05,801016.SI,300511.SZ
801101.SI,True,2025-04-26,True,False,False,True,2022-2025,2025-09-08,"[""financial_bad""]",2025-09-05,801101.SI,300531.SZ
801218.SI,True,2025-04-24,True,False,False,True,2022-2025,2025-09-08,"[""financial_bad""]",2025-09-05,801218.SI,300572.SZ
801742.SI,True,2025-04-29,True,False,False,True,2022-2025,2025-09-08,"[""financial_bad""]",2025-09-05,801742.SI,300581.SZ
801072.SI,True,2025-04-24,True,False,False,True,2022-2025,2025-09-08,"[""financial_bad""]",2025-09-05,801072.SI,300700.SZ
801103.SI,True,2025-04-24,True,False,False,True,2022-2025,2025-09-08,"[""financial_bad""]",2025-09-05,801103.SI,301396.SZ
801743.SI,True,2025-04-29,True,False,False,True,2022-2025,2025-09-08,"[""financial_bad""]",2025-09-05,801743.SI,600184.SH
801738.SI,True,2025-04-15,True,False,False,True,2022-2025,2025-09-08,"[""financial_bad""]",2025-09-05,801738.SI,600192.SH
801085.SI,True,2025-04-12,True,False,False,True,2022-2025,2025-09-08,"[""financial_bad""]",2025-09-05,801085.SI,600203.SH
801096.SI,True,2025-03-29,True,False,False,True,2022-2025,2025-09-08,"[""financial_bad""]",2025-09-05,801096.SI,600418.SH
801132.SI,True,2025-04-28,True,False,False,True,2022-2025,2025-09-08,"[""financial_bad""]",2025-09-05,801132.SI,601718.SH
801156.SI,True,2025-04-23,False,False,True,True,2022-2025,2025-09-08,"[""st""]",2025-09-05,801151.SI,688076.SH
801742.SI,True,2025-04-26,True,False,False,True,2022-2025,2025-09-09,"[""financial_bad""]",2025-09-08,801742.SI,000561.SZ
801083.SI,True,2025-03-25,False,False,True,True,2022-2025,2025-09-09,"[""st""]",2025-09-08,801083.SI,002199.SZ
801141.SI,True,2025-04-25,True,False,False,True,2022-2025,2025-09-09,"[""financial_bad""]",2025-09-08,801141.SI,002229.SZ
801206.SI,True,2025-03-29,True,False,False,True,2022-2025,2025-09-09,"[""financial_bad""]",2025-09-08,801206.SI,002640.SZ
801101.SI,True,2025-04-19,True,False,False,True,2022-2025,2025-09-09,"[""financial_bad""]",2025-09-08,801101.SI,300324.SZ
801103.SI,True,2025-04-28,True,False,True,True,2022-2025,2025-09-11,"[""st"",""financial_bad""]",2025-09-08,801103.SI,300419.SZ
801016.SI,True,2025-04-28,True,False,False,True,2022-2025,2025-09-09,"[""financial_bad""]",2025-09-08,801016.SI,300511.SZ
801101.SI,True,2025-04-26,True,False,False,True,2022-2025,2025-09-09,"[""financial_bad""]",2025-09-08,801101.SI,300531.SZ
801218.SI,True,2025-04-24,True,False,False,True,2022-2025,2025-09-09,"[""financial_bad""]",2025-09-08,801218.SI,300572.SZ
801742.SI,True,2025-04-29,True,False,False,True,2022-2025,2025-09-09,"[""financial_bad""]",2025-09-08,801742.SI,300581.SZ
801072.SI,True,2025-04-24,True,False,False,True,2022-2025,2025-09-09,"[""financial_bad""]",2025-09-08,801072.SI,300700.SZ
801103.SI,True,2025-04-23,True,False,False,True,2022-2025,2025-09-09,"[""financial_bad""]",2025-09-08,801103.SI,300895.SZ
801103.SI,True,2025-04-24,True,False,False,True,2022-2025,2025-09-09,"[""financial_bad""]",2025-09-08,801103.SI,301396.SZ
801741.SI,True,2025-04-12,True,False,False,True,2022-2025,2025-09-09,"[""financial_bad""]",2025-09-08,801741.SI,600118.SH
801743.SI,True,2025-04-29,True,False,False,True,2022-2025,2025-09-09,"[""financial_bad""]",2025-09-08,801743.SI,600184.SH
801738.SI,True,2025-04-15,True,False,False,True,2022-2025,2025-09-09,"[""financial_bad""]",2025-09-08,801738.SI,600192.SH
801085.SI,True,2025-04-12,True,False,False,True,2022-2025,2025-09-09,"[""financial_bad""]",2025-09-08,801085.SI,600203.SH
801132.SI,True,2025-04-28,True,False,False,True,2022-2025,2025-09-09,"[""financial_bad""]",2025-09-08,801132.SI,601718.SH
801743.SI,True,2025-04-24,True,False,False,True,2022-2025,2025-09-10,"[""financial_bad""]",2025-09-09,801743.SI,000519.SZ
801742.SI,True,2025-04-26,True,False,False,True,2022-2025,2025-09-10,"[""financial_bad""]",2025-09-09,801742.SI,000561.SZ
801074.SI,True,2025-04-25,True,False,False,True,2022-2025,2025-09-10,"[""financial_bad""]",2025-09-09,801074.SI,002009.SZ
801141.SI,True,2025-04-25,True,False,False,True,2022-2025,2025-09-10,"[""financial_bad""]",2025-09-09,801141.SI,002229.SZ
801206.SI,True,2025-03-29,True,False,False,True,2022-2025,2025-09-10,"[""financial_bad""]",2025-09-09,801206.SI,002640.SZ
801101.SI,True,2025-04-19,True,False,False,True,2022-2025,2025-09-10,"[""financial_bad""]",2025-09-09,801101.SI,300324.SZ
801072.SI,True,2025-04-19,True,False,False,True,2022-2025,2025-09-10,"[""financial_bad""]",2025-09-09,801072.SI,300420.SZ
801016.SI,True,2025-04-28,True,False,False,True,2022-2025,2025-09-10,"[""financial_bad""]",2025-09-09,801016.SI,300511.SZ
801101.SI,True,2025-04-26,True,False,False,True,2022-2025,2025-09-10,"[""financial_bad""]",2025-09-09,801101.SI,300531.SZ
801218.SI,True,2025-04-24,True,False,False,True,2022-2025,2025-09-10,"[""financial_bad""]",2025-09-09,801218.SI,300572.SZ
801742.SI,True,2025-04-29,True,False,False,True,2022-2025,2025-09-10,"[""financial_bad""]",2025-09-09,801742.SI,300581.SZ
801072.SI,True,2025-04-24,True,False,False,True,2022-2025,2025-09-10,"[""financial_bad""]",2025-09-09,801072.SI,300700.SZ
801103.SI,True,2025-04-23,True,False,False,True,2022-2025,2025-09-10,"[""financial_bad""]",2025-09-09,801103.SI,300895.SZ
801741.SI,True,2025-04-12,True,False,False,True,2022-2025,2025-09-10,"[""financial_bad""]",2025-09-09,801741.SI,600118.SH
801743.SI,True,2025-04-29,True,False,False,True,2022-2025,2025-09-10,"[""financial_bad""]",2025-09-09,801743.SI,600184.SH
801738.SI,True,2025-04-15,True,False,False,True,2022-2025,2025-09-10,"[""financial_bad""]",2025-09-09,801738.SI,600192.SH
801085.SI,True,2025-04-12,True,False,False,True,2022-2025,2025-09-10,"[""financial_bad""]",2025-09-09,801085.SI,600203.SH
801731.SI,True,2025-04-19,True,False,False,True,2022-2025,2025-09-10,"[""financial_bad""]",2025-09-09,801731.SI,603988.SH
801103.SI,True,2025-04-22,True,False,False,True,2022-2025,2025-09-10,"[""financial_bad""]",2025-09-09,801103.SI,688039.SH
801156.SI,True,2025-04-23,False,False,True,True,2022-2025,2025-09-10,"[""st""]",2025-09-09,801151.SI,688076.SH
801081.SI,True,2025-03-28,True,False,False,True,2022-2025,2025-09-10,"[""financial_bad""]",2025-09-09,801081.SI,688347.SH
801743.SI,True,2025-04-24,True,False,False,True,2022-2025,2025-09-11,"[""financial_bad""]",2025-09-10,801743.SI,000519.SZ
801742.SI,True,2025-04-26,True,False,False,True,2022-2025,2025-09-11,"[""financial_bad""]",2025-09-10,801742.SI,000561.SZ
801074.SI,True,2025-04-25,True,False,False,True,2022-2025,2025-09-11,"[""financial_bad""]",2025-09-10,801074.SI,002009.SZ
801083.SI,True,2025-03-25,False,False,True,True,2022-2025,2025-09-11,"[""st""]",2025-09-10,801083.SI,002199.SZ
801141.SI,True,2025-04-25,True,False,False,True,2022-2025,2025-09-11,"[""financial_bad""]",2025-09-10,801141.SI,002229.SZ
801206.SI,True,2025-03-29,True,False,False,True,2022-2025,2025-09-11,"[""financial_bad""]",2025-09-10,801206.SI,002640.SZ
801101.SI,True,2025-04-19,True,False,False,True,2022-2025,2025-09-11,"[""financial_bad""]",2025-09-10,801101.SI,300324.SZ
801072.SI,True,2025-04-19,True,False,False,True,2022-2025,2025-09-11,"[""financial_bad""]",2025-09-10,801072.SI,300420.SZ
801101.SI,True,2025-04-26,True,False,False,True,2022-2025,2025-09-11,"[""financial_bad""]",2025-09-10,801101.SI,300531.SZ
801218.SI,True,2025-04-24,True,False,False,True,2022-2025,2025-09-11,"[""financial_bad""]",2025-09-10,801218.SI,300572.SZ
801742.SI,True,2025-04-29,True,False,False,True,2022-2025,2025-09-11,"[""financial_bad""]",2025-09-10,801742.SI,300581.SZ
801103.SI,True,2025-04-23,True,False,False,True,2022-2025,2025-09-11,"[""financial_bad""]",2025-09-10,801103.SI,300895.SZ
801103.SI,True,2025-04-24,True,False,False,True,2022-2025,2025-09-11,"[""financial_bad""]",2025-09-10,801103.SI,301396.SZ
801741.SI,True,2025-04-12,True,False,False,True,2022-2025,2025-09-11,"[""financial_bad""]",2025-09-10,801741.SI,600118.SH
801743.SI,True,2025-04-29,True,False,False,True,2022-2025,2025-09-11,"[""financial_bad""]",2025-09-10,801743.SI,600184.SH
801738.SI,True,2025-04-15,True,False,False,True,2022-2025,2025-09-11,"[""financial_bad""]",2025-09-10,801738.SI,600192.SH
801085.SI,True,2025-04-12,True,False,False,True,2022-2025,2025-09-11,"[""financial_bad""]",2025-09-10,801085.SI,600203.SH
801074.SI,True,2025-04-26,True,False,False,True,2022-2025,2025-09-11,"[""financial_bad""]",2025-09-10,801074.SI,600501.SH
801132.SI,True,2025-04-28,True,False,False,True,2022-2025,2025-09-11,"[""financial_bad""]",2025-09-10,801132.SI,601718.SH
801731.SI,True,2025-04-19,True,False,False,True,2022-2025,2025-09-11,"[""financial_bad""]",2025-09-10,801731.SI,603988.SH
801156.SI,True,2025-04-23,False,False,True,True,2022-2025,2025-09-11,"[""st""]",2025-09-10,801151.SI,688076.SH
801742.SI,True,2025-04-26,True,False,False,True,2022-2025,2025-09-12,"[""financial_bad""]",2025-09-11,801742.SI,000561.SZ
801074.SI,True,2025-04-25,True,False,False,True,2022-2025,2025-09-12,"[""financial_bad""]",2025-09-11,801074.SI,002009.SZ
801083.SI,True,2025-03-25,False,False,True,True,2022-2025,2025-09-12,"[""st""]",2025-09-11,801083.SI,002199.SZ
801141.SI,True,2025-04-25,True,False,False,True,2022-2025,2025-09-12,"[""financial_bad""]",2025-09-11,801141.SI,002229.SZ
801206.SI,True,2025-03-29,True,False,False,True,2022-2025,2025-09-12,"[""financial_bad""]",2025-09-11,801206.SI,002640.SZ
801764.SI,True,2025-04-28,True,False,False,True,2022-2025,2025-09-12,"[""financial_bad""]",2025-09-11,801764.SI,300043.SZ
801103.SI,True,2025-04-26,True,False,False,True,2022-2025,2025-09-12,"[""financial_bad""]",2025-09-11,801103.SI,300287.SZ
801101.SI,True,2025-04-19,True,False,False,True,2022-2025,2025-09-12,"[""financial_bad""]",2025-09-11,801101.SI,300324.SZ
801072.SI,True,2025-04-19,True,False,False,True,2022-2025,2025-09-12,"[""financial_bad""]",2025-09-11,801072.SI,300420.SZ
801016.SI,True,2025-04-28,True,False,False,True,2022-2025,2025-09-12,"[""financial_bad""]",2025-09-11,801016.SI,300511.SZ
801101.SI,True,2025-04-26,True,False,False,True,2022-2025,2025-09-12,"[""financial_bad""]",2025-09-11,801101.SI,300531.SZ
801218.SI,True,2025-04-24,True,False,False,True,2022-2025,2025-09-12,"[""financial_bad""]",2025-09-11,801218.SI,300572.SZ
801742.SI,True,2025-04-29,True,False,False,True,2022-2025,2025-09-12,"[""financial_bad""]",2025-09-11,801742.SI,300581.SZ
801103.SI,True,2025-04-24,True,False,False,True,2022-2025,2025-09-12,"[""financial_bad""]",2025-09-11,801103.SI,301396.SZ
801741.SI,True,2025-04-12,True,False,False,True,2022-2025,2025-09-12,"[""financial_bad""]",2025-09-11,801741.SI,600118.SH
801743.SI,True,2025-04-29,True,False,False,True,2022-2025,2025-09-12,"[""financial_bad""]",2025-09-11,801743.SI,600184.SH
801738.SI,True,2025-04-15,True,False,False,True,2022-2025,2025-09-12,"[""financial_bad""]",2025-09-11,801738.SI,600192.SH
801085.SI,True,2025-04-12,True,False,False,True,2022-2025,2025-09-12,"[""financial_bad""]",2025-09-11,801085.SI,600203.SH
801074.SI,True,2025-04-26,True,False,False,True,2022-2025,2025-09-12,"[""financial_bad""]",2025-09-11,801074.SI,600501.SH
801132.SI,True,2025-04-28,True,False,False,True,2022-2025,2025-09-12,"[""financial_bad""]",2025-09-11,801132.SI,601718.SH
801731.SI,True,2025-04-19,True,False,False,True,2022-2025,2025-09-12,"[""financial_bad""]",2025-09-11,801731.SI,603988.SH
801156.SI,True,2025-04-23,False,False,True,True,2022-2025,2025-09-12,"[""st""]",2025-09-11,801151.SI,688076.SH
801181.SI,True,2025-04-24,True,False,False,True,2022-2025,2025-09-15,"[""financial_bad""]",2025-09-12,801181.SI,000514.SZ
801742.SI,True,2025-04-26,True,False,False,True,2022-2025,2025-09-15,"[""financial_bad""]",2025-09-12,801742.SI,000561.SZ
801074.SI,True,2025-04-25,True,False,False,True,2022-2025,2025-09-15,"[""financial_bad""]",2025-09-12,801074.SI,002009.SZ
801083.SI,True,2025-03-25,False,False,True,True,2022-2025,2025-09-15,"[""st""]",2025-09-12,801083.SI,002199.SZ
801141.SI,True,2025-04-25,True,False,False,True,2022-2025,2025-09-15,"[""financial_bad""]",2025-09-12,801141.SI,002229.SZ
801206.SI,True,2025-03-29,True,False,False,True,2022-2025,2025-09-15,"[""financial_bad""]",2025-09-12,801206.SI,002640.SZ
801764.SI,True,2025-04-28,True,False,False,True,2022-2025,2025-09-15,"[""financial_bad""]",2025-09-12,801764.SI,300043.SZ
801072.SI,True,2025-04-19,True,False,False,True,2022-2025,2025-09-15,"[""financial_bad""]",2025-09-12,801072.SI,300420.SZ
801101.SI,True,2025-04-26,True,False,False,True,2022-2025,2025-09-15,"[""financial_bad""]",2025-09-12,801101.SI,300531.SZ
801218.SI,True,2025-04-24,True,False,False,True,2022-2025,2025-09-15,"[""financial_bad""]",2025-09-12,801218.SI,300572.SZ
801742.SI,True,2025-04-29,True,False,False,True,2022-2025,2025-09-15,"[""financial_bad""]",2025-09-12,801742.SI,300581.SZ
801103.SI,True,2025-04-24,True,False,False,True,2022-2025,2025-09-15,"[""financial_bad""]",2025-09-12,801103.SI,301396.SZ
801741.SI,True,2025-04-12,True,False,False,True,2022-2025,2025-09-15,"[""financial_bad""]",2025-09-12,801741.SI,600118.SH
801743.SI,True,2025-04-29,True,False,False,True,2022-2025,2025-09-15,"[""financial_bad""]",2025-09-12,801743.SI,600184.SH
801738.SI,True,2025-04-15,True,False,False,True,2022-2025,2025-09-15,"[""financial_bad""]",2025-09-12,801738.SI,600192.SH
801085.SI,True,2025-04-12,True,False,False,True,2022-2025,2025-09-15,"[""financial_bad""]",2025-09-12,801085.SI,600203.SH
801074.SI,True,2025-04-26,True,False,False,True,2022-2025,2025-09-15,"[""financial_bad""]",2025-09-12,801074.SI,600501.SH
801132.SI,True,2025-04-28,True,False,False,True,2022-2025,2025-09-15,"[""financial_bad""]",2025-09-12,801132.SI,601718.SH
801731.SI,True,2025-04-19,True,False,False,True,2022-2025,2025-09-15,"[""financial_bad""]",2025-09-12,801731.SI,603988.SH
801156.SI,True,2025-04-23,False,False,True,True,2022-2025,2025-09-15,"[""st""]",2025-09-12,801151.SI,688076.SH
801181.SI,True,2025-04-24,True,False,False,True,2022-2025,2025-09-16,"[""financial_bad""]",2025-09-15,801181.SI,000514.SZ
801742.SI,True,2025-04-26,True,False,False,True,2022-2025,2025-09-16,"[""financial_bad""]",2025-09-15,801742.SI,000561.SZ
801151.SI,True,2025-04-29,True,False,False,True,2022-2025,2025-09-16,"[""financial_bad""]",2025-09-15,801151.SI,000813.SZ
801074.SI,True,2025-04-25,True,False,False,True,2022-2025,2025-09-16,"[""financial_bad""]",2025-09-15,801074.SI,002009.SZ
801083.SI,True,2025-03-25,False,False,True,True,2022-2025,2025-09-16,"[""st""]",2025-09-15,801083.SI,002199.SZ
801141.SI,True,2025-04-25,True,False,False,True,2022-2025,2025-09-16,"[""financial_bad""]",2025-09-15,801141.SI,002229.SZ
801132.SI,True,2025-04-29,True,False,False,True,2022-2025,2025-09-16,"[""financial_bad""]",2025-09-15,801132.SI,002269.SZ
801206.SI,True,2025-03-29,True,False,False,True,2022-2025,2025-09-16,"[""financial_bad""]",2025-09-15,801206.SI,002640.SZ
801016.SI,True,2025-04-28,True,False,False,True,2022-2025,2025-09-16,"[""financial_bad""]",2025-09-15,801016.SI,300511.SZ
801101.SI,True,2025-04-26,True,False,False,True,2022-2025,2025-09-16,"[""financial_bad""]",2025-09-15,801101.SI,300531.SZ
801742.SI,True,2025-04-29,True,False,False,True,2022-2025,2025-09-16,"[""financial_bad""]",2025-09-15,801742.SI,300581.SZ
801103.SI,True,2025-04-24,True,False,False,True,2022-2025,2025-09-16,"[""financial_bad""]",2025-09-15,801103.SI,301396.SZ
801741.SI,True,2025-04-12,True,False,False,True,2022-2025,2025-09-16,"[""financial_bad""]",2025-09-15,801741.SI,600118.SH
801743.SI,True,2025-04-29,True,False,False,True,2022-2025,2025-09-16,"[""financial_bad""]",2025-09-15,801743.SI,600184.SH
801738.SI,True,2025-04-15,True,False,False,True,2022-2025,2025-09-16,"[""financial_bad""]",2025-09-15,801738.SI,600192.SH
801085.SI,True,2025-04-12,True,False,False,True,2022-2025,2025-09-16,"[""financial_bad""]",2025-09-15,801085.SI,600203.SH
801074.SI,True,2025-04-26,True,False,False,True,2022-2025,2025-09-16,"[""financial_bad""]",2025-09-15,801074.SI,600501.SH
801132.SI,True,2025-04-28,True,False,False,True,2022-2025,2025-09-16,"[""financial_bad""]",2025-09-15,801132.SI,601718.SH
801181.SI,True,2025-04-24,True,False,False,True,2022-2025,2025-09-17,"[""financial_bad""]",2025-09-16,801181.SI,000514.SZ
801742.SI,True,2025-04-26,True,False,False,True,2022-2025,2025-09-17,"[""financial_bad""]",2025-09-16,801742.SI,000561.SZ
801151.SI,True,2025-04-29,True,False,False,True,2022-2025,2025-09-17,"[""financial_bad""]",2025-09-16,801151.SI,000813.SZ
801074.SI,True,2025-04-25,True,False,False,True,2022-2025,2025-09-17,"[""financial_bad""]",2025-09-16,801074.SI,002009.SZ
801223.SI,True,2025-04-28,True,False,False,True,2022-2025,2025-09-17,"[""financial_bad""]",2025-09-16,801223.SI,002115.SZ
801141.SI,True,2025-04-25,True,False,False,True,2022-2025,2025-09-17,"[""financial_bad""]",2025-09-16,801141.SI,002229.SZ
801724.SI,True,2025-04-25,True,False,False,True,2022-2025,2025-09-17,"[""financial_bad""]",2025-09-16,801104.SI,002298.SZ
801078.SI,True,2025-04-29,True,False,False,True,2022-2025,2025-09-17,"[""financial_bad""]",2025-09-16,801078.SI,002747.SZ
801072.SI,True,2025-04-19,True,False,False,True,2022-2025,2025-09-17,"[""financial_bad""]",2025-09-16,801072.SI,300420.SZ
801016.SI,True,2025-04-28,True,False,False,True,2022-2025,2025-09-17,"[""financial_bad""]",2025-09-16,801016.SI,300511.SZ
801101.SI,True,2025-04-26,True,False,False,True,2022-2025,2025-09-17,"[""financial_bad""]",2025-09-16,801101.SI,300531.SZ
801742.SI,True,2025-04-29,True,False,False,True,2022-2025,2025-09-17,"[""financial_bad""]",2025-09-16,801742.SI,300581.SZ
801103.SI,True,2025-04-24,True,False,False,True,2022-2025,2025-09-17,"[""financial_bad""]",2025-09-16,801103.SI,301396.SZ
801741.SI,True,2025-04-12,True,False,False,True,2022-2025,2025-09-17,"[""financial_bad""]",2025-09-16,801741.SI,600118.SH
801743.SI,True,2025-04-29,True,False,False,True,2022-2025,2025-09-17,"[""financial_bad""]",2025-09-16,801743.SI,600184.SH
801738.SI,True,2025-04-15,True,False,False,True,2022-2025,2025-09-17,"[""financial_bad""]",2025-09-16,801738.SI,600192.SH
801085.SI,True,2025-04-12,True,False,False,True,2022-2025,2025-09-17,"[""financial_bad""]",2025-09-16,801085.SI,600203.SH
801074.SI,True,2025-04-26,True,False,False,True,2022-2025,2025-09-17,"[""financial_bad""]",2025-09-16,801074.SI,600501.SH
801181.SI,True,2025-04-24,True,False,False,True,2022-2025,2025-09-18,"[""financial_bad""]",2025-09-17,801181.SI,000514.SZ
801742.SI,True,2025-04-26,True,False,False,True,2022-2025,2025-09-18,"[""financial_bad""]",2025-09-17,801742.SI,000561.SZ
801151.SI,True,2025-04-29,True,False,False,True,2022-2025,2025-09-18,"[""financial_bad""]",2025-09-17,801151.SI,000813.SZ
801074.SI,True,2025-04-25,True,False,False,True,2022-2025,2025-09-18,"[""financial_bad""]",2025-09-17,801074.SI,002009.SZ
801223.SI,True,2025-04-28,True,False,False,True,2022-2025,2025-09-18,"[""financial_bad""]",2025-09-17,801223.SI,002115.SZ
801141.SI,True,2025-04-25,True,False,False,True,2022-2025,2025-09-18,"[""financial_bad""]",2025-09-17,801141.SI,002229.SZ
801132.SI,True,2025-04-29,True,False,False,True,2022-2025,2025-09-18,"[""financial_bad""]",2025-09-17,801132.SI,002269.SZ
801078.SI,True,2025-04-29,True,False,False,True,2022-2025,2025-09-18,"[""financial_bad""]",2025-09-17,801078.SI,002747.SZ
801072.SI,True,2025-04-19,True,False,False,True,2022-2025,2025-09-18,"[""financial_bad""]",2025-09-17,801072.SI,300420.SZ
801016.SI,True,2025-04-28,True,False,False,True,2022-2025,2025-09-18,"[""financial_bad""]",2025-09-17,801016.SI,300511.SZ
801101.SI,True,2025-04-26,True,False,False,True,2022-2025,2025-09-18,"[""financial_bad""]",2025-09-17,801101.SI,300531.SZ
801742.SI,True,2025-04-29,True,False,False,True,2022-2025,2025-09-18,"[""financial_bad""]",2025-09-17,801742.SI,300581.SZ
801103.SI,True,2025-04-24,True,False,False,True,2022-2025,2025-09-18,"[""financial_bad""]",2025-09-17,801103.SI,301396.SZ
801741.SI,True,2025-04-12,True,False,False,True,2022-2025,2025-09-18,"[""financial_bad""]",2025-09-17,801741.SI,600118.SH
801743.SI,True,2025-04-29,True,False,False,True,2022-2025,2025-09-18,"[""financial_bad""]",2025-09-17,801743.SI,600184.SH
801738.SI,True,2025-04-15,True,False,False,True,2022-2025,2025-09-18,"[""financial_bad""]",2025-09-17,801738.SI,600192.SH
801074.SI,True,2025-04-26,True,False,False,True,2022-2025,2025-09-18,"[""financial_bad""]",2025-09-17,801074.SI,600501.SH
801102.SI,True,2025-04-29,True,False,False,True,2022-2025,2025-09-18,"[""financial_bad""]",2025-09-17,801102.SI,603118.SH
801743.SI,True,2025-04-24,True,False,False,True,2022-2025,2025-09-19,"[""financial_bad""]",2025-09-18,801743.SI,000519.SZ
801742.SI,True,2025-04-26,True,False,False,True,2022-2025,2025-09-19,"[""financial_bad""]",2025-09-18,801742.SI,000561.SZ
801074.SI,True,2025-04-25,True,False,False,True,2022-2025,2025-09-19,"[""financial_bad""]",2025-09-18,801074.SI,002009.SZ
801223.SI,True,2025-04-28,True,False,False,True,2022-2025,2025-09-19,"[""financial_bad""]",2025-09-18,801223.SI,002115.SZ
801141.SI,True,2025-04-25,True,False,False,True,2022-2025,2025-09-19,"[""financial_bad""]",2025-09-18,801141.SI,002229.SZ
801074.SI,True,2025-04-26,True,False,False,True,2022-2025,2025-09-19,"[""financial_bad""]",2025-09-18,801074.SI,002527.SZ
801206.SI,True,2025-03-29,True,False,False,True,2022-2025,2025-09-19,"[""financial_bad""]",2025-09-18,801206.SI,002640.SZ
801078.SI,True,2025-04-29,True,False,False,True,2022-2025,2025-09-19,"[""financial_bad""]",2025-09-18,801078.SI,002747.SZ
801223.SI,True,2025-04-26,True,False,False,True,2022-2025,2025-09-19,"[""financial_bad""]",2025-09-18,801081.SI,300053.SZ
801072.SI,True,2025-04-19,True,False,False,True,2022-2025,2025-09-19,"[""financial_bad""]",2025-09-18,801072.SI,300420.SZ
801016.SI,True,2025-04-28,True,False,False,True,2022-2025,2025-09-19,"[""financial_bad""]",2025-09-18,801016.SI,300511.SZ
801101.SI,True,2025-04-26,True,False,False,True,2022-2025,2025-09-19,"[""financial_bad""]",2025-09-18,801101.SI,300531.SZ
801742.SI,True,2025-04-29,True,False,False,True,2022-2025,2025-09-19,"[""financial_bad""]",2025-09-18,801742.SI,300581.SZ
801103.SI,True,2025-04-23,True,False,False,True,2022-2025,2025-09-19,"[""financial_bad""]",2025-09-18,801103.SI,300895.SZ
801103.SI,True,2025-04-24,True,False,False,True,2022-2025,2025-09-19,"[""financial_bad""]",2025-09-18,801103.SI,301396.SZ
801741.SI,True,2025-04-12,True,False,False,True,2022-2025,2025-09-19,"[""financial_bad""]",2025-09-18,801741.SI,600118.SH
801743.SI,True,2025-04-29,True,False,False,True,2022-2025,2025-09-19,"[""financial_bad""]",2025-09-18,801743.SI,600184.SH
801738.SI,True,2025-04-15,True,False,False,True,2022-2025,2025-09-19,"[""financial_bad""]",2025-09-18,801738.SI,600192.SH
801085.SI,True,2025-04-12,True,False,False,True,2022-2025,2025-09-19,"[""financial_bad""]",2025-09-18,801085.SI,600203.SH
801074.SI,True,2025-04-26,True,False,False,True,2022-2025,2025-09-19,"[""financial_bad""]",2025-09-18,801074.SI,600501.SH
801102.SI,True,2025-04-29,True,False,False,True,2022-2025,2025-09-19,"[""financial_bad""]",2025-09-18,801102.SI,603118.SH
801742.SI,True,2025-04-26,True,False,False,True,2022-2025,2025-09-22,"[""financial_bad""]",2025-09-19,801742.SI,000561.SZ
801074.SI,True,2025-04-25,True,False,False,True,2022-2025,2025-09-22,"[""financial_bad""]",2025-09-19,801074.SI,002009.SZ
801223.SI,True,2025-04-28,True,False,False,True,2022-2025,2025-09-22,"[""financial_bad""]",2025-09-19,801223.SI,002115.SZ
801141.SI,True,2025-04-25,True,False,False,True,2022-2025,2025-09-22,"[""financial_bad""]",2025-09-19,801141.SI,002229.SZ
801074.SI,True,2025-04-26,True,False,False,True,2022-2025,2025-09-22,"[""financial_bad""]",2025-09-19,801074.SI,002527.SZ
801764.SI,True,2025-04-28,True,False,False,True,2022-2025,2025-09-22,"[""financial_bad""]",2025-09-19,801764.SI,300043.SZ
801223.SI,True,2025-04-26,True,False,False,True,2022-2025,2025-09-22,"[""financial_bad""]",2025-09-19,801081.SI,300053.SZ
801074.SI,True,2025-04-26,True,False,False,True,2022-2025,2025-09-22,"[""financial_bad""]",2025-09-19,801074.SI,300382.SZ
801072.SI,True,2025-04-19,True,False,False,True,2022-2025,2025-09-22,"[""financial_bad""]",2025-09-19,801072.SI,300420.SZ
801016.SI,True,2025-04-28,True,False,False,True,2022-2025,2025-09-22,"[""financial_bad""]",2025-09-19,801016.SI,300511.SZ
801101.SI,True,2025-04-26,True,False,False,True,2022-2025,2025-09-22,"[""financial_bad""]",2025-09-19,801101.SI,300531.SZ
801742.SI,True,2025-04-29,True,False,False,True,2022-2025,2025-09-22,"[""financial_bad""]",2025-09-19,801742.SI,300581.SZ
801103.SI,True,2025-04-23,True,False,False,True,2022-2025,2025-09-22,"[""financial_bad""]",2025-09-19,801103.SI,300895.SZ
801103.SI,True,2025-04-24,True,False,False,True,2022-2025,2025-09-22,"[""financial_bad""]",2025-09-19,801103.SI,301396.SZ
801741.SI,True,2025-04-12,True,False,False,True,2022-2025,2025-09-22,"[""financial_bad""]",2025-09-19,801741.SI,600118.SH
801743.SI,True,2025-04-29,True,False,False,True,2022-2025,2025-09-22,"[""financial_bad""]",2025-09-19,801743.SI,600184.SH
801085.SI,True,2025-04-12,True,False,False,True,2022-2025,2025-09-22,"[""financial_bad""]",2025-09-19,801085.SI,600203.SH
801074.SI,True,2025-04-26,True,False,False,True,2022-2025,2025-09-22,"[""financial_bad""]",2025-09-19,801074.SI,600501.SH
801132.SI,True,2025-04-28,True,False,False,True,2022-2025,2025-09-22,"[""financial_bad""]",2025-09-19,801132.SI,601718.SH
801731.SI,True,2025-04-19,True,False,False,True,2022-2025,2025-09-22,"[""financial_bad""]",2025-09-19,801731.SI,603988.SH
801742.SI,True,2025-04-26,True,False,False,True,2022-2025,2025-09-23,"[""financial_bad""]",2025-09-22,801742.SI,000561.SZ
801074.SI,True,2025-04-25,True,False,False,True,2022-2025,2025-09-23,"[""financial_bad""]",2025-09-22,801074.SI,002009.SZ
801223.SI,True,2025-04-28,True,False,False,True,2022-2025,2025-09-23,"[""financial_bad""]",2025-09-22,801223.SI,002115.SZ
801141.SI,True,2025-04-25,True,False,False,True,2022-2025,2025-09-23,"[""financial_bad""]",2025-09-22,801141.SI,002229.SZ
801724.SI,True,2025-04-25,True,False,False,True,2022-2025,2025-09-23,"[""financial_bad""]",2025-09-22,801104.SI,002298.SZ
801074.SI,True,2025-04-26,True,False,False,True,2022-2025,2025-09-23,"[""financial_bad""]",2025-09-22,801074.SI,002527.SZ
801206.SI,True,2025-03-29,True,False,False,True,2022-2025,2025-09-23,"[""financial_bad""]",2025-09-22,801206.SI,002640.SZ
801764.SI,True,2025-04-28,True,False,False,True,2022-2025,2025-09-23,"[""financial_bad""]",2025-09-22,801764.SI,300043.SZ
801074.SI,True,2025-04-26,True,False,False,True,2022-2025,2025-09-23,"[""financial_bad""]",2025-09-22,801074.SI,300382.SZ
801072.SI,True,2025-04-19,True,False,False,True,2022-2025,2025-09-23,"[""financial_bad""]",2025-09-22,801072.SI,300420.SZ
801016.SI,True,2025-04-28,True,False,False,True,2022-2025,2025-09-23,"[""financial_bad""]",2025-09-22,801016.SI,300511.SZ
801101.SI,True,2025-04-26,True,False,False,True,2022-2025,2025-09-23,"[""financial_bad""]",2025-09-22,801101.SI,300531.SZ
801742.SI,True,2025-04-29,True,False,False,True,2022-2025,2025-09-23,"[""financial_bad""]",2025-09-22,801742.SI,300581.SZ
801103.SI,True,2025-04-23,True,False,False,True,2022-2025,2025-09-23,"[""financial_bad""]",2025-09-22,801103.SI,300895.SZ
801103.SI,True,2025-04-24,True,False,False,True,2022-2025,2025-09-23,"[""financial_bad""]",2025-09-22,801103.SI,301396.SZ
801741.SI,True,2025-04-12,True,False,False,True,2022-2025,2025-09-23,"[""financial_bad""]",2025-09-22,801741.SI,600118.SH
801743.SI,True,2025-04-29,True,False,False,True,2022-2025,2025-09-23,"[""financial_bad""]",2025-09-22,801743.SI,600184.SH
801085.SI,True,2025-04-12,True,False,False,True,2022-2025,2025-09-23,"[""financial_bad""]",2025-09-22,801085.SI,600203.SH
801096.SI,True,2025-03-29,True,False,False,True,2022-2025,2025-09-23,"[""financial_bad""]",2025-09-22,801096.SI,600418.SH
801074.SI,True,2025-04-26,True,False,False,True,2022-2025,2025-09-23,"[""financial_bad""]",2025-09-22,801074.SI,600501.SH
801132.SI,True,2025-04-28,True,False,False,True,2022-2025,2025-09-23,"[""financial_bad""]",2025-09-22,801132.SI,601718.SH
801731.SI,True,2025-04-19,True,False,False,True,2022-2025,2025-09-23,"[""financial_bad""]",2025-09-22,801731.SI,603988.SH
801156.SI,True,2025-04-23,False,False,True,True,2022-2025,2025-09-23,"[""st""]",2025-09-22,801151.SI,688076.SH
801743.SI,True,2025-04-24,True,False,False,True,2022-2025,2025-09-24,"[""financial_bad""]",2025-09-23,801743.SI,000519.SZ
801742.SI,True,2025-04-26,True,False,False,True,2022-2025,2025-09-24,"[""financial_bad""]",2025-09-23,801742.SI,000561.SZ
801223.SI,True,2025-04-28,True,False,False,True,2022-2025,2025-09-24,"[""financial_bad""]",2025-09-23,801223.SI,002115.SZ
801141.SI,True,2025-04-25,True,False,False,True,2022-2025,2025-09-24,"[""financial_bad""]",2025-09-23,801141.SI,002229.SZ
801724.SI,True,2025-04-25,True,False,False,True,2022-2025,2025-09-24,"[""financial_bad""]",2025-09-23,801104.SI,002298.SZ
801074.SI,True,2025-04-26,True,False,False,True,2022-2025,2025-09-24,"[""financial_bad""]",2025-09-23,801074.SI,002527.SZ
801764.SI,True,2025-04-28,True,False,False,True,2022-2025,2025-09-24,"[""financial_bad""]",2025-09-23,801764.SI,300043.SZ
801074.SI,True,2025-04-26,True,False,False,True,2022-2025,2025-09-24,"[""financial_bad""]",2025-09-23,801074.SI,300382.SZ
801016.SI,True,2025-04-28,True,False,False,True,2022-2025,2025-09-24,"[""financial_bad""]",2025-09-23,801016.SI,300511.SZ
801101.SI,True,2025-04-26,True,False,False,True,2022-2025,2025-09-24,"[""financial_bad""]",2025-09-23,801101.SI,300531.SZ
801742.SI,True,2025-04-29,True,False,False,True,2022-2025,2025-09-24,"[""financial_bad""]",2025-09-23,801742.SI,300581.SZ
801103.SI,True,2025-04-23,True,False,False,True,2022-2025,2025-09-24,"[""financial_bad""]",2025-09-23,801103.SI,300895.SZ
801103.SI,True,2025-04-24,True,False,False,True,2022-2025,2025-09-24,"[""financial_bad""]",2025-09-23,801103.SI,301396.SZ
801741.SI,True,2025-04-12,True,False,False,True,2022-2025,2025-09-24,"[""financial_bad""]",2025-09-23,801741.SI,600118.SH
801743.SI,True,2025-04-29,True,False,False,True,2022-2025,2025-09-24,"[""financial_bad""]",2025-09-23,801743.SI,600184.SH
801085.SI,True,2025-04-12,True,False,False,True,2022-2025,2025-09-24,"[""financial_bad""]",2025-09-23,801085.SI,600203.SH
801096.SI,True,2025-03-29,True,False,False,True,2022-2025,2025-09-24,"[""financial_bad""]",2025-09-23,801096.SI,600418.SH
801074.SI,True,2025-04-26,True,False,False,True,2022-2025,2025-09-24,"[""financial_bad""]",2025-09-23,801074.SI,600501.SH
801995.SI,True,2025-04-26,True,False,False,True,2022-2025,2025-09-24,"[""financial_bad""]",2025-09-23,801995.SI,600996.SH
801132.SI,True,2025-04-28,True,False,False,True,2022-2025,2025-09-24,"[""financial_bad""]",2025-09-23,801132.SI,601718.SH
801731.SI,True,2025-04-19,True,False,False,True,2022-2025,2025-09-24,"[""financial_bad""]",2025-09-23,801731.SI,603988.SH
801156.SI,True,2025-04-23,False,False,True,True,2022-2025,2025-09-24,"[""st""]",2025-09-23,801151.SI,688076.SH
801181.SI,True,2025-04-24,True,False,False,True,2022-2025,2025-09-25,"[""financial_bad""]",2025-09-24,801181.SI,000514.SZ
801742.SI,True,2025-04-26,True,False,False,True,2022-2025,2025-09-25,"[""financial_bad""]",2025-09-24,801742.SI,000561.SZ
801074.SI,True,2025-04-25,True,False,False,True,2022-2025,2025-09-25,"[""financial_bad""]",2025-09-24,801074.SI,002009.SZ
801223.SI,True,2025-04-28,True,False,False,True,2022-2025,2025-09-25,"[""financial_bad""]",2025-09-24,801223.SI,002115.SZ
801141.SI,True,2025-04-25,True,False,False,True,2022-2025,2025-09-25,"[""financial_bad""]",2025-09-24,801141.SI,002229.SZ
801074.SI,True,2025-04-26,True,False,False,True,2022-2025,2025-09-25,"[""financial_bad""]",2025-09-24,801074.SI,002527.SZ
801764.SI,True,2025-04-28,True,False,False,True,2022-2025,2025-09-25,"[""financial_bad""]",2025-09-24,801764.SI,300043.SZ
801074.SI,True,2025-04-26,True,False,False,True,2022-2025,2025-09-25,"[""financial_bad""]",2025-09-24,801074.SI,300382.SZ
801016.SI,True,2025-04-28,True,False,False,True,2022-2025,2025-09-25,"[""financial_bad""]",2025-09-24,801016.SI,300511.SZ
801101.SI,True,2025-04-26,True,False,False,True,2022-2025,2025-09-25,"[""financial_bad""]",2025-09-24,801101.SI,300531.SZ
801742.SI,True,2025-04-29,True,False,False,True,2022-2025,2025-09-25,"[""financial_bad""]",2025-09-24,801742.SI,300581.SZ
801103.SI,True,2025-04-23,True,False,False,True,2022-2025,2025-09-25,"[""financial_bad""]",2025-09-24,801103.SI,300895.SZ
801103.SI,True,2025-04-24,True,False,False,True,2022-2025,2025-09-25,"[""financial_bad""]",2025-09-24,801103.SI,301396.SZ
801741.SI,True,2025-04-12,True,False,False,True,2022-2025,2025-09-25,"[""financial_bad""]",2025-09-24,801741.SI,600118.SH
801743.SI,False,2025-04-29,True,False,False,True,2022-2025,2025-09-25,"[""financial_bad""]",2025-09-24,801743.SI,600184.SH
801085.SI,True,2025-04-12,True,False,False,True,2022-2025,2025-09-25,"[""financial_bad""]",2025-09-24,801085.SI,600203.SH
801096.SI,True,2025-03-29,True,False,False,True,2022-2025,2025-09-25,"[""financial_bad""]",2025-09-24,801096.SI,600418.SH
801074.SI,True,2025-04-26,True,False,False,True,2022-2025,2025-09-25,"[""financial_bad""]",2025-09-24,801074.SI,600501.SH
801132.SI,True,2025-04-28,True,False,False,True,2022-2025,2025-09-25,"[""financial_bad""]",2025-09-24,801132.SI,601718.SH
801102.SI,True,2025-04-29,True,False,False,True,2022-2025,2025-09-25,"[""financial_bad""]",2025-09-24,801102.SI,603118.SH
801731.SI,True,2025-04-19,True,False,False,True,2022-2025,2025-09-25,"[""financial_bad""]",2025-09-24,801731.SI,603988.SH
801156.SI,True,2025-04-23,False,False,True,True,2022-2025,2025-09-25,"[""st""]",2025-09-24,801151.SI,688076.SH
801743.SI,False,2025-04-24,True,False,False,True,2022-2025,2025-09-26,"[""financial_bad""]",2025-09-25,801743.SI,000519.SZ
801742.SI,True,2025-04-26,True,False,False,True,2022-2025,2025-09-26,"[""financial_bad""]",2025-09-25,801742.SI,000561.SZ
801093.SI,True,2025-04-29,True,False,False,True,2022-2025,2025-09-26,"[""financial_bad""]",2025-09-25,801093.SI,000981.SZ
801223.SI,True,2025-04-28,True,False,False,True,2022-2025,2025-09-26,"[""financial_bad""]",2025-09-25,801223.SI,002115.SZ
801141.SI,True,2025-04-25,True,False,False,True,2022-2025,2025-09-26,"[""financial_bad""]",2025-09-25,801141.SI,002229.SZ
801072.SI,True,2025-04-26,True,False,False,True,2022-2025,2025-09-26,"[""financial_bad""]",2025-09-25,801072.SI,002342.SZ
801074.SI,True,2025-04-26,True,False,False,True,2022-2025,2025-09-26,"[""financial_bad""]",2025-09-25,801074.SI,002527.SZ
801078.SI,True,2025-04-29,True,False,False,True,2022-2025,2025-09-26,"[""financial_bad""]",2025-09-25,801078.SI,002747.SZ
801764.SI,True,2025-04-28,True,False,False,True,2022-2025,2025-09-26,"[""financial_bad""]",2025-09-25,801764.SI,300043.SZ
801103.SI,True,2025-04-25,True,False,False,True,2022-2025,2025-09-26,"[""financial_bad""]",2025-09-25,801103.SI,300250.SZ
801074.SI,True,2025-04-26,True,False,False,True,2022-2025,2025-09-26,"[""financial_bad""]",2025-09-25,801074.SI,300382.SZ
801016.SI,True,2025-04-28,True,False,False,True,2022-2025,2025-09-26,"[""financial_bad""]",2025-09-25,801016.SI,300511.SZ
801101.SI,True,2025-04-26,True,False,False,True,2022-2025,2025-09-26,"[""financial_bad""]",2025-09-25,801101.SI,300531.SZ
801742.SI,True,2025-04-29,True,False,False,True,2022-2025,2025-09-26,"[""financial_bad""]",2025-09-25,801742.SI,300581.SZ
801103.SI,True,2025-04-23,True,False,False,True,2022-2025,2025-09-26,"[""financial_bad""]",2025-09-25,801103.SI,300895.SZ
801741.SI,True,2025-04-12,True,False,False,True,2022-2025,2025-09-26,"[""financial_bad""]",2025-09-25,801741.SI,600118.SH
801743.SI,False,2025-04-29,True,False,False,True,2022-2025,2025-09-26,"[""financial_bad""]",2025-09-25,801743.SI,600184.SH
801085.SI,True,2025-04-12,True,False,False,True,2022-2025,2025-09-26,"[""financial_bad""]",2025-09-25,801085.SI,600203.SH
801082.SI,True,2025-04-23,True,False,False,True,2022-2025,2025-09-26,"[""financial_bad""]",2025-09-25,801104.SI,600288.SH
801096.SI,True,2025-03-29,True,False,False,True,2022-2025,2025-09-26,"[""financial_bad""]",2025-09-25,801096.SI,600418.SH
801074.SI,True,2025-04-26,True,False,False,True,2022-2025,2025-09-26,"[""financial_bad""]",2025-09-25,801074.SI,600501.SH
801132.SI,True,2025-04-28,True,False,False,True,2022-2025,2025-09-26,"[""financial_bad""]",2025-09-25,801132.SI,601718.SH
801102.SI,True,2025-04-29,True,False,False,True,2022-2025,2025-09-26,"[""financial_bad""]",2025-09-25,801102.SI,603118.SH
801731.SI,True,2025-04-19,True,False,False,True,2022-2025,2025-09-26,"[""financial_bad""]",2025-09-25,801731.SI,603988.SH
801156.SI,True,2025-04-23,False,False,True,True,2022-2025,2025-09-26,"[""st""]",2025-09-25,801151.SI,688076.SH
801103.SI,True,2025-04-19,True,False,False,True,2022-2025,2025-09-26,"[""financial_bad""]",2025-09-25,801103.SI,688158.SH
801743.SI,False,2025-04-24,True,False,False,True,2022-2025,2025-09-29,"[""financial_bad""]",2025-09-26,801743.SI,000519.SZ
801742.SI,True,2025-04-26,True,False,False,True,2022-2025,2025-09-29,"[""financial_bad""]",2025-09-26,801742.SI,000561.SZ
801093.SI,True,2025-04-29,True,False,False,True,2022-2025,2025-09-29,"[""financial_bad""]",2025-09-26,801093.SI,000981.SZ
801072.SI,True,2025-04-26,True,False,False,True,2022-2025,2025-09-29,"[""financial_bad""]",2025-09-26,801072.SI,002342.SZ
801074.SI,True,2025-04-26,True,False,False,True,2022-2025,2025-09-29,"[""financial_bad""]",2025-09-26,801074.SI,002527.SZ
801206.SI,True,2025-03-29,True,False,False,True,2022-2025,2025-09-29,"[""financial_bad""]",2025-09-26,801206.SI,002640.SZ
801764.SI,True,2025-04-28,True,False,False,True,2022-2025,2025-09-29,"[""financial_bad""]",2025-09-26,801764.SI,300043.SZ
801223.SI,True,2025-04-26,True,False,False,True,2022-2025,2025-09-29,"[""financial_bad""]",2025-09-26,801081.SI,300053.SZ
801101.SI,True,2025-04-19,True,False,False,True,2022-2025,2025-09-29,"[""financial_bad""]",2025-09-26,801101.SI,300324.SZ
801016.SI,True,2025-04-28,True,False,False,True,2022-2025,2025-09-29,"[""financial_bad""]",2025-09-26,801016.SI,300511.SZ
801101.SI,True,2025-04-26,True,False,False,True,2022-2025,2025-09-29,"[""financial_bad""]",2025-09-26,801101.SI,300531.SZ
801742.SI,True,2025-04-29,True,False,False,True,2022-2025,2025-09-29,"[""financial_bad""]",2025-09-26,801742.SI,300581.SZ
801103.SI,True,2025-04-23,True,False,False,True,2022-2025,2025-09-29,"[""financial_bad""]",2025-09-26,801103.SI,300895.SZ
801103.SI,True,2025-04-24,True,False,False,True,2022-2025,2025-09-29,"[""financial_bad""]",2025-09-26,801103.SI,301396.SZ
801741.SI,True,2025-04-12,True,False,False,True,2022-2025,2025-09-29,"[""financial_bad""]",2025-09-26,801741.SI,600118.SH
801743.SI,False,2025-04-29,True,False,False,True,2022-2025,2025-09-29,"[""financial_bad""]",2025-09-26,801743.SI,600184.SH
801085.SI,True,2025-04-12,True,False,False,True,2022-2025,2025-09-29,"[""financial_bad""]",2025-09-26,801085.SI,600203.SH
801096.SI,True,2025-03-29,True,False,False,True,2022-2025,2025-09-29,"[""financial_bad""]",2025-09-26,801096.SI,600418.SH
801738.SI,True,2025-04-19,True,False,False,True,2022-2025,2025-09-29,"[""financial_bad""]",2025-09-26,801738.SI,600468.SH
801074.SI,True,2025-04-26,True,False,False,True,2022-2025,2025-09-29,"[""financial_bad""]",2025-09-26,801074.SI,600501.SH
801132.SI,True,2025-04-28,True,False,False,True,2022-2025,2025-09-29,"[""financial_bad""]",2025-09-26,801132.SI,601718.SH
801154.SI,True,2025-04-29,True,False,False,True,2022-2025,2025-09-29,"[""financial_bad""]",2025-09-26,801154.SI,603716.SH
801731.SI,True,2025-04-19,True,False,False,True,2022-2025,2025-09-29,"[""financial_bad""]",2025-09-26,801731.SI,603988.SH
801153.SI,True,2025-04-30,True,False,False,True,2022-2025,2025-09-29,"[""financial_bad""]",2025-09-26,801153.SI,688068.SH
801156.SI,True,2025-04-23,False,False,True,True,2022-2025,2025-09-29,"[""st""]",2025-09-26,801151.SI,688076.SH
801743.SI,False,2025-04-24,True,False,False,True,2022-2025,2025-09-30,"[""financial_bad""]",2025-09-29,801743.SI,000519.SZ
801742.SI,True,2025-04-26,True,False,False,True,2022-2025,2025-09-30,"[""financial_bad""]",2025-09-29,801742.SI,000561.SZ
801083.SI,True,2025-03-25,False,False,True,True,2022-2025,2025-09-30,"[""st""]",2025-09-29,801083.SI,002199.SZ
801724.SI,True,2025-04-25,True,False,False,True,2022-2025,2025-09-30,"[""financial_bad""]",2025-09-29,801104.SI,002298.SZ
801072.SI,True,2025-04-26,True,False,False,True,2022-2025,2025-09-30,"[""financial_bad""]",2025-09-29,801072.SI,002342.SZ
801074.SI,True,2025-04-26,True,False,False,True,2022-2025,2025-09-30,"[""financial_bad""]",2025-09-29,801074.SI,002527.SZ
801129.SI,False,2025-04-29,True,False,True,True,2022-2025,2025-09-30,"[""st"",""financial_bad""]",2025-09-29,801129.SI,002650.SZ
801078.SI,True,2025-04-29,True,False,False,True,2022-2025,2025-09-30,"[""financial_bad""]",2025-09-29,801078.SI,002747.SZ
801764.SI,True,2025-04-28,True,False,False,True,2022-2025,2025-09-30,"[""financial_bad""]",2025-09-29,801764.SI,300043.SZ
801103.SI,True,2025-04-25,True,False,False,True,2022-2025,2025-09-30,"[""financial_bad""]",2025-09-29,801103.SI,300250.SZ
801101.SI,True,2025-04-19,True,False,False,True,2022-2025,2025-09-30,"[""financial_bad""]",2025-09-29,801101.SI,300324.SZ
801016.SI,True,2025-04-28,True,False,False,True,2022-2025,2025-09-30,"[""financial_bad""]",2025-09-29,801016.SI,300511.SZ
801101.SI,True,2025-04-26,True,False,False,True,2022-2025,2025-09-30,"[""financial_bad""]",2025-09-29,801101.SI,300531.SZ
801742.SI,True,2025-04-29,True,False,False,True,2022-2025,2025-09-30,"[""financial_bad""]",2025-09-29,801742.SI,300581.SZ
801103.SI,True,2025-04-23,True,False,False,True,2022-2025,2025-09-30,"[""financial_bad""]",2025-09-29,801103.SI,300895.SZ
801103.SI,True,2025-04-24,True,False,False,True,2022-2025,2025-09-30,"[""financial_bad""]",2025-09-29,801103.SI,301396.SZ
801741.SI,True,2025-04-12,True,False,False,True,2022-2025,2025-09-30,"[""financial_bad""]",2025-09-29,801741.SI,600118.SH
801743.SI,False,2025-04-29,True,False,False,True,2022-2025,2025-09-30,"[""financial_bad""]",2025-09-29,801743.SI,600184.SH
801085.SI,True,2025-04-12,True,False,False,True,2022-2025,2025-09-30,"[""financial_bad""]",2025-09-29,801085.SI,600203.SH
801074.SI,True,2025-04-26,True,False,False,True,2022-2025,2025-09-30,"[""financial_bad""]",2025-09-29,801074.SI,600501.SH
801181.SI,True,2025-04-26,True,False,False,True,2022-2025,2025-09-30,"[""financial_bad""]",2025-09-29,801181.SI,600641.SH
801132.SI,True,2025-04-28,True,False,False,True,2022-2025,2025-09-30,"[""financial_bad""]",2025-09-29,801132.SI,601718.SH
801154.SI,True,2025-04-29,True,False,False,True,2022-2025,2025-09-30,"[""financial_bad""]",2025-09-29,801154.SI,603716.SH
801731.SI,True,2025-04-19,True,False,False,True,2022-2025,2025-09-30,"[""financial_bad""]",2025-09-29,801731.SI,603988.SH
801153.SI,True,2025-04-30,True,False,False,True,2022-2025,2025-09-30,"[""financial_bad""]",2025-09-29,801153.SI,688068.SH
801156.SI,True,2025-04-23,False,False,True,True,2022-2025,2025-09-30,"[""st""]",2025-09-29,801151.SI,688076.SH
801742.SI,True,2025-04-26,True,False,False,True,2022-2025,2025-10-09,"[""financial_bad""]",2025-09-30,801742.SI,000561.SZ
801074.SI,True,2025-04-25,True,False,False,True,2022-2025,2025-10-09,"[""financial_bad""]",2025-09-30,801074.SI,002009.SZ
801223.SI,True,2025-04-28,True,False,False,True,2022-2025,2025-10-09,"[""financial_bad""]",2025-09-30,801223.SI,002115.SZ
801083.SI,True,2025-03-25,False,False,True,True,2022-2025,2025-10-09,"[""st""]",2025-09-30,801083.SI,002199.SZ
801072.SI,True,2025-04-26,True,False,False,True,2022-2025,2025-10-09,"[""financial_bad""]",2025-09-30,801072.SI,002342.SZ
801074.SI,True,2025-04-26,True,False,False,True,2022-2025,2025-10-09,"[""financial_bad""]",2025-09-30,801074.SI,002527.SZ
801078.SI,True,2025-04-29,True,False,False,True,2022-2025,2025-10-09,"[""financial_bad""]",2025-09-30,801078.SI,002747.SZ
801764.SI,True,2025-04-28,True,False,False,True,2022-2025,2025-10-09,"[""financial_bad""]",2025-09-30,801764.SI,300043.SZ
801101.SI,True,2025-04-19,True,False,False,True,2022-2025,2025-10-09,"[""financial_bad""]",2025-09-30,801101.SI,300324.SZ
801016.SI,True,2025-04-28,True,False,False,True,2022-2025,2025-10-09,"[""financial_bad""]",2025-09-30,801016.SI,300511.SZ
801101.SI,True,2025-04-26,True,False,False,True,2022-2025,2025-10-09,"[""financial_bad""]",2025-09-30,801101.SI,300531.SZ
801742.SI,True,2025-04-29,True,False,False,True,2022-2025,2025-10-09,"[""financial_bad""]",2025-09-30,801742.SI,300581.SZ
801103.SI,True,2025-04-23,True,False,False,True,2022-2025,2025-10-09,"[""financial_bad""]",2025-09-30,801103.SI,300895.SZ
801103.SI,True,2025-04-24,True,False,False,True,2022-2025,2025-10-09,"[""financial_bad""]",2025-09-30,801103.SI,301396.SZ
801741.SI,True,2025-04-12,True,False,False,True,2022-2025,2025-10-09,"[""financial_bad""]",2025-09-30,801741.SI,600118.SH
801743.SI,False,2025-04-29,True,False,False,True,2022-2025,2025-10-09,"[""financial_bad""]",2025-09-30,801743.SI,600184.SH
801085.SI,True,2025-04-12,True,False,False,True,2022-2025,2025-10-09,"[""financial_bad""]",2025-09-30,801085.SI,600203.SH
801738.SI,True,2025-04-19,True,False,False,True,2022-2025,2025-10-09,"[""financial_bad""]",2025-09-30,801738.SI,600468.SH
801074.SI,True,2025-04-26,True,False,False,True,2022-2025,2025-10-09,"[""financial_bad""]",2025-09-30,801074.SI,600501.SH
801132.SI,True,2025-04-28,True,False,False,True,2022-2025,2025-10-09,"[""financial_bad""]",2025-09-30,801132.SI,601718.SH
801102.SI,True,2025-04-29,True,False,False,True,2022-2025,2025-10-09,"[""financial_bad""]",2025-09-30,801102.SI,603118.SH
801154.SI,True,2025-04-29,True,False,False,True,2022-2025,2025-10-09,"[""financial_bad""]",2025-09-30,801154.SI,603716.SH
801731.SI,True,2025-04-19,True,False,False,True,2022-2025,2025-10-09,"[""financial_bad""]",2025-09-30,801731.SI,603988.SH
801156.SI,True,2025-04-23,False,False,True,True,2022-2025,2025-10-09,"[""st""]",2025-09-30,801151.SI,688076.SH
801742.SI,True,2025-04-26,True,False,False,True,2022-2025,2025-10-10,"[""financial_bad""]",2025-10-09,801742.SI,000561.SZ
801074.SI,True,2025-04-25,True,False,False,True,2022-2025,2025-10-10,"[""financial_bad""]",2025-10-09,801074.SI,002009.SZ
801223.SI,True,2025-04-28,True,False,False,True,2022-2025,2025-10-10,"[""financial_bad""]",2025-10-09,801223.SI,002115.SZ
801083.SI,True,2025-03-25,False,False,True,True,2022-2025,2025-10-10,"[""st""]",2025-10-09,801083.SI,002199.SZ
801141.SI,True,2025-04-25,True,False,False,True,2022-2025,2025-10-10,"[""financial_bad""]",2025-10-09,801141.SI,002229.SZ
801074.SI,True,2025-04-26,True,False,False,True,2022-2025,2025-10-10,"[""financial_bad""]",2025-10-09,801074.SI,002527.SZ
801078.SI,True,2025-04-29,True,False,False,True,2022-2025,2025-10-10,"[""financial_bad""]",2025-10-09,801078.SI,002747.SZ
801764.SI,True,2025-04-28,True,False,False,True,2022-2025,2025-10-10,"[""financial_bad""]",2025-10-09,801764.SI,300043.SZ
801103.SI,True,2025-04-25,True,False,False,True,2022-2025,2025-10-10,"[""financial_bad""]",2025-10-09,801103.SI,300250.SZ
801101.SI,True,2025-04-19,True,False,False,True,2022-2025,2025-10-10,"[""financial_bad""]",2025-10-09,801101.SI,300324.SZ
801016.SI,False,2025-04-28,True,False,False,True,2022-2025,2025-10-10,"[""financial_bad""]",2025-10-09,801016.SI,300511.SZ
801101.SI,True,2025-04-26,True,False,False,True,2022-2025,2025-10-10,"[""financial_bad""]",2025-10-09,801101.SI,300531.SZ
801742.SI,True,2025-04-29,True,False,False,True,2022-2025,2025-10-10,"[""financial_bad""]",2025-10-09,801742.SI,300581.SZ
801103.SI,True,2025-04-23,True,False,False,True,2022-2025,2025-10-10,"[""financial_bad""]",2025-10-09,801103.SI,300895.SZ
801738.SI,True,2025-04-28,True,False,False,True,2022-2025,2025-10-10,"[""financial_bad""]",2025-10-09,801738.SI,301082.SZ
801103.SI,True,2025-04-24,True,False,False,True,2022-2025,2025-10-10,"[""financial_bad""]",2025-10-09,801103.SI,301396.SZ
801741.SI,True,2025-04-12,True,False,False,True,2022-2025,2025-10-10,"[""financial_bad""]",2025-10-09,801741.SI,600118.SH
801743.SI,False,2025-04-29,True,False,False,True,2022-2025,2025-10-10,"[""financial_bad""]",2025-10-09,801743.SI,600184.SH
801738.SI,True,2025-04-15,True,False,False,True,2022-2025,2025-10-10,"[""financial_bad""]",2025-10-09,801738.SI,600192.SH
801085.SI,True,2025-04-12,True,False,False,True,2022-2025,2025-10-10,"[""financial_bad""]",2025-10-09,801085.SI,600203.SH
801096.SI,True,2025-03-29,True,False,False,True,2022-2025,2025-10-10,"[""financial_bad""]",2025-10-09,801096.SI,600418.SH
801074.SI,True,2025-04-26,True,False,False,True,2022-2025,2025-10-10,"[""financial_bad""]",2025-10-09,801074.SI,600501.SH
801181.SI,True,2025-04-26,True,False,False,True,2022-2025,2025-10-10,"[""financial_bad""]",2025-10-09,801181.SI,600641.SH
801132.SI,True,2025-04-28,True,False,False,True,2022-2025,2025-10-10,"[""financial_bad""]",2025-10-09,801132.SI,601718.SH
801102.SI,True,2025-04-29,True,False,False,True,2022-2025,2025-10-10,"[""financial_bad""]",2025-10-09,801102.SI,603118.SH
801731.SI,True,2025-04-19,True,False,False,True,2022-2025,2025-10-10,"[""financial_bad""]",2025-10-09,801731.SI,603988.SH
801153.SI,True,2025-04-30,True,False,False,True,2022-2025,2025-10-10,"[""financial_bad""]",2025-10-09,801153.SI,688068.SH
801156.SI,True,2025-04-23,False,False,True,True,2022-2025,2025-10-10,"[""st""]",2025-10-09,801151.SI,688076.SH
801742.SI,True,2025-04-26,True,False,False,True,2022-2025,2025-10-13,"[""financial_bad""]",2025-10-10,801742.SI,000561.SZ
801223.SI,True,2025-04-28,True,False,False,True,2022-2025,2025-10-13,"[""financial_bad""]",2025-10-10,801223.SI,002115.SZ
801083.SI,True,2025-03-25,False,False,True,True,2022-2025,2025-10-13,"[""st""]",2025-10-10,801083.SI,002199.SZ
801141.SI,True,2025-04-25,True,False,False,True,2022-2025,2025-10-13,"[""financial_bad""]",2025-10-10,801141.SI,002229.SZ
801074.SI,True,2025-04-26,True,False,False,True,2022-2025,2025-10-13,"[""financial_bad""]",2025-10-10,801074.SI,002527.SZ
801764.SI,True,2025-04-28,True,False,False,True,2022-2025,2025-10-13,"[""financial_bad""]",2025-10-10,801764.SI,300043.SZ
801101.SI,True,2025-04-19,True,False,False,True,2022-2025,2025-10-13,"[""financial_bad""]",2025-10-10,801101.SI,300324.SZ
801055.SI,True,2025-04-22,True,False,False,True,2022-2025,2025-10-13,"[""financial_bad""]",2025-10-10,801055.SI,300328.SZ
801016.SI,False,2025-04-28,True,False,False,True,2022-2025,2025-10-13,"[""financial_bad""]",2025-10-10,801016.SI,300511.SZ
801101.SI,True,2025-04-26,True,False,False,True,2022-2025,2025-10-13,"[""financial_bad""]",2025-10-10,801101.SI,300531.SZ
801742.SI,True,2025-04-29,True,False,False,True,2022-2025,2025-10-13,"[""financial_bad""]",2025-10-10,801742.SI,300581.SZ
801103.SI,True,2025-04-23,True,False,False,True,2022-2025,2025-10-13,"[""financial_bad""]",2025-10-10,801103.SI,300895.SZ
801738.SI,True,2025-04-28,True,False,False,True,2022-2025,2025-10-13,"[""financial_bad""]",2025-10-10,801738.SI,301082.SZ
801103.SI,True,2025-04-24,True,False,False,True,2022-2025,2025-10-13,"[""financial_bad""]",2025-10-10,801103.SI,301396.SZ
801741.SI,True,2025-04-12,True,False,False,True,2022-2025,2025-10-13,"[""financial_bad""]",2025-10-10,801741.SI,600118.SH
801743.SI,False,2025-04-29,True,False,False,True,2022-2025,2025-10-13,"[""financial_bad""]",2025-10-10,801743.SI,600184.SH
801738.SI,True,2025-04-15,True,False,False,True,2022-2025,2025-10-13,"[""financial_bad""]",2025-10-10,801738.SI,600192.SH
801085.SI,True,2025-04-12,True,False,False,True,2022-2025,2025-10-13,"[""financial_bad""]",2025-10-10,801085.SI,600203.SH
801096.SI,True,2025-03-29,True,False,False,True,2022-2025,2025-10-13,"[""financial_bad""]",2025-10-10,801096.SI,600418.SH
801074.SI,True,2025-04-26,True,False,False,True,2022-2025,2025-10-13,"[""financial_bad""]",2025-10-10,801074.SI,600501.SH
801181.SI,True,2025-04-26,True,False,False,True,2022-2025,2025-10-13,"[""financial_bad""]",2025-10-10,801181.SI,600641.SH
801132.SI,True,2025-04-28,True,False,False,True,2022-2025,2025-10-13,"[""financial_bad""]",2025-10-10,801132.SI,601718.SH
801223.SI,True,2025-04-30,True,False,False,True,2022-2025,2025-10-13,"[""financial_bad""]",2025-10-10,801223.SI,603322.SH
801154.SI,True,2025-04-29,True,False,False,True,2022-2025,2025-10-13,"[""financial_bad""]",2025-10-10,801154.SI,603716.SH
801731.SI,True,2025-04-19,True,False,False,True,2022-2025,2025-10-13,"[""financial_bad""]",2025-10-10,801731.SI,603988.SH
801153.SI,True,2025-04-30,True,False,False,True,2022-2025,2025-10-13,"[""financial_bad""]",2025-10-10,801153.SI,688068.SH
801156.SI,True,2025-04-23,False,False,True,True,2022-2025,2025-10-13,"[""st""]",2025-10-10,801151.SI,688076.SH
801081.SI,True,2025-04-26,True,False,False,True,2022-2025,2025-10-13,"[""financial_bad""]",2025-10-10,801081.SI,688172.SH
801742.SI,True,2025-04-26,True,False,False,True,2022-2025,2025-10-14,"[""financial_bad""]",2025-10-13,801742.SI,000561.SZ
801223.SI,True,2025-04-28,True,False,False,True,2022-2025,2025-10-14,"[""financial_bad""]",2025-10-13,801223.SI,002115.SZ
801083.SI,True,2025-03-25,False,False,True,True,2022-2025,2025-10-14,"[""st""]",2025-10-13,801083.SI,002199.SZ
801141.SI,True,2025-04-25,True,False,False,True,2022-2025,2025-10-14,"[""financial_bad""]",2025-10-13,801141.SI,002229.SZ
801085.SI,True,2025-04-24,True,False,False,True,2022-2025,2025-10-14,"[""financial_bad""]",2025-10-13,801085.SI,002426.SZ
801074.SI,True,2025-04-26,True,False,False,True,2022-2025,2025-10-14,"[""financial_bad""]",2025-10-13,801074.SI,002527.SZ
801764.SI,True,2025-04-28,True,False,False,True,2022-2025,2025-10-14,"[""financial_bad""]",2025-10-13,801764.SI,300043.SZ
801101.SI,True,2025-04-19,True,False,False,True,2022-2025,2025-10-14,"[""financial_bad""]",2025-10-13,801101.SI,300324.SZ
801055.SI,True,2025-04-22,True,False,False,True,2022-2025,2025-10-14,"[""financial_bad""]",2025-10-13,801055.SI,300328.SZ
801016.SI,False,2025-04-28,True,False,False,True,2022-2025,2025-10-14,"[""financial_bad""]",2025-10-13,801016.SI,300511.SZ
801101.SI,True,2025-04-26,True,False,False,True,2022-2025,2025-10-14,"[""financial_bad""]",2025-10-13,801101.SI,300531.SZ
801742.SI,True,2025-04-29,True,False,False,True,2022-2025,2025-10-14,"[""financial_bad""]",2025-10-13,801742.SI,300581.SZ
801151.SI,True,2025-03-21,True,False,False,True,2022-2025,2025-10-14,"[""financial_bad""]",2025-10-13,801151.SI,300765.SZ
801103.SI,True,2025-04-23,True,False,False,True,2022-2025,2025-10-14,"[""financial_bad""]",2025-10-13,801103.SI,300895.SZ
801738.SI,True,2025-04-28,True,False,False,True,2022-2025,2025-10-14,"[""financial_bad""]",2025-10-13,801738.SI,301082.SZ
801103.SI,True,2025-04-24,True,False,False,True,2022-2025,2025-10-14,"[""financial_bad""]",2025-10-13,801103.SI,301396.SZ
801741.SI,False,2025-04-12,True,False,False,True,2022-2025,2025-10-14,"[""financial_bad""]",2025-10-13,801741.SI,600118.SH
801738.SI,True,2025-04-15,True,False,False,True,2022-2025,2025-10-14,"[""financial_bad""]",2025-10-13,801738.SI,600192.SH
801085.SI,True,2025-04-12,True,False,False,True,2022-2025,2025-10-14,"[""financial_bad""]",2025-10-13,801085.SI,600203.SH
801081.SI,True,2025-04-30,True,False,False,True,2022-2025,2025-10-14,"[""financial_bad""]",2025-10-13,801081.SI,600206.SH
801096.SI,True,2025-03-29,True,False,False,True,2022-2025,2025-10-14,"[""financial_bad""]",2025-10-13,801096.SI,600418.SH
801074.SI,True,2025-04-26,True,False,False,True,2022-2025,2025-10-14,"[""financial_bad""]",2025-10-13,801074.SI,600501.SH
801092.SI,True,2025-04-02,True,False,False,True,2022-2025,2025-10-14,"[""financial_bad""]",2025-10-13,801092.SI,600676.SH
801132.SI,True,2025-04-28,True,False,False,True,2022-2025,2025-10-14,"[""financial_bad""]",2025-10-13,801132.SI,601718.SH
801223.SI,True,2025-04-30,True,False,False,True,2022-2025,2025-10-14,"[""financial_bad""]",2025-10-13,801223.SI,603322.SH
801154.SI,False,2025-04-29,True,False,False,True,2022-2025,2025-10-14,"[""financial_bad""]",2025-10-13,801154.SI,603716.SH
801731.SI,True,2025-04-19,True,False,False,True,2022-2025,2025-10-14,"[""financial_bad""]",2025-10-13,801731.SI,603988.SH
801153.SI,True,2025-04-30,True,False,False,True,2022-2025,2025-10-14,"[""financial_bad""]",2025-10-13,801153.SI,688068.SH
801156.SI,True,2025-04-23,False,False,True,True,2022-2025,2025-10-14,"[""st""]",2025-10-13,801151.SI,688076.SH
801081.SI,True,2025-04-26,True,False,False,True,2022-2025,2025-10-14,"[""financial_bad""]",2025-10-13,801081.SI,688172.SH
801742.SI,True,2025-04-26,True,False,False,True,2022-2025,2025-10-15,"[""financial_bad""]",2025-10-14,801742.SI,000561.SZ
801223.SI,True,2025-04-28,True,False,False,True,2022-2025,2025-10-15,"[""financial_bad""]",2025-10-14,801223.SI,002115.SZ
801083.SI,True,2025-03-25,False,False,True,True,2022-2025,2025-10-15,"[""st""]",2025-10-14,801083.SI,002199.SZ
801085.SI,True,2025-04-24,True,False,False,True,2022-2025,2025-10-15,"[""financial_bad""]",2025-10-14,801085.SI,002426.SZ
801764.SI,True,2025-04-28,True,False,False,True,2022-2025,2025-10-15,"[""financial_bad""]",2025-10-14,801764.SI,300043.SZ
801223.SI,True,2025-04-26,True,False,False,True,2022-2025,2025-10-15,"[""financial_bad""]",2025-10-14,801081.SI,300053.SZ
801103.SI,True,2025-04-25,True,False,False,True,2022-2025,2025-10-15,"[""financial_bad""]",2025-10-14,801103.SI,300250.SZ
801101.SI,True,2025-04-19,True,False,False,True,2022-2025,2025-10-15,"[""financial_bad""]",2025-10-14,801101.SI,300324.SZ
801055.SI,True,2025-04-22,True,False,False,True,2022-2025,2025-10-15,"[""financial_bad""]",2025-10-14,801055.SI,300328.SZ
801016.SI,False,2025-04-28,True,False,False,True,2022-2025,2025-10-15,"[""financial_bad""]",2025-10-14,801016.SI,300511.SZ
801742.SI,True,2025-04-29,True,False,False,True,2022-2025,2025-10-15,"[""financial_bad""]",2025-10-14,801742.SI,300581.SZ
801151.SI,True,2025-03-21,True,False,False,True,2022-2025,2025-10-15,"[""financial_bad""]",2025-10-14,801151.SI,300765.SZ
801738.SI,True,2025-04-28,True,False,False,True,2022-2025,2025-10-15,"[""financial_bad""]",2025-10-14,801738.SI,301082.SZ
801741.SI,False,2025-04-12,True,False,False,True,2022-2025,2025-10-15,"[""financial_bad""]",2025-10-14,801741.SI,600118.SH
801743.SI,False,2025-04-29,True,False,False,True,2022-2025,2025-10-15,"[""financial_bad""]",2025-10-14,801743.SI,600184.SH
801738.SI,True,2025-04-15,True,False,False,True,2022-2025,2025-10-15,"[""financial_bad""]",2025-10-14,801738.SI,600192.SH
801085.SI,True,2025-04-12,True,False,False,True,2022-2025,2025-10-15,"[""financial_bad""]",2025-10-14,801085.SI,600203.SH
801081.SI,True,2025-04-30,True,False,False,True,2022-2025,2025-10-15,"[""financial_bad""]",2025-10-14,801081.SI,600206.SH
801096.SI,True,2025-03-29,True,False,False,True,2022-2025,2025-10-15,"[""financial_bad""]",2025-10-14,801096.SI,600418.SH
801738.SI,True,2025-04-19,True,False,False,True,2022-2025,2025-10-15,"[""financial_bad""]",2025-10-14,801738.SI,600468.SH
801074.SI,True,2025-04-26,True,False,False,True,2022-2025,2025-10-15,"[""financial_bad""]",2025-10-14,801074.SI,600501.SH
801181.SI,True,2025-04-26,True,False,False,True,2022-2025,2025-10-15,"[""financial_bad""]",2025-10-14,801181.SI,600641.SH
801092.SI,True,2025-04-02,True,False,False,True,2022-2025,2025-10-15,"[""financial_bad""]",2025-10-14,801092.SI,600676.SH
801132.SI,True,2025-04-28,True,False,False,True,2022-2025,2025-10-15,"[""financial_bad""]",2025-10-14,801132.SI,601718.SH
801154.SI,False,2025-04-29,True,False,False,True,2022-2025,2025-10-15,"[""financial_bad""]",2025-10-14,801154.SI,603716.SH
801731.SI,True,2025-04-19,True,False,False,True,2022-2025,2025-10-15,"[""financial_bad""]",2025-10-14,801731.SI,603988.SH
801153.SI,True,2025-04-30,True,False,False,True,2022-2025,2025-10-15,"[""financial_bad""]",2025-10-14,801153.SI,688068.SH
801156.SI,True,2025-04-23,False,False,True,True,2022-2025,2025-10-15,"[""st""]",2025-10-14,801151.SI,688076.SH
801742.SI,True,2025-04-26,True,False,False,True,2022-2025,2025-10-16,"[""financial_bad""]",2025-10-15,801742.SI,000561.SZ
801223.SI,True,2025-04-28,True,False,False,True,2022-2025,2025-10-16,"[""financial_bad""]",2025-10-15,801223.SI,002115.SZ
801083.SI,True,2025-03-25,False,False,True,True,2022-2025,2025-10-16,"[""st""]",2025-10-15,801083.SI,002199.SZ
801085.SI,True,2025-04-24,True,False,False,True,2022-2025,2025-10-16,"[""financial_bad""]",2025-10-15,801085.SI,002426.SZ
801764.SI,True,2025-04-28,True,False,False,True,2022-2025,2025-10-16,"[""financial_bad""]",2025-10-15,801764.SI,300043.SZ
801223.SI,True,2025-04-26,True,False,False,True,2022-2025,2025-10-16,"[""financial_bad""]",2025-10-15,801081.SI,300053.SZ
801103.SI,True,2025-04-25,True,False,False,True,2022-2025,2025-10-16,"[""financial_bad""]",2025-10-15,801103.SI,300250.SZ
801101.SI,True,2025-04-19,True,False,False,True,2022-2025,2025-10-16,"[""financial_bad""]",2025-10-15,801101.SI,300324.SZ
801055.SI,True,2025-04-22,True,False,False,True,2022-2025,2025-10-16,"[""financial_bad""]",2025-10-15,801055.SI,300328.SZ
801016.SI,False,2025-04-28,True,False,False,True,2022-2025,2025-10-16,"[""financial_bad""]",2025-10-15,801016.SI,300511.SZ
801101.SI,True,2025-04-26,True,False,False,True,2022-2025,2025-10-16,"[""financial_bad""]",2025-10-15,801101.SI,300531.SZ
801742.SI,True,2025-04-29,True,False,False,True,2022-2025,2025-10-16,"[""financial_bad""]",2025-10-15,801742.SI,300581.SZ
801151.SI,True,2025-03-21,True,False,False,True,2022-2025,2025-10-16,"[""financial_bad""]",2025-10-15,801151.SI,300765.SZ
801103.SI,True,2025-04-23,True,False,False,True,2022-2025,2025-10-16,"[""financial_bad""]",2025-10-15,801103.SI,300895.SZ
801738.SI,True,2025-04-28,True,False,False,True,2022-2025,2025-10-16,"[""financial_bad""]",2025-10-15,801738.SI,301082.SZ
801103.SI,True,2025-04-24,True,False,False,True,2022-2025,2025-10-16,"[""financial_bad""]",2025-10-15,801103.SI,301396.SZ
801743.SI,False,2025-04-29,True,False,False,True,2022-2025,2025-10-16,"[""financial_bad""]",2025-10-15,801743.SI,600184.SH
801738.SI,True,2025-04-15,True,False,False,True,2022-2025,2025-10-16,"[""financial_bad""]",2025-10-15,801738.SI,600192.SH
801085.SI,True,2025-04-12,True,False,False,True,2022-2025,2025-10-16,"[""financial_bad""]",2025-10-15,801085.SI,600203.SH
801081.SI,True,2025-04-30,True,False,False,True,2022-2025,2025-10-16,"[""financial_bad""]",2025-10-15,801081.SI,600206.SH
801082.SI,True,2025-04-23,True,False,False,True,2022-2025,2025-10-16,"[""financial_bad""]",2025-10-15,801104.SI,600288.SH
801096.SI,True,2025-03-29,True,False,False,True,2022-2025,2025-10-16,"[""financial_bad""]",2025-10-15,801096.SI,600418.SH
801738.SI,True,2025-04-19,True,False,False,True,2022-2025,2025-10-16,"[""financial_bad""]",2025-10-15,801738.SI,600468.SH
801074.SI,True,2025-04-26,True,False,False,True,2022-2025,2025-10-16,"[""financial_bad""]",2025-10-15,801074.SI,600501.SH
801181.SI,True,2025-04-26,True,False,False,True,2022-2025,2025-10-16,"[""financial_bad""]",2025-10-15,801181.SI,600641.SH
801132.SI,True,2025-04-28,True,False,False,True,2022-2025,2025-10-16,"[""financial_bad""]",2025-10-15,801132.SI,601718.SH
801223.SI,True,2025-04-30,True,False,False,True,2022-2025,2025-10-16,"[""financial_bad""]",2025-10-15,801223.SI,603322.SH
801731.SI,True,2025-04-19,True,False,False,True,2022-2025,2025-10-16,"[""financial_bad""]",2025-10-15,801731.SI,603988.SH
801156.SI,True,2025-04-23,False,False,True,True,2022-2025,2025-10-16,"[""st""]",2025-10-15,801151.SI,688076.SH
801742.SI,True,2025-04-26,True,False,False,True,2022-2025,2025-10-17,"[""financial_bad""]",2025-10-16,801742.SI,000561.SZ
801223.SI,True,2025-04-28,True,False,False,True,2022-2025,2025-10-17,"[""financial_bad""]",2025-10-16,801223.SI,002115.SZ
801085.SI,True,2025-04-24,True,False,False,True,2022-2025,2025-10-17,"[""financial_bad""]",2025-10-16,801085.SI,002426.SZ
801764.SI,True,2025-04-28,True,False,False,True,2022-2025,2025-10-17,"[""financial_bad""]",2025-10-16,801764.SI,300043.SZ
801223.SI,True,2025-04-26,True,False,False,True,2022-2025,2025-10-17,"[""financial_bad""]",2025-10-16,801081.SI,300053.SZ
801103.SI,True,2025-04-25,True,False,False,True,2022-2025,2025-10-17,"[""financial_bad""]",2025-10-16,801103.SI,300250.SZ
801101.SI,True,2025-04-19,True,False,False,True,2022-2025,2025-10-17,"[""financial_bad""]",2025-10-16,801101.SI,300324.SZ
801055.SI,True,2025-04-22,True,False,False,True,2022-2025,2025-10-17,"[""financial_bad""]",2025-10-16,801055.SI,300328.SZ
801016.SI,False,2025-04-28,True,False,False,True,2022-2025,2025-10-17,"[""financial_bad""]",2025-10-16,801016.SI,300511.SZ
801742.SI,True,2025-04-29,True,False,False,True,2022-2025,2025-10-17,"[""financial_bad""]",2025-10-16,801742.SI,300581.SZ
801103.SI,True,2025-04-23,True,False,False,True,2022-2025,2025-10-17,"[""financial_bad""]",2025-10-16,801103.SI,300895.SZ
801738.SI,True,2025-04-28,True,False,False,True,2022-2025,2025-10-17,"[""financial_bad""]",2025-10-16,801738.SI,301082.SZ
801741.SI,False,2025-04-12,True,False,False,True,2022-2025,2025-10-17,"[""financial_bad""]",2025-10-16,801741.SI,600118.SH
801743.SI,False,2025-04-29,True,False,False,True,2022-2025,2025-10-17,"[""financial_bad""]",2025-10-16,801743.SI,600184.SH
801085.SI,True,2025-04-12,True,False,False,True,2022-2025,2025-10-17,"[""financial_bad""]",2025-10-16,801085.SI,600203.SH
801082.SI,True,2025-04-23,True,False,False,True,2022-2025,2025-10-17,"[""financial_bad""]",2025-10-16,801104.SI,600288.SH
801096.SI,True,2025-03-29,True,False,False,True,2022-2025,2025-10-17,"[""financial_bad""]",2025-10-16,801096.SI,600418.SH
801738.SI,True,2025-04-19,True,False,False,True,2022-2025,2025-10-17,"[""financial_bad""]",2025-10-16,801738.SI,600468.SH
801074.SI,True,2025-04-26,True,False,False,True,2022-2025,2025-10-17,"[""financial_bad""]",2025-10-16,801074.SI,600501.SH
801181.SI,True,2025-04-26,True,False,False,True,2022-2025,2025-10-17,"[""financial_bad""]",2025-10-16,801181.SI,600641.SH
801092.SI,True,2025-04-02,True,False,False,True,2022-2025,2025-10-17,"[""financial_bad""]",2025-10-16,801092.SI,600676.SH
801132.SI,True,2025-04-28,True,False,False,True,2022-2025,2025-10-17,"[""financial_bad""]",2025-10-16,801132.SI,601718.SH
801223.SI,True,2025-04-30,True,False,False,True,2022-2025,2025-10-17,"[""financial_bad""]",2025-10-16,801223.SI,603322.SH
801154.SI,False,2025-04-29,True,False,False,True,2022-2025,2025-10-17,"[""financial_bad""]",2025-10-16,801154.SI,603716.SH
801156.SI,True,2025-04-23,False,False,True,True,2022-2025,2025-10-17,"[""st""]",2025-10-16,801151.SI,688076.SH
801742.SI,True,2025-04-26,True,False,False,True,2022-2025,2025-10-20,"[""financial_bad""]",2025-10-17,801742.SI,000561.SZ
801095.SI,False,2025-04-22,True,False,False,True,2022-2025,2025-10-20,"[""financial_bad""]",2025-10-17,801095.SI,000572.SZ
801223.SI,True,2025-04-28,True,False,False,True,2022-2025,2025-10-20,"[""financial_bad""]",2025-10-17,801223.SI,002115.SZ
801083.SI,True,2025-03-25,False,False,True,True,2022-2025,2025-10-20,"[""st""]",2025-10-17,801083.SI,002199.SZ
801724.SI,True,2025-04-25,True,False,False,True,2022-2025,2025-10-20,"[""financial_bad""]",2025-10-17,801104.SI,002298.SZ
801085.SI,True,2025-04-24,True,False,False,True,2022-2025,2025-10-20,"[""financial_bad""]",2025-10-17,801085.SI,002426.SZ
801764.SI,True,2025-04-28,True,False,False,True,2022-2025,2025-10-20,"[""financial_bad""]",2025-10-17,801764.SI,300043.SZ
801223.SI,True,2025-04-26,True,False,False,True,2022-2025,2025-10-20,"[""financial_bad""]",2025-10-17,801081.SI,300053.SZ
801103.SI,True,2025-04-25,True,False,False,True,2022-2025,2025-10-20,"[""financial_bad""]",2025-10-17,801103.SI,300250.SZ
801055.SI,True,2025-04-22,True,False,False,True,2022-2025,2025-10-20,"[""financial_bad""]",2025-10-17,801055.SI,300328.SZ
801016.SI,False,2025-04-28,True,False,False,True,2022-2025,2025-10-20,"[""financial_bad""]",2025-10-17,801016.SI,300511.SZ
801742.SI,True,2025-04-29,True,False,False,True,2022-2025,2025-10-20,"[""financial_bad""]",2025-10-17,801742.SI,300581.SZ
801741.SI,False,2025-04-12,True,False,False,True,2022-2025,2025-10-20,"[""financial_bad""]",2025-10-17,801741.SI,600118.SH
801743.SI,False,2025-04-29,True,False,False,True,2022-2025,2025-10-20,"[""financial_bad""]",2025-10-17,801743.SI,600184.SH
801096.SI,True,2025-03-29,True,False,False,True,2022-2025,2025-10-20,"[""financial_bad""]",2025-10-17,801096.SI,600418.SH
801181.SI,True,2025-04-26,True,False,False,True,2022-2025,2025-10-20,"[""financial_bad""]",2025-10-17,801181.SI,600641.SH
801092.SI,True,2025-04-02,True,False,False,True,2022-2025,2025-10-20,"[""financial_bad""]",2025-10-17,801092.SI,600676.SH
801223.SI,True,2025-04-30,True,False,False,True,2022-2025,2025-10-20,"[""financial_bad""]",2025-10-17,801223.SI,603322.SH
801154.SI,False,2025-04-29,True,False,False,True,2022-2025,2025-10-20,"[""financial_bad""]",2025-10-17,801154.SI,603716.SH
801731.SI,True,2025-04-19,True,False,False,True,2022-2025,2025-10-20,"[""financial_bad""]",2025-10-17,801731.SI,603988.SH
801156.SI,True,2025-04-23,False,False,True,True,2022-2025,2025-10-20,"[""st""]",2025-10-17,801151.SI,688076.SH
801742.SI,True,2025-04-26,True,False,False,True,2022-2025,2025-10-21,"[""financial_bad""]",2025-10-20,801742.SI,000561.SZ
801095.SI,False,2025-04-22,True,False,False,True,2022-2025,2025-10-21,"[""financial_bad""]",2025-10-20,801095.SI,000572.SZ
801223.SI,True,2025-04-28,True,False,False,True,2022-2025,2025-10-21,"[""financial_bad""]",2025-10-20,801223.SI,002115.SZ
801724.SI,True,2025-04-25,True,False,False,True,2022-2025,2025-10-21,"[""financial_bad""]",2025-10-20,801104.SI,002298.SZ
801085.SI,True,2025-04-24,True,False,False,True,2022-2025,2025-10-21,"[""financial_bad""]",2025-10-20,801085.SI,002426.SZ
801764.SI,True,2025-04-28,True,False,False,True,2022-2025,2025-10-21,"[""financial_bad""]",2025-10-20,801764.SI,300043.SZ
801223.SI,True,2025-04-26,True,False,False,True,2022-2025,2025-10-21,"[""financial_bad""]",2025-10-20,801081.SI,300053.SZ
801103.SI,True,2025-04-25,True,False,False,True,2022-2025,2025-10-21,"[""financial_bad""]",2025-10-20,801103.SI,300250.SZ
801101.SI,True,2025-04-19,True,False,False,True,2022-2025,2025-10-21,"[""financial_bad""]",2025-10-20,801101.SI,300324.SZ
801055.SI,True,2025-04-22,True,False,False,True,2022-2025,2025-10-21,"[""financial_bad""]",2025-10-20,801055.SI,300328.SZ
801016.SI,False,2025-04-28,True,False,False,True,2022-2025,2025-10-21,"[""financial_bad""]",2025-10-20,801016.SI,300511.SZ
801742.SI,True,2025-04-29,True,False,False,True,2022-2025,2025-10-21,"[""financial_bad""]",2025-10-20,801742.SI,300581.SZ
801741.SI,False,2025-04-12,True,False,False,True,2022-2025,2025-10-21,"[""financial_bad""]",2025-10-20,801741.SI,600118.SH
801743.SI,False,2025-04-29,True,False,False,True,2022-2025,2025-10-21,"[""financial_bad""]",2025-10-20,801743.SI,600184.SH
801738.SI,True,2025-04-15,True,False,False,True,2022-2025,2025-10-21,"[""financial_bad""]",2025-10-20,801738.SI,600192.SH
801085.SI,True,2025-04-12,True,False,False,True,2022-2025,2025-10-21,"[""financial_bad""]",2025-10-20,801085.SI,600203.SH
801082.SI,True,2025-04-23,True,False,False,True,2022-2025,2025-10-21,"[""financial_bad""]",2025-10-20,801104.SI,600288.SH
801096.SI,True,2025-03-29,True,False,False,True,2022-2025,2025-10-21,"[""financial_bad""]",2025-10-20,801096.SI,600418.SH
801181.SI,True,2025-04-26,True,False,False,True,2022-2025,2025-10-21,"[""financial_bad""]",2025-10-20,801181.SI,600641.SH
801092.SI,True,2025-04-02,True,False,False,True,2022-2025,2025-10-21,"[""financial_bad""]",2025-10-20,801092.SI,600676.SH
801132.SI,True,2025-04-28,True,False,False,True,2022-2025,2025-10-21,"[""financial_bad""]",2025-10-20,801132.SI,601718.SH
801223.SI,True,2025-04-30,True,False,False,True,2022-2025,2025-10-21,"[""financial_bad""]",2025-10-20,801223.SI,603322.SH
801731.SI,True,2025-04-19,True,False,False,True,2022-2025,2025-10-21,"[""financial_bad""]",2025-10-20,801731.SI,603988.SH
801156.SI,True,2025-04-23,False,False,True,True,2022-2025,2025-10-21,"[""st""]",2025-10-20,801151.SI,688076.SH
801742.SI,True,2025-04-26,True,False,False,True,2022-2025,2025-10-22,"[""financial_bad""]",2025-10-21,801742.SI,000561.SZ
801095.SI,False,2025-04-22,True,False,False,True,2022-2025,2025-10-22,"[""financial_bad""]",2025-10-21,801095.SI,000572.SZ
801223.SI,True,2025-04-28,True,False,False,True,2022-2025,2025-10-22,"[""financial_bad""]",2025-10-21,801223.SI,002115.SZ
801724.SI,True,2025-04-25,True,False,False,True,2022-2025,2025-10-22,"[""financial_bad""]",2025-10-21,801104.SI,002298.SZ
801085.SI,True,2025-04-24,True,False,False,True,2022-2025,2025-10-22,"[""financial_bad""]",2025-10-21,801085.SI,002426.SZ
801764.SI,True,2025-04-28,True,False,False,True,2022-2025,2025-10-22,"[""financial_bad""]",2025-10-21,801764.SI,300043.SZ
801223.SI,True,2025-04-26,True,False,False,True,2022-2025,2025-10-22,"[""financial_bad""]",2025-10-21,801081.SI,300053.SZ
801735.SI,True,2025-03-22,True,False,False,True,2022-2025,2025-10-22,"[""financial_bad""]",2025-10-21,801735.SI,300080.SZ
801074.SI,True,2025-04-29,True,False,False,True,2022-2025,2025-10-22,"[""financial_bad""]",2025-10-21,801074.SI,300084.SZ
801103.SI,True,2025-04-25,True,False,False,True,2022-2025,2025-10-22,"[""financial_bad""]",2025-10-21,801103.SI,300250.SZ
801101.SI,True,2025-04-19,True,False,False,True,2022-2025,2025-10-22,"[""financial_bad""]",2025-10-21,801101.SI,300324.SZ
801055.SI,True,2025-04-22,True,False,False,True,2022-2025,2025-10-22,"[""financial_bad""]",2025-10-21,801055.SI,300328.SZ
801016.SI,False,2025-04-28,True,False,False,True,2022-2025,2025-10-22,"[""financial_bad""]",2025-10-21,801016.SI,300511.SZ
801742.SI,True,2025-04-29,True,False,False,True,2022-2025,2025-10-22,"[""financial_bad""]",2025-10-21,801742.SI,300581.SZ
801151.SI,True,2025-03-21,True,False,False,True,2022-2025,2025-10-22,"[""financial_bad""]",2025-10-21,801151.SI,300765.SZ
801103.SI,True,2025-04-23,True,False,False,True,2022-2025,2025-10-22,"[""financial_bad""]",2025-10-21,801103.SI,300895.SZ
801741.SI,False,2025-04-12,True,False,False,True,2022-2025,2025-10-22,"[""financial_bad""]",2025-10-21,801741.SI,600118.SH
801743.SI,False,2025-04-29,True,False,False,True,2022-2025,2025-10-22,"[""financial_bad""]",2025-10-21,801743.SI,600184.SH
801738.SI,True,2025-04-15,True,False,False,True,2022-2025,2025-10-22,"[""financial_bad""]",2025-10-21,801738.SI,600192.SH
801085.SI,True,2025-04-12,True,False,False,True,2022-2025,2025-10-22,"[""financial_bad""]",2025-10-21,801085.SI,600203.SH
801163.SI,True,2025-04-25,True,False,False,True,2022-2025,2025-10-22,"[""financial_bad""]",2025-10-21,801163.SI,600333.SH
801096.SI,False,2025-03-29,True,False,False,True,2022-2025,2025-10-22,"[""financial_bad""]",2025-10-21,801096.SI,600418.SH
801181.SI,True,2025-04-26,True,False,False,True,2022-2025,2025-10-22,"[""financial_bad""]",2025-10-21,801181.SI,600641.SH
801132.SI,True,2025-04-28,True,False,False,True,2022-2025,2025-10-22,"[""financial_bad""]",2025-10-21,801132.SI,601718.SH
801223.SI,True,2025-04-30,True,False,False,True,2022-2025,2025-10-22,"[""financial_bad""]",2025-10-21,801223.SI,603322.SH
801154.SI,False,2025-04-29,True,False,False,True,2022-2025,2025-10-22,"[""financial_bad""]",2025-10-21,801154.SI,603716.SH
801731.SI,True,2025-04-19,True,False,False,True,2022-2025,2025-10-22,"[""financial_bad""]",2025-10-21,801731.SI,603988.SH
801156.SI,True,2025-04-23,False,False,True,True,2022-2025,2025-10-22,"[""st""]",2025-10-21,801151.SI,688076.SH
801074.SI,True,2025-04-26,True,False,False,True,2022-2025,2025-10-22,"[""financial_bad""]",2025-10-21,801074.SI,920284.BJ
801181.SI,True,2025-04-24,True,False,False,True,2022-2025,2025-10-23,"[""financial_bad""]",2025-10-22,801181.SI,000514.SZ
801742.SI,True,2025-04-26,True,False,False,True,2022-2025,2025-10-23,"[""financial_bad""]",2025-10-22,801742.SI,000561.SZ
801223.SI,True,2025-04-28,True,False,False,True,2022-2025,2025-10-23,"[""financial_bad""]",2025-10-22,801223.SI,002115.SZ
801083.SI,True,2025-03-25,False,False,True,True,2022-2025,2025-10-23,"[""st""]",2025-10-22,801083.SI,002199.SZ
801724.SI,True,2025-04-25,True,False,False,True,2022-2025,2025-10-23,"[""financial_bad""]",2025-10-22,801104.SI,002298.SZ
801085.SI,True,2025-04-24,True,False,False,True,2022-2025,2025-10-23,"[""financial_bad""]",2025-10-22,801085.SI,002426.SZ
801764.SI,True,2025-04-28,True,False,False,True,2022-2025,2025-10-23,"[""financial_bad""]",2025-10-22,801764.SI,300043.SZ
801223.SI,True,2025-04-26,True,False,False,True,2022-2025,2025-10-23,"[""financial_bad""]",2025-10-22,801081.SI,300053.SZ
801074.SI,True,2025-04-29,True,False,False,True,2022-2025,2025-10-23,"[""financial_bad""]",2025-10-22,801074.SI,300084.SZ
801103.SI,True,2025-04-25,True,False,False,True,2022-2025,2025-10-23,"[""financial_bad""]",2025-10-22,801103.SI,300250.SZ
801101.SI,True,2025-04-19,True,False,False,True,2022-2025,2025-10-23,"[""financial_bad""]",2025-10-22,801101.SI,300324.SZ
801055.SI,True,2025-04-22,True,False,False,True,2022-2025,2025-10-23,"[""financial_bad""]",2025-10-22,801055.SI,300328.SZ
801016.SI,False,2025-04-28,True,False,False,True,2022-2025,2025-10-23,"[""financial_bad""]",2025-10-22,801016.SI,300511.SZ
801742.SI,True,2025-04-29,True,False,False,True,2022-2025,2025-10-23,"[""financial_bad""]",2025-10-22,801742.SI,300581.SZ
801151.SI,True,2025-03-21,True,False,False,True,2022-2025,2025-10-23,"[""financial_bad""]",2025-10-22,801151.SI,300765.SZ
801741.SI,False,2025-04-12,True,False,False,True,2022-2025,2025-10-23,"[""financial_bad""]",2025-10-22,801741.SI,600118.SH
801743.SI,False,2025-04-29,True,False,False,True,2022-2025,2025-10-23,"[""financial_bad""]",2025-10-22,801743.SI,600184.SH
801738.SI,True,2025-04-15,True,False,False,True,2022-2025,2025-10-23,"[""financial_bad""]",2025-10-22,801738.SI,600192.SH
801085.SI,True,2025-04-12,True,False,False,True,2022-2025,2025-10-23,"[""financial_bad""]",2025-10-22,801085.SI,600203.SH
801082.SI,True,2025-04-23,True,False,False,True,2022-2025,2025-10-23,"[""financial_bad""]",2025-10-22,801104.SI,600288.SH
801096.SI,False,2025-03-29,True,False,False,True,2022-2025,2025-10-23,"[""financial_bad""]",2025-10-22,801096.SI,600418.SH
801181.SI,True,2025-04-26,True,False,False,True,2022-2025,2025-10-23,"[""financial_bad""]",2025-10-22,801181.SI,600641.SH
801092.SI,True,2025-04-02,True,False,False,True,2022-2025,2025-10-23,"[""financial_bad""]",2025-10-22,801092.SI,600676.SH
801223.SI,True,2025-04-30,True,False,False,True,2022-2025,2025-10-23,"[""financial_bad""]",2025-10-22,801223.SI,603322.SH
801154.SI,False,2025-04-29,True,False,False,True,2022-2025,2025-10-23,"[""financial_bad""]",2025-10-22,801154.SI,603716.SH
801731.SI,True,2025-04-19,True,False,False,True,2022-2025,2025-10-23,"[""financial_bad""]",2025-10-22,801731.SI,603988.SH
801156.SI,True,2025-04-23,False,False,True,True,2022-2025,2025-10-23,"[""st""]",2025-10-22,801151.SI,688076.SH
801074.SI,True,2025-04-26,True,False,False,True,2022-2025,2025-10-23,"[""financial_bad""]",2025-10-22,801074.SI,920284.BJ
801742.SI,True,2025-04-26,True,False,False,True,2022-2025,2025-10-24,"[""financial_bad""]",2025-10-23,801742.SI,000561.SZ
801223.SI,True,2025-04-28,True,False,False,True,2022-2025,2025-10-24,"[""financial_bad""]",2025-10-23,801223.SI,002115.SZ
801083.SI,True,2025-03-25,False,False,True,True,2022-2025,2025-10-24,"[""st""]",2025-10-23,801083.SI,002199.SZ
801724.SI,True,2025-04-25,True,False,False,True,2022-2025,2025-10-24,"[""financial_bad""]",2025-10-23,801104.SI,002298.SZ
801085.SI,True,2025-04-24,True,False,False,True,2022-2025,2025-10-24,"[""financial_bad""]",2025-10-23,801085.SI,002426.SZ
801764.SI,True,2025-04-28,True,False,False,True,2022-2025,2025-10-24,"[""financial_bad""]",2025-10-23,801764.SI,300043.SZ
801223.SI,True,2025-04-26,True,False,False,True,2022-2025,2025-10-24,"[""financial_bad""]",2025-10-23,801081.SI,300053.SZ
801103.SI,True,2025-04-25,True,False,False,True,2022-2025,2025-10-24,"[""financial_bad""]",2025-10-23,801103.SI,300250.SZ
801101.SI,True,2025-04-19,True,False,False,True,2022-2025,2025-10-24,"[""financial_bad""]",2025-10-23,801101.SI,300324.SZ
801055.SI,True,2025-04-22,True,False,False,True,2022-2025,2025-10-24,"[""financial_bad""]",2025-10-23,801055.SI,300328.SZ
801016.SI,False,2025-04-28,True,False,False,True,2022-2025,2025-10-24,"[""financial_bad""]",2025-10-23,801016.SI,300511.SZ
801101.SI,True,2025-04-26,True,False,False,True,2022-2025,2025-10-24,"[""financial_bad""]",2025-10-23,801101.SI,300531.SZ
801742.SI,True,2025-04-29,True,False,False,True,2022-2025,2025-10-24,"[""financial_bad""]",2025-10-23,801742.SI,300581.SZ
801151.SI,True,2025-03-21,True,False,False,True,2022-2025,2025-10-24,"[""financial_bad""]",2025-10-23,801151.SI,300765.SZ
801103.SI,True,2025-04-23,True,False,False,True,2022-2025,2025-10-24,"[""financial_bad""]",2025-10-23,801103.SI,300895.SZ
801741.SI,False,2025-04-12,True,False,False,True,2022-2025,2025-10-24,"[""financial_bad""]",2025-10-23,801741.SI,600118.SH
801743.SI,False,2025-04-29,True,False,False,True,2022-2025,2025-10-24,"[""financial_bad""]",2025-10-23,801743.SI,600184.SH
801738.SI,True,2025-04-15,True,False,False,True,2022-2025,2025-10-24,"[""financial_bad""]",2025-10-23,801738.SI,600192.SH
801085.SI,True,2025-04-12,True,False,False,True,2022-2025,2025-10-24,"[""financial_bad""]",2025-10-23,801085.SI,600203.SH
801082.SI,True,2025-04-23,True,False,False,True,2022-2025,2025-10-24,"[""financial_bad""]",2025-10-23,801104.SI,600288.SH
801163.SI,True,2025-04-25,True,False,False,True,2022-2025,2025-10-24,"[""financial_bad""]",2025-10-23,801163.SI,600333.SH
801096.SI,False,2025-03-29,True,False,False,True,2022-2025,2025-10-24,"[""financial_bad""]",2025-10-23,801096.SI,600418.SH
801092.SI,True,2025-04-02,True,False,False,True,2022-2025,2025-10-24,"[""financial_bad""]",2025-10-23,801092.SI,600676.SH
801132.SI,True,2025-04-28,True,False,False,True,2022-2025,2025-10-24,"[""financial_bad""]",2025-10-23,801132.SI,601718.SH
801223.SI,True,2025-04-30,True,False,False,True,2022-2025,2025-10-24,"[""financial_bad""]",2025-10-23,801223.SI,603322.SH
801154.SI,False,2025-04-29,True,False,False,True,2022-2025,2025-10-24,"[""financial_bad""]",2025-10-23,801154.SI,603716.SH
801731.SI,True,2025-04-19,True,False,False,True,2022-2025,2025-10-24,"[""financial_bad""]",2025-10-23,801731.SI,603988.SH
801153.SI,True,2025-04-30,True,False,False,True,2022-2025,2025-10-24,"[""financial_bad""]",2025-10-23,801153.SI,688068.SH
801156.SI,True,2025-04-23,False,False,True,True,2022-2025,2025-10-24,"[""st""]",2025-10-23,801151.SI,688076.SH
801074.SI,True,2025-04-26,True,False,False,True,2022-2025,2025-10-24,"[""financial_bad""]",2025-10-23,801074.SI,920284.BJ
801103.SI,True,2025-03-29,True,False,False,True,2022-2025,2025-10-27,"[""financial_bad""]",2025-10-24,801103.SI,000555.SZ
801742.SI,True,2025-04-26,True,False,False,True,2022-2025,2025-10-27,"[""financial_bad""]",2025-10-24,801742.SI,000561.SZ
801223.SI,True,2025-04-28,True,False,False,True,2022-2025,2025-10-27,"[""financial_bad""]",2025-10-24,801223.SI,002115.SZ
801724.SI,True,2025-04-25,True,False,False,True,2022-2025,2025-10-27,"[""financial_bad""]",2025-10-24,801104.SI,002298.SZ
801085.SI,True,2025-04-24,True,False,False,True,2022-2025,2025-10-27,"[""financial_bad""]",2025-10-24,801085.SI,002426.SZ
801074.SI,True,2025-04-26,True,False,False,True,2022-2025,2025-10-27,"[""financial_bad""]",2025-10-24,801074.SI,002527.SZ
801764.SI,True,2025-04-28,True,False,False,True,2022-2025,2025-10-27,"[""financial_bad""]",2025-10-24,801764.SI,300043.SZ
801223.SI,True,2025-04-26,True,False,False,True,2022-2025,2025-10-27,"[""financial_bad""]",2025-10-24,801081.SI,300053.SZ
801103.SI,True,2025-04-25,True,False,False,True,2022-2025,2025-10-27,"[""financial_bad""]",2025-10-24,801103.SI,300250.SZ
801101.SI,True,2025-04-19,True,False,False,True,2022-2025,2025-10-27,"[""financial_bad""]",2025-10-24,801101.SI,300324.SZ
801055.SI,True,2025-04-22,True,False,False,True,2022-2025,2025-10-27,"[""financial_bad""]",2025-10-24,801055.SI,300328.SZ
801016.SI,False,2025-04-28,True,False,False,True,2022-2025,2025-10-27,"[""financial_bad""]",2025-10-24,801016.SI,300511.SZ
801101.SI,True,2025-04-26,True,False,False,True,2022-2025,2025-10-27,"[""financial_bad""]",2025-10-24,801101.SI,300531.SZ
801742.SI,True,2025-04-29,True,False,False,True,2022-2025,2025-10-27,"[""financial_bad""]",2025-10-24,801742.SI,300581.SZ
801103.SI,True,2025-04-23,True,False,False,True,2022-2025,2025-10-27,"[""financial_bad""]",2025-10-24,801103.SI,300895.SZ
801743.SI,False,2025-04-29,True,False,False,True,2022-2025,2025-10-27,"[""financial_bad""]",2025-10-24,801743.SI,600184.SH
801738.SI,True,2025-04-15,True,False,False,True,2022-2025,2025-10-27,"[""financial_bad""]",2025-10-24,801738.SI,600192.SH
801085.SI,True,2025-04-12,True,False,False,True,2022-2025,2025-10-27,"[""financial_bad""]",2025-10-24,801085.SI,600203.SH
801082.SI,True,2025-04-23,True,False,False,True,2022-2025,2025-10-27,"[""financial_bad""]",2025-10-24,801104.SI,600288.SH
801096.SI,False,2025-03-29,True,False,False,True,2022-2025,2025-10-27,"[""financial_bad""]",2025-10-24,801096.SI,600418.SH
801092.SI,True,2025-04-02,True,False,False,True,2022-2025,2025-10-27,"[""financial_bad""]",2025-10-24,801092.SI,600676.SH
801132.SI,True,2025-04-28,True,False,False,True,2022-2025,2025-10-27,"[""financial_bad""]",2025-10-24,801132.SI,601718.SH
801223.SI,True,2025-04-30,True,False,False,True,2022-2025,2025-10-27,"[""financial_bad""]",2025-10-24,801223.SI,603322.SH
801154.SI,False,2025-04-29,True,False,False,True,2022-2025,2025-10-27,"[""financial_bad""]",2025-10-24,801154.SI,603716.SH
801731.SI,True,2025-04-19,True,False,False,True,2022-2025,2025-10-27,"[""financial_bad""]",2025-10-24,801731.SI,603988.SH
801153.SI,True,2025-04-30,True,False,False,True,2022-2025,2025-10-27,"[""financial_bad""]",2025-10-24,801153.SI,688068.SH
801156.SI,True,2025-04-23,False,False,True,True,2022-2025,2025-10-27,"[""st""]",2025-10-24,801151.SI,688076.SH
801074.SI,True,2025-04-26,True,False,False,True,2022-2025,2025-10-27,"[""financial_bad""]",2025-10-24,801074.SI,920284.BJ
801103.SI,True,2025-03-29,True,False,False,True,2022-2025,2025-10-28,"[""financial_bad""]",2025-10-27,801103.SI,000555.SZ
801742.SI,True,2025-04-26,True,False,False,True,2022-2025,2025-10-28,"[""financial_bad""]",2025-10-27,801742.SI,000561.SZ
801223.SI,True,2025-04-28,True,False,False,True,2022-2025,2025-10-28,"[""financial_bad""]",2025-10-27,801223.SI,002115.SZ
801141.SI,True,2025-04-25,True,False,False,True,2022-2025,2025-10-28,"[""financial_bad""]",2025-10-27,801141.SI,002229.SZ
801724.SI,True,2025-04-25,True,False,False,True,2022-2025,2025-10-28,"[""financial_bad""]",2025-10-27,801104.SI,002298.SZ
801085.SI,True,2025-04-24,True,False,False,True,2022-2025,2025-10-28,"[""financial_bad""]",2025-10-27,801085.SI,002426.SZ
801206.SI,True,2025-03-29,True,False,False,True,2022-2025,2025-10-28,"[""financial_bad""]",2025-10-27,801206.SI,002640.SZ
801764.SI,True,2025-04-28,True,False,False,True,2022-2025,2025-10-28,"[""financial_bad""]",2025-10-27,801764.SI,300043.SZ
801223.SI,True,2025-04-26,True,False,False,True,2022-2025,2025-10-28,"[""financial_bad""]",2025-10-27,801081.SI,300053.SZ
801103.SI,True,2025-04-25,True,False,False,True,2022-2025,2025-10-28,"[""financial_bad""]",2025-10-27,801103.SI,300250.SZ
801101.SI,True,2025-04-19,True,False,False,True,2022-2025,2025-10-28,"[""financial_bad""]",2025-10-27,801101.SI,300324.SZ
801016.SI,False,2025-04-28,True,False,False,True,2022-2025,2025-10-28,"[""financial_bad""]",2025-10-27,801016.SI,300511.SZ
801101.SI,True,2025-04-26,True,False,False,True,2022-2025,2025-10-28,"[""financial_bad""]",2025-10-27,801101.SI,300531.SZ
801742.SI,True,2025-04-29,True,False,False,True,2022-2025,2025-10-28,"[""financial_bad""]",2025-10-27,801742.SI,300581.SZ
801103.SI,True,2025-04-23,True,False,False,True,2022-2025,2025-10-28,"[""financial_bad""]",2025-10-27,801103.SI,300895.SZ
801743.SI,False,2025-04-29,True,False,False,True,2022-2025,2025-10-28,"[""financial_bad""]",2025-10-27,801743.SI,600184.SH
801738.SI,True,2025-04-15,True,False,False,True,2022-2025,2025-10-28,"[""financial_bad""]",2025-10-27,801738.SI,600192.SH
801085.SI,True,2025-04-12,True,False,False,True,2022-2025,2025-10-28,"[""financial_bad""]",2025-10-27,801085.SI,600203.SH
801096.SI,False,2025-03-29,True,False,False,True,2022-2025,2025-10-28,"[""financial_bad""]",2025-10-27,801096.SI,600418.SH
801738.SI,True,2025-04-19,True,False,False,True,2022-2025,2025-10-28,"[""financial_bad""]",2025-10-27,801738.SI,600468.SH
801092.SI,True,2025-04-02,True,False,False,True,2022-2025,2025-10-28,"[""financial_bad""]",2025-10-27,801092.SI,600676.SH
801132.SI,True,2025-04-28,True,False,False,True,2022-2025,2025-10-28,"[""financial_bad""]",2025-10-27,801132.SI,601718.SH
801223.SI,True,2025-04-30,True,False,False,True,2022-2025,2025-10-28,"[""financial_bad""]",2025-10-27,801223.SI,603322.SH
801154.SI,False,2025-04-29,True,False,False,True,2022-2025,2025-10-28,"[""financial_bad""]",2025-10-27,801154.SI,603716.SH
801731.SI,True,2025-04-19,True,False,False,True,2022-2025,2025-10-28,"[""financial_bad""]",2025-10-27,801731.SI,603988.SH
801153.SI,True,2025-04-30,True,False,False,True,2022-2025,2025-10-28,"[""financial_bad""]",2025-10-27,801153.SI,688068.SH
801156.SI,True,2025-04-23,False,False,True,True,2022-2025,2025-10-28,"[""st""]",2025-10-27,801151.SI,688076.SH
801103.SI,True,2025-03-29,True,False,False,True,2022-2025,2025-10-29,"[""financial_bad""]",2025-10-28,801103.SI,000555.SZ
801742.SI,True,2025-04-26,True,False,False,True,2022-2025,2025-10-29,"[""financial_bad""]",2025-10-28,801742.SI,000561.SZ
801223.SI,True,2025-04-28,True,False,False,True,2022-2025,2025-10-29,"[""financial_bad""]",2025-10-28,801223.SI,002115.SZ
801141.SI,True,2025-04-25,True,False,False,True,2022-2025,2025-10-29,"[""financial_bad""]",2025-10-28,801141.SI,002229.SZ
801724.SI,True,2025-04-25,True,False,False,True,2022-2025,2025-10-29,"[""financial_bad""]",2025-10-28,801104.SI,002298.SZ
801085.SI,True,2025-04-24,True,False,False,True,2022-2025,2025-10-29,"[""financial_bad""]",2025-10-28,801085.SI,002426.SZ
801737.SI,True,2025-04-26,True,False,False,True,2022-2025,2025-10-29,"[""financial_bad""]",2025-10-28,801737.SI,002759.SZ
801764.SI,True,2025-04-28,True,False,False,True,2022-2025,2025-10-29,"[""financial_bad""]",2025-10-28,801764.SI,300043.SZ
801223.SI,True,2025-04-26,True,False,False,True,2022-2025,2025-10-29,"[""financial_bad""]",2025-10-28,801081.SI,300053.SZ
801103.SI,True,2025-04-25,True,False,False,True,2022-2025,2025-10-29,"[""financial_bad""]",2025-10-28,801103.SI,300250.SZ
801101.SI,True,2025-04-19,True,False,False,True,2022-2025,2025-10-29,"[""financial_bad""]",2025-10-28,801101.SI,300324.SZ
801016.SI,False,2025-04-28,True,False,False,True,2022-2025,2025-10-29,"[""financial_bad""]",2025-10-28,801016.SI,300511.SZ
801101.SI,True,2025-04-26,True,False,False,True,2022-2025,2025-10-29,"[""financial_bad""]",2025-10-28,801101.SI,300531.SZ
801742.SI,True,2025-04-29,True,False,False,True,2022-2025,2025-10-29,"[""financial_bad""]",2025-10-28,801742.SI,300581.SZ
801103.SI,True,2025-04-23,True,False,False,True,2022-2025,2025-10-29,"[""financial_bad""]",2025-10-28,801103.SI,300895.SZ
801743.SI,False,2025-04-29,True,False,False,True,2022-2025,2025-10-29,"[""financial_bad""]",2025-10-28,801743.SI,600184.SH
801738.SI,True,2025-04-15,True,False,False,True,2022-2025,2025-10-29,"[""financial_bad""]",2025-10-28,801738.SI,600192.SH
801085.SI,True,2025-04-12,True,False,False,True,2022-2025,2025-10-29,"[""financial_bad""]",2025-10-28,801085.SI,600203.SH
801082.SI,True,2025-04-23,True,False,False,True,2022-2025,2025-10-29,"[""financial_bad""]",2025-10-28,801104.SI,600288.SH
801096.SI,False,2025-03-29,True,False,False,True,2022-2025,2025-10-29,"[""financial_bad""]",2025-10-28,801096.SI,600418.SH
801738.SI,True,2025-04-19,True,False,False,True,2022-2025,2025-10-29,"[""financial_bad""]",2025-10-28,801738.SI,600468.SH
801092.SI,True,2025-04-02,True,False,False,True,2022-2025,2025-10-29,"[""financial_bad""]",2025-10-28,801092.SI,600676.SH
801132.SI,True,2025-04-28,True,False,False,True,2022-2025,2025-10-29,"[""financial_bad""]",2025-10-28,801132.SI,601718.SH
801154.SI,False,2025-04-29,True,False,False,True,2022-2025,2025-10-29,"[""financial_bad""]",2025-10-28,801154.SI,603716.SH
801731.SI,True,2025-04-19,True,False,False,True,2022-2025,2025-10-29,"[""financial_bad""]",2025-10-28,801731.SI,603988.SH
801153.SI,True,2025-04-30,True,False,False,True,2022-2025,2025-10-29,"[""financial_bad""]",2025-10-28,801153.SI,688068.SH
801156.SI,True,2025-04-23,False,False,True,True,2022-2025,2025-10-29,"[""st""]",2025-10-28,801151.SI,688076.SH
801742.SI,True,2025-04-26,True,False,False,True,2022-2025,2025-10-30,"[""financial_bad""]",2025-10-29,801742.SI,000561.SZ
801223.SI,True,2025-04-28,True,False,False,True,2022-2025,2025-10-30,"[""financial_bad""]",2025-10-29,801223.SI,002115.SZ
801141.SI,True,2025-04-25,True,False,False,True,2022-2025,2025-10-30,"[""financial_bad""]",2025-10-29,801141.SI,002229.SZ
801085.SI,True,2025-04-24,True,False,False,True,2022-2025,2025-10-30,"[""financial_bad""]",2025-10-29,801085.SI,002426.SZ
801206.SI,True,2025-03-29,True,False,False,True,2022-2025,2025-10-30,"[""financial_bad""]",2025-10-29,801206.SI,002640.SZ
801737.SI,True,2025-04-26,True,False,False,True,2022-2025,2025-10-30,"[""financial_bad""]",2025-10-29,801737.SI,002759.SZ
801764.SI,True,2025-04-28,True,False,False,True,2022-2025,2025-10-30,"[""financial_bad""]",2025-10-29,801764.SI,300043.SZ
801223.SI,True,2025-04-26,True,False,False,True,2022-2025,2025-10-30,"[""financial_bad""]",2025-10-29,801081.SI,300053.SZ
801074.SI,True,2025-04-29,True,False,False,True,2022-2025,2025-10-30,"[""financial_bad""]",2025-10-29,801074.SI,300084.SZ
801103.SI,True,2025-04-25,True,False,False,True,2022-2025,2025-10-30,"[""financial_bad""]",2025-10-29,801103.SI,300250.SZ
801101.SI,True,2025-04-19,True,False,False,True,2022-2025,2025-10-30,"[""financial_bad""]",2025-10-29,801101.SI,300324.SZ
801101.SI,True,2025-04-26,True,False,False,True,2022-2025,2025-10-30,"[""financial_bad""]",2025-10-29,801101.SI,300531.SZ
801742.SI,True,2025-04-29,True,False,False,True,2022-2025,2025-10-30,"[""financial_bad""]",2025-10-29,801742.SI,300581.SZ
801103.SI,True,2025-04-23,True,False,False,True,2022-2025,2025-10-30,"[""financial_bad""]",2025-10-29,801103.SI,300895.SZ
801103.SI,True,2025-04-24,True,False,False,True,2022-2025,2025-10-30,"[""financial_bad""]",2025-10-29,801103.SI,301396.SZ
801743.SI,False,2025-04-29,True,False,False,True,2022-2025,2025-10-30,"[""financial_bad""]",2025-10-29,801743.SI,600184.SH
801738.SI,True,2025-04-15,True,False,False,True,2022-2025,2025-10-30,"[""financial_bad""]",2025-10-29,801738.SI,600192.SH
801085.SI,True,2025-04-12,True,False,False,True,2022-2025,2025-10-30,"[""financial_bad""]",2025-10-29,801085.SI,600203.SH
801082.SI,True,2025-04-23,True,False,False,True,2022-2025,2025-10-30,"[""financial_bad""]",2025-10-29,801104.SI,600288.SH
801096.SI,False,2025-03-29,True,False,False,True,2022-2025,2025-10-30,"[""financial_bad""]",2025-10-29,801096.SI,600418.SH
801738.SI,True,2025-04-19,True,False,False,True,2022-2025,2025-10-30,"[""financial_bad""]",2025-10-29,801738.SI,600468.SH
801181.SI,True,2025-04-26,True,False,False,True,2022-2025,2025-10-30,"[""financial_bad""]",2025-10-29,801181.SI,600641.SH
801092.SI,True,2025-04-02,True,False,False,True,2022-2025,2025-10-30,"[""financial_bad""]",2025-10-29,801092.SI,600676.SH
801132.SI,True,2025-04-28,True,False,False,True,2022-2025,2025-10-30,"[""financial_bad""]",2025-10-29,801132.SI,601718.SH
801154.SI,False,2025-04-29,True,False,False,True,2022-2025,2025-10-30,"[""financial_bad""]",2025-10-29,801154.SI,603716.SH
801731.SI,True,2025-04-19,True,False,False,True,2022-2025,2025-10-30,"[""financial_bad""]",2025-10-29,801731.SI,603988.SH
801104.SI,True,2025-04-30,True,False,False,True,2022-2025,2025-10-30,"[""financial_bad""]",2025-10-29,801104.SI,603990.SH
801153.SI,True,2025-04-30,True,False,False,True,2022-2025,2025-10-30,"[""financial_bad""]",2025-10-29,801153.SI,688068.SH
801156.SI,True,2025-04-23,False,False,True,True,2022-2025,2025-10-30,"[""st""]",2025-10-29,801151.SI,688076.SH
801742.SI,True,2025-04-26,True,False,False,True,2022-2025,2025-10-31,"[""financial_bad""]",2025-10-30,801742.SI,000561.SZ
801074.SI,True,2025-04-25,True,False,False,True,2022-2025,2025-10-31,"[""financial_bad""]",2025-10-30,801074.SI,002009.SZ
801223.SI,True,2025-04-28,True,False,False,True,2022-2025,2025-10-31,"[""financial_bad""]",2025-10-30,801223.SI,002115.SZ
801141.SI,True,2025-04-25,True,False,False,True,2022-2025,2025-10-31,"[""financial_bad""]",2025-10-30,801141.SI,002229.SZ
801724.SI,True,2025-04-25,True,False,False,True,2022-2025,2025-10-31,"[""financial_bad""]",2025-10-30,801104.SI,002298.SZ
801085.SI,True,2025-04-24,True,False,False,True,2022-2025,2025-10-31,"[""financial_bad""]",2025-10-30,801085.SI,002426.SZ
801737.SI,True,2025-04-26,True,False,False,True,2022-2025,2025-10-31,"[""financial_bad""]",2025-10-30,801737.SI,002759.SZ
801764.SI,True,2025-04-28,True,False,False,True,2022-2025,2025-10-31,"[""financial_bad""]",2025-10-30,801764.SI,300043.SZ
801074.SI,True,2025-04-29,True,False,False,True,2022-2025,2025-10-31,"[""financial_bad""]",2025-10-30,801074.SI,300084.SZ
801101.SI,True,2025-04-19,True,False,False,True,2022-2025,2025-10-31,"[""financial_bad""]",2025-10-30,801101.SI,300324.SZ
801103.SI,True,2025-04-28,True,False,True,True,2022-2025,2025-10-31,"[""st"",""financial_bad""]",2025-10-30,801103.SI,300419.SZ
801016.SI,False,2025-04-28,True,False,False,True,2022-2025,2025-10-31,"[""financial_bad""]",2025-10-30,801016.SI,300511.SZ
801101.SI,True,2025-04-26,True,False,False,True,2022-2025,2025-10-31,"[""financial_bad""]",2025-10-30,801101.SI,300531.SZ
801742.SI,True,2025-04-29,True,False,False,True,2022-2025,2025-10-31,"[""financial_bad""]",2025-10-30,801742.SI,300581.SZ
801103.SI,True,2025-04-23,True,False,False,True,2022-2025,2025-10-31,"[""financial_bad""]",2025-10-30,801103.SI,300895.SZ
801743.SI,False,2025-04-29,True,False,False,True,2022-2025,2025-10-31,"[""financial_bad""]",2025-10-30,801743.SI,600184.SH
801738.SI,True,2025-04-15,True,False,False,True,2022-2025,2025-10-31,"[""financial_bad""]",2025-10-30,801738.SI,600192.SH
801085.SI,True,2025-04-12,True,False,False,True,2022-2025,2025-10-31,"[""financial_bad""]",2025-10-30,801085.SI,600203.SH
801096.SI,False,2025-03-29,True,False,False,True,2022-2025,2025-10-31,"[""financial_bad""]",2025-10-30,801096.SI,600418.SH
801738.SI,True,2025-04-19,True,False,False,True,2022-2025,2025-10-31,"[""financial_bad""]",2025-10-30,801738.SI,600468.SH
801092.SI,True,2025-04-02,True,False,False,True,2022-2025,2025-10-31,"[""financial_bad""]",2025-10-30,801092.SI,600676.SH
801132.SI,True,2025-04-28,True,False,False,True,2022-2025,2025-10-31,"[""financial_bad""]",2025-10-30,801132.SI,601718.SH
801154.SI,False,2025-04-29,True,False,False,True,2022-2025,2025-10-31,"[""financial_bad""]",2025-10-30,801154.SI,603716.SH
801731.SI,True,2025-04-19,True,False,False,True,2022-2025,2025-10-31,"[""financial_bad""]",2025-10-30,801731.SI,603988.SH
801104.SI,True,2025-04-30,True,False,False,True,2022-2025,2025-10-31,"[""financial_bad""]",2025-10-30,801104.SI,603990.SH
801153.SI,True,2025-04-30,True,False,False,True,2022-2025,2025-10-31,"[""financial_bad""]",2025-10-30,801153.SI,688068.SH
801156.SI,True,2025-04-23,False,False,True,True,2022-2025,2025-10-31,"[""st""]",2025-10-30,801151.SI,688076.SH
801742.SI,True,2025-04-26,True,False,False,True,2022-2025,2025-11-03,"[""financial_bad""]",2025-10-31,801742.SI,000561.SZ
801095.SI,False,2025-04-22,True,False,False,True,2022-2025,2025-11-03,"[""financial_bad""]",2025-10-31,801095.SI,000572.SZ
801074.SI,True,2025-04-25,True,False,False,True,2022-2025,2025-11-03,"[""financial_bad""]",2025-10-31,801074.SI,002009.SZ
801223.SI,True,2025-04-28,True,False,False,True,2022-2025,2025-11-03,"[""financial_bad""]",2025-10-31,801223.SI,002115.SZ
801738.SI,True,2025-04-24,True,False,False,True,2022-2025,2025-11-03,"[""financial_bad""]",2025-10-31,801738.SI,002169.SZ
801141.SI,True,2025-04-25,True,False,False,True,2022-2025,2025-11-03,"[""financial_bad""]",2025-10-31,801141.SI,002229.SZ
801085.SI,True,2025-04-24,True,False,False,True,2022-2025,2025-11-03,"[""financial_bad""]",2025-10-31,801085.SI,002426.SZ
801206.SI,True,2025-03-29,True,False,False,True,2022-2025,2025-11-03,"[""financial_bad""]",2025-10-31,801206.SI,002640.SZ
801764.SI,True,2025-04-28,True,False,False,True,2022-2025,2025-11-03,"[""financial_bad""]",2025-10-31,801764.SI,300043.SZ
801223.SI,True,2025-04-26,True,False,False,True,2022-2025,2025-11-03,"[""financial_bad""]",2025-10-31,801081.SI,300053.SZ
801074.SI,True,2025-04-29,True,False,False,True,2022-2025,2025-11-03,"[""financial_bad""]",2025-10-31,801074.SI,300084.SZ
801101.SI,True,2025-04-19,True,False,False,True,2022-2025,2025-11-03,"[""financial_bad""]",2025-10-31,801101.SI,300324.SZ
801103.SI,True,2025-04-28,True,False,True,True,2022-2025,2025-11-03,"[""st"",""financial_bad""]",2025-10-31,801103.SI,300419.SZ
801016.SI,False,2025-04-28,True,False,False,True,2022-2025,2025-11-03,"[""financial_bad""]",2025-10-31,801016.SI,300511.SZ
801101.SI,True,2025-04-26,True,False,False,True,2022-2025,2025-11-03,"[""financial_bad""]",2025-10-31,801101.SI,300531.SZ
801742.SI,True,2025-04-29,True,False,False,True,2022-2025,2025-11-03,"[""financial_bad""]",2025-10-31,801742.SI,300581.SZ
801103.SI,True,2025-04-23,True,False,False,True,2022-2025,2025-11-03,"[""financial_bad""]",2025-10-31,801103.SI,300895.SZ
801743.SI,False,2025-04-29,True,False,False,True,2022-2025,2025-11-03,"[""financial_bad""]",2025-10-31,801743.SI,600184.SH
801738.SI,True,2025-04-15,True,False,False,True,2022-2025,2025-11-03,"[""financial_bad""]",2025-10-31,801738.SI,600192.SH
801085.SI,True,2025-04-12,True,False,False,True,2022-2025,2025-11-03,"[""financial_bad""]",2025-10-31,801085.SI,600203.SH
801096.SI,False,2025-03-29,True,False,False,True,2022-2025,2025-11-03,"[""financial_bad""]",2025-10-31,801096.SI,600418.SH
801092.SI,True,2025-04-02,True,False,False,True,2022-2025,2025-11-03,"[""financial_bad""]",2025-10-31,801092.SI,600676.SH
801132.SI,True,2025-04-28,True,False,False,True,2022-2025,2025-11-03,"[""financial_bad""]",2025-10-31,801132.SI,601718.SH
801154.SI,False,2025-04-29,True,False,False,True,2022-2025,2025-11-03,"[""financial_bad""]",2025-10-31,801154.SI,603716.SH
801731.SI,True,2025-04-19,True,False,False,True,2022-2025,2025-11-03,"[""financial_bad""]",2025-10-31,801731.SI,603988.SH
801104.SI,True,2025-04-30,True,False,False,True,2022-2025,2025-11-03,"[""financial_bad""]",2025-10-31,801104.SI,603990.SH
801153.SI,True,2025-04-30,True,False,False,True,2022-2025,2025-11-03,"[""financial_bad""]",2025-10-31,801153.SI,688068.SH
801156.SI,True,2025-04-23,False,False,True,True,2022-2025,2025-11-03,"[""st""]",2025-10-31,801151.SI,688076.SH
801742.SI,True,2025-04-26,True,False,False,True,2022-2025,2025-11-04,"[""financial_bad""]",2025-11-03,801742.SI,000561.SZ
801074.SI,True,2025-04-25,True,False,False,True,2022-2025,2025-11-04,"[""financial_bad""]",2025-11-03,801074.SI,002009.SZ
801223.SI,True,2025-04-28,True,False,False,True,2022-2025,2025-11-04,"[""financial_bad""]",2025-11-03,801223.SI,002115.SZ
801141.SI,True,2025-04-25,True,False,False,True,2022-2025,2025-11-04,"[""financial_bad""]",2025-11-03,801141.SI,002229.SZ
801085.SI,True,2025-04-24,True,False,False,True,2022-2025,2025-11-04,"[""financial_bad""]",2025-11-03,801085.SI,002426.SZ
801206.SI,True,2025-03-29,True,False,False,True,2022-2025,2025-11-04,"[""financial_bad""]",2025-11-03,801206.SI,002640.SZ
801764.SI,True,2025-04-28,True,False,False,True,2022-2025,2025-11-04,"[""financial_bad""]",2025-11-03,801764.SI,300043.SZ
801074.SI,True,2025-04-29,True,False,False,True,2022-2025,2025-11-04,"[""financial_bad""]",2025-11-03,801074.SI,300084.SZ
801101.SI,True,2025-04-19,True,False,False,True,2022-2025,2025-11-04,"[""financial_bad""]",2025-11-03,801101.SI,300324.SZ
801103.SI,True,2025-04-28,True,False,True,True,2022-2025,2025-11-04,"[""st"",""financial_bad""]",2025-11-03,801103.SI,300419.SZ
801101.SI,True,2025-04-26,True,False,False,True,2022-2025,2025-11-04,"[""financial_bad""]",2025-11-03,801101.SI,300531.SZ
801742.SI,True,2025-04-29,True,False,False,True,2022-2025,2025-11-04,"[""financial_bad""]",2025-11-03,801742.SI,300581.SZ
801103.SI,True,2025-04-23,True,False,False,True,2022-2025,2025-11-04,"[""financial_bad""]",2025-11-03,801103.SI,300895.SZ
801738.SI,True,2025-04-28,True,False,False,True,2022-2025,2025-11-04,"[""financial_bad""]",2025-11-03,801738.SI,301082.SZ
801743.SI,False,2025-04-29,True,False,False,True,2022-2025,2025-11-04,"[""financial_bad""]",2025-11-03,801743.SI,600184.SH
801738.SI,True,2025-04-15,True,False,False,True,2022-2025,2025-11-04,"[""financial_bad""]",2025-11-03,801738.SI,600192.SH
801085.SI,True,2025-04-12,True,False,False,True,2022-2025,2025-11-04,"[""financial_bad""]",2025-11-03,801085.SI,600203.SH
801163.SI,True,2025-04-25,True,False,False,True,2022-2025,2025-11-04,"[""financial_bad""]",2025-11-03,801163.SI,600333.SH
801096.SI,False,2025-03-29,True,False,False,True,2022-2025,2025-11-04,"[""financial_bad""]",2025-11-03,801096.SI,600418.SH
801738.SI,True,2025-04-19,True,False,False,True,2022-2025,2025-11-04,"[""financial_bad""]",2025-11-03,801738.SI,600468.SH
801092.SI,True,2025-04-02,True,False,False,True,2022-2025,2025-11-04,"[""financial_bad""]",2025-11-03,801092.SI,600676.SH
801132.SI,True,2025-04-28,True,False,False,True,2022-2025,2025-11-04,"[""financial_bad""]",2025-11-03,801132.SI,601718.SH
801154.SI,False,2025-04-29,True,False,False,True,2022-2025,2025-11-04,"[""financial_bad""]",2025-11-03,801154.SI,603716.SH
801731.SI,True,2025-04-19,True,False,False,True,2022-2025,2025-11-04,"[""financial_bad""]",2025-11-03,801731.SI,603988.SH
801104.SI,True,2025-04-30,True,False,False,True,2022-2025,2025-11-04,"[""financial_bad""]",2025-11-03,801104.SI,603990.SH
801153.SI,True,2025-04-30,True,False,False,True,2022-2025,2025-11-04,"[""financial_bad""]",2025-11-03,801153.SI,688068.SH
801156.SI,True,2025-04-23,False,False,True,True,2022-2025,2025-11-04,"[""st""]",2025-11-03,801151.SI,688076.SH
801742.SI,True,2025-04-26,True,False,False,True,2022-2025,2025-11-05,"[""financial_bad""]",2025-11-04,801742.SI,000561.SZ
801074.SI,True,2025-04-25,True,False,False,True,2022-2025,2025-11-05,"[""financial_bad""]",2025-11-04,801074.SI,002009.SZ
801223.SI,True,2025-04-28,True,False,False,True,2022-2025,2025-11-05,"[""financial_bad""]",2025-11-04,801223.SI,002115.SZ
801141.SI,True,2025-04-25,True,False,False,True,2022-2025,2025-11-05,"[""financial_bad""]",2025-11-04,801141.SI,002229.SZ
801085.SI,True,2025-04-24,True,False,False,True,2022-2025,2025-11-05,"[""financial_bad""]",2025-11-04,801085.SI,002426.SZ
801764.SI,True,2025-04-28,True,False,False,True,2022-2025,2025-11-05,"[""financial_bad""]",2025-11-04,801764.SI,300043.SZ
801074.SI,True,2025-04-29,True,False,False,True,2022-2025,2025-11-05,"[""financial_bad""]",2025-11-04,801074.SI,300084.SZ
801103.SI,True,2025-04-25,True,False,False,True,2022-2025,2025-11-05,"[""financial_bad""]",2025-11-04,801103.SI,300250.SZ
801101.SI,True,2025-04-19,True,False,False,True,2022-2025,2025-11-05,"[""financial_bad""]",2025-11-04,801101.SI,300324.SZ
801103.SI,True,2025-04-28,True,False,True,True,2022-2025,2025-11-05,"[""st"",""financial_bad""]",2025-11-04,801103.SI,300419.SZ
801016.SI,True,2025-04-28,True,False,False,True,2022-2025,2025-11-05,"[""financial_bad""]",2025-11-04,801016.SI,300511.SZ
801101.SI,True,2025-04-26,True,False,False,True,2022-2025,2025-11-05,"[""financial_bad""]",2025-11-04,801101.SI,300531.SZ
801742.SI,True,2025-04-29,True,False,False,True,2022-2025,2025-11-05,"[""financial_bad""]",2025-11-04,801742.SI,300581.SZ
801103.SI,True,2025-04-23,True,False,False,True,2022-2025,2025-11-05,"[""financial_bad""]",2025-11-04,801103.SI,300895.SZ
801738.SI,True,2025-04-28,True,False,False,True,2022-2025,2025-11-05,"[""financial_bad""]",2025-11-04,801738.SI,301082.SZ
801743.SI,False,2025-04-29,True,False,False,True,2022-2025,2025-11-05,"[""financial_bad""]",2025-11-04,801743.SI,600184.SH
801738.SI,True,2025-04-15,True,False,False,True,2022-2025,2025-11-05,"[""financial_bad""]",2025-11-04,801738.SI,600192.SH
801085.SI,True,2025-04-12,True,False,False,True,2022-2025,2025-11-05,"[""financial_bad""]",2025-11-04,801085.SI,600203.SH
801163.SI,True,2025-04-25,True,False,False,True,2022-2025,2025-11-05,"[""financial_bad""]",2025-11-04,801163.SI,600333.SH
801096.SI,False,2025-03-29,True,False,False,True,2022-2025,2025-11-05,"[""financial_bad""]",2025-11-04,801096.SI,600418.SH
801738.SI,True,2025-04-19,True,False,False,True,2022-2025,2025-11-05,"[""financial_bad""]",2025-11-04,801738.SI,600468.SH
801092.SI,True,2025-04-02,True,False,False,True,2022-2025,2025-11-05,"[""financial_bad""]",2025-11-04,801092.SI,600676.SH
801132.SI,True,2025-04-28,True,False,False,True,2022-2025,2025-11-05,"[""financial_bad""]",2025-11-04,801132.SI,601718.SH
801154.SI,True,2025-04-29,True,False,False,True,2022-2025,2025-11-05,"[""financial_bad""]",2025-11-04,801154.SI,603716.SH
801104.SI,True,2025-04-30,True,False,False,True,2022-2025,2025-11-05,"[""financial_bad""]",2025-11-04,801104.SI,603990.SH
801156.SI,True,2025-04-23,False,False,True,True,2022-2025,2025-11-05,"[""st""]",2025-11-04,801151.SI,688076.SH
801742.SI,True,2025-04-26,True,False,False,True,2022-2025,2025-11-06,"[""financial_bad""]",2025-11-05,801742.SI,000561.SZ
801074.SI,True,2025-04-25,True,False,False,True,2022-2025,2025-11-06,"[""financial_bad""]",2025-11-05,801074.SI,002009.SZ
801223.SI,True,2025-04-28,True,False,False,True,2022-2025,2025-11-06,"[""financial_bad""]",2025-11-05,801223.SI,002115.SZ
801141.SI,True,2025-04-25,True,False,False,True,2022-2025,2025-11-06,"[""financial_bad""]",2025-11-05,801141.SI,002229.SZ
801085.SI,True,2025-04-24,True,False,False,True,2022-2025,2025-11-06,"[""financial_bad""]",2025-11-05,801085.SI,002426.SZ
801764.SI,True,2025-04-28,True,False,False,True,2022-2025,2025-11-06,"[""financial_bad""]",2025-11-05,801764.SI,300043.SZ
801223.SI,True,2025-04-26,True,False,False,True,2022-2025,2025-11-06,"[""financial_bad""]",2025-11-05,801081.SI,300053.SZ
801074.SI,True,2025-04-29,True,False,False,True,2022-2025,2025-11-06,"[""financial_bad""]",2025-11-05,801074.SI,300084.SZ
801103.SI,True,2025-04-25,True,False,False,True,2022-2025,2025-11-06,"[""financial_bad""]",2025-11-05,801103.SI,300250.SZ
801101.SI,True,2025-04-19,True,False,False,True,2022-2025,2025-11-06,"[""financial_bad""]",2025-11-05,801101.SI,300324.SZ
801103.SI,True,2025-04-28,True,False,True,True,2022-2025,2025-11-06,"[""st"",""financial_bad""]",2025-11-05,801103.SI,300419.SZ
801072.SI,True,2025-04-19,True,False,False,True,2022-2025,2025-11-06,"[""financial_bad""]",2025-11-05,801072.SI,300420.SZ
801101.SI,True,2025-04-26,True,False,False,True,2022-2025,2025-11-06,"[""financial_bad""]",2025-11-05,801101.SI,300531.SZ
801742.SI,True,2025-04-29,True,False,False,True,2022-2025,2025-11-06,"[""financial_bad""]",2025-11-05,801742.SI,300581.SZ
801103.SI,True,2025-04-23,True,False,False,True,2022-2025,2025-11-06,"[""financial_bad""]",2025-11-05,801103.SI,300895.SZ
801738.SI,True,2025-04-28,True,False,False,True,2022-2025,2025-11-06,"[""financial_bad""]",2025-11-05,801738.SI,301082.SZ
801743.SI,False,2025-04-29,True,False,False,True,2022-2025,2025-11-06,"[""financial_bad""]",2025-11-05,801743.SI,600184.SH
801738.SI,True,2025-04-15,True,False,False,True,2022-2025,2025-11-06,"[""financial_bad""]",2025-11-05,801738.SI,600192.SH
801085.SI,True,2025-04-12,True,False,False,True,2022-2025,2025-11-06,"[""financial_bad""]",2025-11-05,801085.SI,600203.SH
801163.SI,True,2025-04-25,True,False,False,True,2022-2025,2025-11-06,"[""financial_bad""]",2025-11-05,801163.SI,600333.SH
801096.SI,False,2025-03-29,True,False,False,True,2022-2025,2025-11-06,"[""financial_bad""]",2025-11-05,801096.SI,600418.SH
801738.SI,True,2025-04-19,True,False,False,True,2022-2025,2025-11-06,"[""financial_bad""]",2025-11-05,801738.SI,600468.SH
801092.SI,True,2025-04-02,True,False,False,True,2022-2025,2025-11-06,"[""financial_bad""]",2025-11-05,801092.SI,600676.SH
801132.SI,True,2025-04-28,True,False,False,True,2022-2025,2025-11-06,"[""financial_bad""]",2025-11-05,801132.SI,601718.SH
801154.SI,True,2025-04-29,True,False,False,True,2022-2025,2025-11-06,"[""financial_bad""]",2025-11-05,801154.SI,603716.SH
801104.SI,True,2025-04-30,True,False,False,True,2022-2025,2025-11-06,"[""financial_bad""]",2025-11-05,801104.SI,603990.SH
801156.SI,True,2025-04-23,False,False,True,True,2022-2025,2025-11-06,"[""st""]",2025-11-05,801151.SI,688076.SH
801181.SI,True,2025-04-24,True,False,False,True,2022-2025,2025-11-07,"[""financial_bad""]",2025-11-06,801181.SI,000514.SZ
801742.SI,True,2025-04-26,True,False,False,True,2022-2025,2025-11-07,"[""financial_bad""]",2025-11-06,801742.SI,000561.SZ
801074.SI,True,2025-04-25,True,False,False,True,2022-2025,2025-11-07,"[""financial_bad""]",2025-11-06,801074.SI,002009.SZ
801223.SI,True,2025-04-28,True,False,False,True,2022-2025,2025-11-07,"[""financial_bad""]",2025-11-06,801223.SI,002115.SZ
801738.SI,True,2025-04-24,True,False,False,True,2022-2025,2025-11-07,"[""financial_bad""]",2025-11-06,801738.SI,002169.SZ
801085.SI,True,2025-04-24,True,False,False,True,2022-2025,2025-11-07,"[""financial_bad""]",2025-11-06,801085.SI,002426.SZ
801764.SI,True,2025-04-28,True,False,False,True,2022-2025,2025-11-07,"[""financial_bad""]",2025-11-06,801764.SI,300043.SZ
801074.SI,True,2025-04-29,True,False,False,True,2022-2025,2025-11-07,"[""financial_bad""]",2025-11-06,801074.SI,300084.SZ
801103.SI,True,2025-04-25,True,False,False,True,2022-2025,2025-11-07,"[""financial_bad""]",2025-11-06,801103.SI,300250.SZ
801101.SI,True,2025-04-19,True,False,False,True,2022-2025,2025-11-07,"[""financial_bad""]",2025-11-06,801101.SI,300324.SZ
801103.SI,True,2025-04-28,True,False,True,True,2022-2025,2025-11-07,"[""st"",""financial_bad""]",2025-11-06,801103.SI,300419.SZ
801101.SI,True,2025-04-26,True,False,False,True,2022-2025,2025-11-07,"[""financial_bad""]",2025-11-06,801101.SI,300531.SZ
801742.SI,True,2025-04-29,True,False,False,True,2022-2025,2025-11-07,"[""financial_bad""]",2025-11-06,801742.SI,300581.SZ
801103.SI,True,2025-04-23,True,False,False,True,2022-2025,2025-11-07,"[""financial_bad""]",2025-11-06,801103.SI,300895.SZ
801738.SI,True,2025-04-28,True,False,False,True,2022-2025,2025-11-07,"[""financial_bad""]",2025-11-06,801738.SI,301082.SZ
801743.SI,False,2025-04-29,True,False,False,True,2022-2025,2025-11-07,"[""financial_bad""]",2025-11-06,801743.SI,600184.SH
801738.SI,True,2025-04-15,True,False,False,True,2022-2025,2025-11-07,"[""financial_bad""]",2025-11-06,801738.SI,600192.SH
801085.SI,True,2025-04-12,True,False,False,True,2022-2025,2025-11-07,"[""financial_bad""]",2025-11-06,801085.SI,600203.SH
801163.SI,True,2025-04-25,True,False,False,True,2022-2025,2025-11-07,"[""financial_bad""]",2025-11-06,801163.SI,600333.SH
801096.SI,False,2025-03-29,True,False,False,True,2022-2025,2025-11-07,"[""financial_bad""]",2025-11-06,801096.SI,600418.SH
801738.SI,True,2025-04-19,True,False,False,True,2022-2025,2025-11-07,"[""financial_bad""]",2025-11-06,801738.SI,600468.SH
801092.SI,False,2025-04-02,True,False,False,True,2022-2025,2025-11-07,"[""financial_bad""]",2025-11-06,801092.SI,600676.SH
801132.SI,True,2025-04-28,True,False,False,True,2022-2025,2025-11-07,"[""financial_bad""]",2025-11-06,801132.SI,601718.SH
801154.SI,True,2025-04-29,True,False,False,True,2022-2025,2025-11-07,"[""financial_bad""]",2025-11-06,801154.SI,603716.SH
801156.SI,True,2025-04-23,False,False,True,True,2022-2025,2025-11-07,"[""st""]",2025-11-06,801151.SI,688076.SH
801181.SI,True,2025-04-24,True,False,False,True,2022-2025,2025-11-10,"[""financial_bad""]",2025-11-07,801181.SI,000514.SZ
801742.SI,True,2025-04-26,True,False,False,True,2022-2025,2025-11-10,"[""financial_bad""]",2025-11-07,801742.SI,000561.SZ
801074.SI,True,2025-04-25,True,False,False,True,2022-2025,2025-11-10,"[""financial_bad""]",2025-11-07,801074.SI,002009.SZ
801223.SI,True,2025-04-28,True,False,False,True,2022-2025,2025-11-10,"[""financial_bad""]",2025-11-07,801223.SI,002115.SZ
801738.SI,True,2025-04-24,True,False,False,True,2022-2025,2025-11-10,"[""financial_bad""]",2025-11-07,801738.SI,002169.SZ
801724.SI,True,2025-04-25,True,False,False,True,2022-2025,2025-11-10,"[""financial_bad""]",2025-11-07,801104.SI,002298.SZ
801085.SI,True,2025-04-24,True,False,False,True,2022-2025,2025-11-10,"[""financial_bad""]",2025-11-07,801085.SI,002426.SZ
801764.SI,True,2025-04-28,True,False,False,True,2022-2025,2025-11-10,"[""financial_bad""]",2025-11-07,801764.SI,300043.SZ
801074.SI,True,2025-04-29,True,False,False,True,2022-2025,2025-11-10,"[""financial_bad""]",2025-11-07,801074.SI,300084.SZ
801103.SI,True,2025-04-25,True,False,False,True,2022-2025,2025-11-10,"[""financial_bad""]",2025-11-07,801103.SI,300250.SZ
801101.SI,True,2025-04-19,True,False,False,True,2022-2025,2025-11-10,"[""financial_bad""]",2025-11-07,801101.SI,300324.SZ
801103.SI,True,2025-04-28,True,False,True,True,2022-2025,2025-11-10,"[""st"",""financial_bad""]",2025-11-07,801103.SI,300419.SZ
801101.SI,True,2025-04-26,True,False,False,True,2022-2025,2025-11-10,"[""financial_bad""]",2025-11-07,801101.SI,300531.SZ
801742.SI,True,2025-04-29,True,False,False,True,2022-2025,2025-11-10,"[""financial_bad""]",2025-11-07,801742.SI,300581.SZ
801103.SI,True,2025-04-23,True,False,False,True,2022-2025,2025-11-10,"[""financial_bad""]",2025-11-07,801103.SI,300895.SZ
801738.SI,True,2025-04-28,True,False,False,True,2022-2025,2025-11-10,"[""financial_bad""]",2025-11-07,801738.SI,301082.SZ
801743.SI,False,2025-04-29,True,False,False,True,2022-2025,2025-11-10,"[""financial_bad""]",2025-11-07,801743.SI,600184.SH
801738.SI,True,2025-04-15,True,False,False,True,2022-2025,2025-11-10,"[""financial_bad""]",2025-11-07,801738.SI,600192.SH
801085.SI,True,2025-04-12,True,False,False,True,2022-2025,2025-11-10,"[""financial_bad""]",2025-11-07,801085.SI,600203.SH
801163.SI,True,2025-04-25,True,False,False,True,2022-2025,2025-11-10,"[""financial_bad""]",2025-11-07,801163.SI,600333.SH
801096.SI,False,2025-03-29,True,False,False,True,2022-2025,2025-11-10,"[""financial_bad""]",2025-11-07,801096.SI,600418.SH
801738.SI,True,2025-04-19,True,False,False,True,2022-2025,2025-11-10,"[""financial_bad""]",2025-11-07,801738.SI,600468.SH
801092.SI,False,2025-04-02,True,False,False,True,2022-2025,2025-11-10,"[""financial_bad""]",2025-11-07,801092.SI,600676.SH
801132.SI,True,2025-04-28,True,False,False,True,2022-2025,2025-11-10,"[""financial_bad""]",2025-11-07,801132.SI,601718.SH
801154.SI,True,2025-04-29,True,False,False,True,2022-2025,2025-11-10,"[""financial_bad""]",2025-11-07,801154.SI,603716.SH
801104.SI,True,2025-04-30,True,False,False,True,2022-2025,2025-11-10,"[""financial_bad""]",2025-11-07,801104.SI,603990.SH
801103.SI,True,2025-04-22,True,False,False,True,2022-2025,2025-11-10,"[""financial_bad""]",2025-11-07,801103.SI,688039.SH
801156.SI,True,2025-04-23,False,False,True,True,2022-2025,2025-11-10,"[""st""]",2025-11-07,801151.SI,688076.SH
801181.SI,True,2025-04-24,True,False,False,True,2022-2025,2025-11-11,"[""financial_bad""]",2025-11-10,801181.SI,000514.SZ
801223.SI,True,2025-04-28,True,False,False,True,2022-2025,2025-11-11,"[""financial_bad""]",2025-11-10,801223.SI,002115.SZ
801738.SI,True,2025-04-24,True,False,False,True,2022-2025,2025-11-11,"[""financial_bad""]",2025-11-10,801738.SI,002169.SZ
801764.SI,True,2025-04-28,True,False,False,True,2022-2025,2025-11-11,"[""financial_bad""]",2025-11-10,801764.SI,300043.SZ
801103.SI,True,2025-04-25,True,False,False,True,2022-2025,2025-11-11,"[""financial_bad""]",2025-11-10,801103.SI,300250.SZ
801101.SI,True,2025-04-19,True,False,False,True,2022-2025,2025-11-11,"[""financial_bad""]",2025-11-10,801101.SI,300324.SZ
801055.SI,True,2025-04-22,True,False,False,True,2022-2025,2025-11-11,"[""financial_bad""]",2025-11-10,801055.SI,300328.SZ
801103.SI,True,2025-04-28,True,False,True,True,2022-2025,2025-11-11,"[""st"",""financial_bad""]",2025-11-10,801103.SI,300419.SZ
801101.SI,True,2025-04-26,True,False,False,True,2022-2025,2025-11-11,"[""financial_bad""]",2025-11-10,801101.SI,300531.SZ
801742.SI,True,2025-04-29,True,False,False,True,2022-2025,2025-11-11,"[""financial_bad""]",2025-11-10,801742.SI,300581.SZ
801103.SI,True,2025-04-23,True,False,False,True,2022-2025,2025-11-11,"[""financial_bad""]",2025-11-10,801103.SI,300895.SZ
801738.SI,True,2025-04-28,True,False,False,True,2022-2025,2025-11-11,"[""financial_bad""]",2025-11-10,801738.SI,301082.SZ
801743.SI,False,2025-04-29,True,False,False,True,2022-2025,2025-11-11,"[""financial_bad""]",2025-11-10,801743.SI,600184.SH
801738.SI,True,2025-04-15,True,False,False,True,2022-2025,2025-11-11,"[""financial_bad""]",2025-11-10,801738.SI,600192.SH
801085.SI,True,2025-04-12,True,False,False,True,2022-2025,2025-11-11,"[""financial_bad""]",2025-11-10,801085.SI,600203.SH
801082.SI,True,2025-04-23,True,False,False,True,2022-2025,2025-11-11,"[""financial_bad""]",2025-11-10,801104.SI,600288.SH
801096.SI,False,2025-03-29,True,False,False,True,2022-2025,2025-11-11,"[""financial_bad""]",2025-11-10,801096.SI,600418.SH
801738.SI,True,2025-04-19,True,False,False,True,2022-2025,2025-11-11,"[""financial_bad""]",2025-11-10,801738.SI,600468.SH
801092.SI,False,2025-04-02,True,False,False,True,2022-2025,2025-11-11,"[""financial_bad""]",2025-11-10,801092.SI,600676.SH
801132.SI,True,2025-04-28,True,False,False,True,2022-2025,2025-11-11,"[""financial_bad""]",2025-11-10,801132.SI,601718.SH
801154.SI,True,2025-04-29,True,False,False,True,2022-2025,2025-11-11,"[""financial_bad""]",2025-11-10,801154.SI,603716.SH
801104.SI,True,2025-04-30,True,False,False,True,2022-2025,2025-11-11,"[""financial_bad""]",2025-11-10,801104.SI,603990.SH
801103.SI,True,2025-04-22,True,False,False,True,2022-2025,2025-11-11,"[""financial_bad""]",2025-11-10,801103.SI,688039.SH
801153.SI,True,2025-04-30,True,False,False,True,2022-2025,2025-11-11,"[""financial_bad""]",2025-11-10,801153.SI,688068.SH
801156.SI,True,2025-04-23,False,False,True,True,2022-2025,2025-11-11,"[""st""]",2025-11-10,801151.SI,688076.SH
801181.SI,True,2025-04-24,True,False,False,True,2022-2025,2025-11-12,"[""financial_bad""]",2025-11-11,801181.SI,000514.SZ
801742.SI,True,2025-04-26,True,False,False,True,2022-2025,2025-11-12,"[""financial_bad""]",2025-11-11,801742.SI,000561.SZ
801054.SI,True,2025-04-28,True,False,False,True,2022-2025,2025-11-12,"[""financial_bad""]",2025-11-11,801054.SI,000831.SZ
801093.SI,True,2025-04-29,True,False,False,True,2022-2025,2025-11-12,"[""financial_bad""]",2025-11-11,801093.SI,000981.SZ
801223.SI,True,2025-04-28,True,False,False,True,2022-2025,2025-11-12,"[""financial_bad""]",2025-11-11,801223.SI,002115.SZ
801738.SI,True,2025-04-24,True,False,False,True,2022-2025,2025-11-12,"[""financial_bad""]",2025-11-11,801738.SI,002169.SZ
801764.SI,True,2025-04-28,True,False,False,True,2022-2025,2025-11-12,"[""financial_bad""]",2025-11-11,801764.SI,300043.SZ
801735.SI,True,2025-03-22,True,False,False,True,2022-2025,2025-11-12,"[""financial_bad""]",2025-11-11,801735.SI,300080.SZ
801103.SI,True,2025-04-25,True,False,False,True,2022-2025,2025-11-12,"[""financial_bad""]",2025-11-11,801103.SI,300250.SZ
801055.SI,True,2025-04-22,True,False,False,True,2022-2025,2025-11-12,"[""financial_bad""]",2025-11-11,801055.SI,300328.SZ
801103.SI,True,2025-04-28,True,False,True,True,2022-2025,2025-11-12,"[""st"",""financial_bad""]",2025-11-11,801103.SI,300419.SZ
801101.SI,True,2025-04-26,True,False,False,True,2022-2025,2025-11-12,"[""financial_bad""]",2025-11-11,801101.SI,300531.SZ
801103.SI,True,2025-04-23,True,False,False,True,2022-2025,2025-11-12,"[""financial_bad""]",2025-11-11,801103.SI,300895.SZ
801738.SI,True,2025-04-28,True,False,False,True,2022-2025,2025-11-12,"[""financial_bad""]",2025-11-11,801738.SI,301082.SZ
801743.SI,False,2025-04-29,True,False,False,True,2022-2025,2025-11-12,"[""financial_bad""]",2025-11-11,801743.SI,600184.SH
801738.SI,True,2025-04-15,True,False,False,True,2022-2025,2025-11-12,"[""financial_bad""]",2025-11-11,801738.SI,600192.SH
801085.SI,True,2025-04-12,True,False,False,True,2022-2025,2025-11-12,"[""financial_bad""]",2025-11-11,801085.SI,600203.SH
801082.SI,True,2025-04-23,True,False,False,True,2022-2025,2025-11-12,"[""financial_bad""]",2025-11-11,801104.SI,600288.SH
801096.SI,False,2025-03-29,True,False,False,True,2022-2025,2025-11-12,"[""financial_bad""]",2025-11-11,801096.SI,600418.SH
801738.SI,True,2025-04-19,True,False,False,True,2022-2025,2025-11-12,"[""financial_bad""]",2025-11-11,801738.SI,600468.SH
801092.SI,False,2025-04-02,True,False,False,True,2022-2025,2025-11-12,"[""financial_bad""]",2025-11-11,801092.SI,600676.SH
801721.SI,False,2025-04-30,True,False,False,True,2022-2025,2025-11-12,"[""financial_bad""]",2025-11-11,801721.SI,600939.SH
801132.SI,True,2025-04-28,True,False,False,True,2022-2025,2025-11-12,"[""financial_bad""]",2025-11-11,801132.SI,601718.SH
801154.SI,True,2025-04-29,True,False,False,True,2022-2025,2025-11-12,"[""financial_bad""]",2025-11-11,801154.SI,603716.SH
801104.SI,True,2025-04-30,True,False,False,True,2022-2025,2025-11-12,"[""financial_bad""]",2025-11-11,801104.SI,603990.SH
801103.SI,True,2025-04-22,True,False,False,True,2022-2025,2025-11-12,"[""financial_bad""]",2025-11-11,801103.SI,688039.SH
801153.SI,True,2025-04-30,True,False,False,True,2022-2025,2025-11-12,"[""financial_bad""]",2025-11-11,801153.SI,688068.SH
801156.SI,True,2025-04-23,False,False,True,True,2022-2025,2025-11-12,"[""st""]",2025-11-11,801151.SI,688076.SH
801181.SI,True,2025-04-24,True,False,False,True,2022-2025,2025-11-13,"[""financial_bad""]",2025-11-12,801181.SI,000514.SZ
801742.SI,True,2025-04-26,True,False,False,True,2022-2025,2025-11-13,"[""financial_bad""]",2025-11-12,801742.SI,000561.SZ
801054.SI,True,2025-04-28,True,False,False,True,2022-2025,2025-11-13,"[""financial_bad""]",2025-11-12,801054.SI,000831.SZ
801093.SI,True,2025-04-29,True,False,False,True,2022-2025,2025-11-13,"[""financial_bad""]",2025-11-12,801093.SI,000981.SZ
801223.SI,True,2025-04-28,True,False,False,True,2022-2025,2025-11-13,"[""financial_bad""]",2025-11-12,801223.SI,002115.SZ
801738.SI,True,2025-04-24,True,False,False,True,2022-2025,2025-11-13,"[""financial_bad""]",2025-11-12,801738.SI,002169.SZ
801072.SI,True,2025-04-26,True,False,False,True,2022-2025,2025-11-13,"[""financial_bad""]",2025-11-12,801072.SI,002342.SZ
801764.SI,True,2025-04-28,True,False,False,True,2022-2025,2025-11-13,"[""financial_bad""]",2025-11-12,801764.SI,300043.SZ
801735.SI,True,2025-03-22,True,False,False,True,2022-2025,2025-11-13,"[""financial_bad""]",2025-11-12,801735.SI,300080.SZ
801103.SI,True,2025-04-25,True,False,False,True,2022-2025,2025-11-13,"[""financial_bad""]",2025-11-12,801103.SI,300250.SZ
801055.SI,True,2025-04-22,True,False,False,True,2022-2025,2025-11-13,"[""financial_bad""]",2025-11-12,801055.SI,300328.SZ
801103.SI,True,2025-04-28,True,False,True,True,2022-2025,2025-11-13,"[""st"",""financial_bad""]",2025-11-12,801103.SI,300419.SZ
801103.SI,True,2025-04-23,True,False,False,True,2022-2025,2025-11-13,"[""financial_bad""]",2025-11-12,801103.SI,300895.SZ
801738.SI,True,2025-04-28,True,False,False,True,2022-2025,2025-11-13,"[""financial_bad""]",2025-11-12,801738.SI,301082.SZ
801743.SI,False,2025-04-29,True,False,False,True,2022-2025,2025-11-13,"[""financial_bad""]",2025-11-12,801743.SI,600184.SH
801738.SI,True,2025-04-15,True,False,False,True,2022-2025,2025-11-13,"[""financial_bad""]",2025-11-12,801738.SI,600192.SH
801085.SI,True,2025-04-12,True,False,False,True,2022-2025,2025-11-13,"[""financial_bad""]",2025-11-12,801085.SI,600203.SH
801082.SI,True,2025-04-23,True,False,False,True,2022-2025,2025-11-13,"[""financial_bad""]",2025-11-12,801104.SI,600288.SH
801096.SI,False,2025-03-29,True,False,False,True,2022-2025,2025-11-13,"[""financial_bad""]",2025-11-12,801096.SI,600418.SH
801738.SI,True,2025-04-19,True,False,False,True,2022-2025,2025-11-13,"[""financial_bad""]",2025-11-12,801738.SI,600468.SH
801092.SI,False,2025-04-02,True,False,False,True,2022-2025,2025-11-13,"[""financial_bad""]",2025-11-12,801092.SI,600676.SH
801104.SI,True,2025-04-12,True,False,False,True,2022-2025,2025-11-13,"[""financial_bad""]",2025-11-12,801104.SI,601519.SH
801132.SI,True,2025-04-28,True,False,False,True,2022-2025,2025-11-13,"[""financial_bad""]",2025-11-12,801132.SI,601718.SH
801154.SI,True,2025-04-29,True,False,False,True,2022-2025,2025-11-13,"[""financial_bad""]",2025-11-12,801154.SI,603716.SH
801104.SI,True,2025-04-30,True,False,False,True,2022-2025,2025-11-13,"[""financial_bad""]",2025-11-12,801104.SI,603990.SH
801103.SI,True,2025-04-22,True,False,False,True,2022-2025,2025-11-13,"[""financial_bad""]",2025-11-12,801103.SI,688039.SH
801153.SI,True,2025-04-30,True,False,False,True,2022-2025,2025-11-13,"[""financial_bad""]",2025-11-12,801153.SI,688068.SH
801156.SI,True,2025-04-23,False,False,True,True,2022-2025,2025-11-13,"[""st""]",2025-11-12,801151.SI,688076.SH
801181.SI,True,2025-04-24,True,False,False,True,2022-2025,2025-11-14,"[""financial_bad""]",2025-11-13,801181.SI,000514.SZ
801742.SI,True,2025-04-26,True,False,False,True,2022-2025,2025-11-14,"[""financial_bad""]",2025-11-13,801742.SI,000561.SZ
801054.SI,True,2025-04-28,True,False,False,True,2022-2025,2025-11-14,"[""financial_bad""]",2025-11-13,801054.SI,000831.SZ
801093.SI,True,2025-04-29,True,False,False,True,2022-2025,2025-11-14,"[""financial_bad""]",2025-11-13,801093.SI,000981.SZ
801074.SI,True,2025-04-25,True,False,False,True,2022-2025,2025-11-14,"[""financial_bad""]",2025-11-13,801074.SI,002009.SZ
801223.SI,False,2025-04-28,True,False,False,True,2022-2025,2025-11-14,"[""financial_bad""]",2025-11-13,801223.SI,002115.SZ
801738.SI,True,2025-04-24,True,False,False,True,2022-2025,2025-11-14,"[""financial_bad""]",2025-11-13,801738.SI,002169.SZ
801072.SI,True,2025-04-26,True,False,False,True,2022-2025,2025-11-14,"[""financial_bad""]",2025-11-13,801072.SI,002342.SZ
801764.SI,False,2025-04-28,True,False,False,True,2022-2025,2025-11-14,"[""financial_bad""]",2025-11-13,801764.SI,300043.SZ
801735.SI,True,2025-03-22,True,False,False,True,2022-2025,2025-11-14,"[""financial_bad""]",2025-11-13,801735.SI,300080.SZ
801103.SI,True,2025-04-25,True,False,False,True,2022-2025,2025-11-14,"[""financial_bad""]",2025-11-13,801103.SI,300250.SZ
801055.SI,True,2025-04-22,True,False,False,True,2022-2025,2025-11-14,"[""financial_bad""]",2025-11-13,801055.SI,300328.SZ
801103.SI,True,2025-04-28,True,False,True,True,2022-2025,2025-11-14,"[""st"",""financial_bad""]",2025-11-13,801103.SI,300419.SZ
801101.SI,True,2025-04-26,True,False,False,True,2022-2025,2025-11-14,"[""financial_bad""]",2025-11-13,801101.SI,300531.SZ
801103.SI,True,2025-04-23,True,False,False,True,2022-2025,2025-11-14,"[""financial_bad""]",2025-11-13,801103.SI,300895.SZ
801738.SI,True,2025-04-28,True,False,False,True,2022-2025,2025-11-14,"[""financial_bad""]",2025-11-13,801738.SI,301082.SZ
801743.SI,False,2025-04-29,True,False,False,True,2022-2025,2025-11-14,"[""financial_bad""]",2025-11-13,801743.SI,600184.SH
801738.SI,True,2025-04-15,True,False,False,True,2022-2025,2025-11-14,"[""financial_bad""]",2025-11-13,801738.SI,600192.SH
801085.SI,True,2025-04-12,True,False,False,True,2022-2025,2025-11-14,"[""financial_bad""]",2025-11-13,801085.SI,600203.SH
801082.SI,True,2025-04-23,True,False,False,True,2022-2025,2025-11-14,"[""financial_bad""]",2025-11-13,801104.SI,600288.SH
801096.SI,False,2025-03-29,True,False,False,True,2022-2025,2025-11-14,"[""financial_bad""]",2025-11-13,801096.SI,600418.SH
801738.SI,True,2025-04-19,True,False,False,True,2022-2025,2025-11-14,"[""financial_bad""]",2025-11-13,801738.SI,600468.SH
801092.SI,False,2025-04-02,True,False,False,True,2022-2025,2025-11-14,"[""financial_bad""]",2025-11-13,801092.SI,600676.SH
801104.SI,True,2025-04-12,True,False,False,True,2022-2025,2025-11-14,"[""financial_bad""]",2025-11-13,801104.SI,601519.SH
801132.SI,True,2025-04-28,True,False,False,True,2022-2025,2025-11-14,"[""financial_bad""]",2025-11-13,801132.SI,601718.SH
801154.SI,True,2025-04-29,True,False,False,True,2022-2025,2025-11-14,"[""financial_bad""]",2025-11-13,801154.SI,603716.SH
801103.SI,True,2025-04-22,True,False,False,True,2022-2025,2025-11-14,"[""financial_bad""]",2025-11-13,801103.SI,688039.SH
801156.SI,True,2025-04-23,False,False,True,True,2022-2025,2025-11-14,"[""st""]",2025-11-13,801151.SI,688076.SH
801993.SI,True,2025-04-16,False,False,True,True,2022-2025,2025-11-17,"[""st""]",2025-11-14,801993.SI,000430.SZ
801181.SI,True,2025-04-24,True,False,False,True,2022-2025,2025-11-17,"[""financial_bad""]",2025-11-14,801181.SI,000514.SZ
801742.SI,True,2025-04-26,True,False,False,True,2022-2025,2025-11-17,"[""financial_bad""]",2025-11-14,801742.SI,000561.SZ
801054.SI,True,2025-04-28,True,False,False,True,2022-2025,2025-11-17,"[""financial_bad""]",2025-11-14,801054.SI,000831.SZ
801093.SI,True,2025-04-29,True,False,False,True,2022-2025,2025-11-17,"[""financial_bad""]",2025-11-14,801093.SI,000981.SZ
801223.SI,True,2025-04-28,True,False,False,True,2022-2025,2025-11-17,"[""financial_bad""]",2025-11-14,801223.SI,002115.SZ
801738.SI,True,2025-04-24,True,False,False,True,2022-2025,2025-11-17,"[""financial_bad""]",2025-11-14,801738.SI,002169.SZ
801764.SI,False,2025-04-28,True,False,False,True,2022-2025,2025-11-17,"[""financial_bad""]",2025-11-14,801764.SI,300043.SZ
801735.SI,True,2025-03-22,True,False,False,True,2022-2025,2025-11-17,"[""financial_bad""]",2025-11-14,801735.SI,300080.SZ
801103.SI,True,2025-04-25,True,False,False,True,2022-2025,2025-11-17,"[""financial_bad""]",2025-11-14,801103.SI,300250.SZ
801055.SI,True,2025-04-22,True,False,False,True,2022-2025,2025-11-17,"[""financial_bad""]",2025-11-14,801055.SI,300328.SZ
801103.SI,True,2025-04-23,True,False,False,True,2022-2025,2025-11-17,"[""financial_bad""]",2025-11-14,801103.SI,300895.SZ
801738.SI,True,2025-04-28,True,False,False,True,2022-2025,2025-11-17,"[""financial_bad""]",2025-11-14,801738.SI,301082.SZ
801743.SI,False,2025-04-29,True,False,False,True,2022-2025,2025-11-17,"[""financial_bad""]",2025-11-14,801743.SI,600184.SH
801738.SI,True,2025-04-15,True,False,False,True,2022-2025,2025-11-17,"[""financial_bad""]",2025-11-14,801738.SI,600192.SH
801085.SI,True,2025-04-12,True,False,False,True,2022-2025,2025-11-17,"[""financial_bad""]",2025-11-14,801085.SI,600203.SH
801082.SI,True,2025-04-23,True,False,False,True,2022-2025,2025-11-17,"[""financial_bad""]",2025-11-14,801104.SI,600288.SH
801163.SI,True,2025-04-25,True,False,False,True,2022-2025,2025-11-17,"[""financial_bad""]",2025-11-14,801163.SI,600333.SH
801096.SI,False,2025-03-29,True,False,False,True,2022-2025,2025-11-17,"[""financial_bad""]",2025-11-14,801096.SI,600418.SH
801738.SI,True,2025-04-19,True,False,False,True,2022-2025,2025-11-17,"[""financial_bad""]",2025-11-14,801738.SI,600468.SH
801092.SI,False,2025-04-02,True,False,False,True,2022-2025,2025-11-17,"[""financial_bad""]",2025-11-14,801092.SI,600676.SH
801104.SI,True,2025-04-12,True,False,False,True,2022-2025,2025-11-17,"[""financial_bad""]",2025-11-14,801104.SI,601519.SH
801132.SI,True,2025-04-28,True,False,False,True,2022-2025,2025-11-17,"[""financial_bad""]",2025-11-14,801132.SI,601718.SH
801154.SI,True,2025-04-29,True,False,False,True,2022-2025,2025-11-17,"[""financial_bad""]",2025-11-14,801154.SI,603716.SH
801103.SI,True,2025-04-22,True,False,False,True,2022-2025,2025-11-17,"[""financial_bad""]",2025-11-14,801103.SI,688039.SH
801156.SI,True,2025-04-23,False,False,True,True,2022-2025,2025-11-17,"[""st""]",2025-11-14,801151.SI,688076.SH
801181.SI,True,2025-04-24,True,False,False,True,2022-2025,2025-11-18,"[""financial_bad""]",2025-11-17,801181.SI,000514.SZ
801742.SI,True,2025-04-26,True,False,False,True,2022-2025,2025-11-18,"[""financial_bad""]",2025-11-17,801742.SI,000561.SZ
801995.SI,True,2025-04-29,True,False,False,True,2022-2025,2025-11-18,"[""financial_bad""]",2025-11-17,801995.SI,000665.SZ
801093.SI,True,2025-04-29,True,False,False,True,2022-2025,2025-11-18,"[""financial_bad""]",2025-11-17,801093.SI,000981.SZ
801074.SI,True,2025-04-25,True,False,False,True,2022-2025,2025-11-18,"[""financial_bad""]",2025-11-17,801074.SI,002009.SZ
801223.SI,True,2025-04-28,True,False,False,True,2022-2025,2025-11-18,"[""financial_bad""]",2025-11-17,801223.SI,002115.SZ
801738.SI,True,2025-04-24,True,False,False,True,2022-2025,2025-11-18,"[""financial_bad""]",2025-11-17,801738.SI,002169.SZ
801731.SI,True,2025-04-16,True,False,False,True,2022-2025,2025-11-18,"[""financial_bad""]",2025-11-17,801731.SI,002196.SZ
801764.SI,False,2025-04-28,True,False,False,True,2022-2025,2025-11-18,"[""financial_bad""]",2025-11-17,801764.SI,300043.SZ
801735.SI,True,2025-03-22,True,False,False,True,2022-2025,2025-11-18,"[""financial_bad""]",2025-11-17,801735.SI,300080.SZ
801074.SI,True,2025-04-29,True,False,False,True,2022-2025,2025-11-18,"[""financial_bad""]",2025-11-17,801074.SI,300084.SZ
801151.SI,True,2025-04-29,True,False,False,True,2022-2025,2025-11-18,"[""financial_bad""]",2025-11-17,801151.SI,300086.SZ
801101.SI,True,2025-04-19,True,False,False,True,2022-2025,2025-11-18,"[""financial_bad""]",2025-11-17,801101.SI,300324.SZ
801055.SI,True,2025-04-22,True,False,False,True,2022-2025,2025-11-18,"[""financial_bad""]",2025-11-17,801055.SI,300328.SZ
801101.SI,True,2025-04-26,True,False,False,True,2022-2025,2025-11-18,"[""financial_bad""]",2025-11-17,801101.SI,300531.SZ
801742.SI,True,2025-04-29,True,False,False,True,2022-2025,2025-11-18,"[""financial_bad""]",2025-11-17,801742.SI,300581.SZ
801103.SI,True,2025-04-23,True,False,False,True,2022-2025,2025-11-18,"[""financial_bad""]",2025-11-17,801103.SI,300895.SZ
801738.SI,True,2025-04-28,True,False,False,True,2022-2025,2025-11-18,"[""financial_bad""]",2025-11-17,801738.SI,301082.SZ
801743.SI,False,2025-04-29,True,False,False,True,2022-2025,2025-11-18,"[""financial_bad""]",2025-11-17,801743.SI,600184.SH
801738.SI,True,2025-04-15,True,False,False,True,2022-2025,2025-11-18,"[""financial_bad""]",2025-11-17,801738.SI,600192.SH
801085.SI,True,2025-04-12,True,False,False,True,2022-2025,2025-11-18,"[""financial_bad""]",2025-11-17,801085.SI,600203.SH
801082.SI,True,2025-04-23,True,False,False,True,2022-2025,2025-11-18,"[""financial_bad""]",2025-11-17,801104.SI,600288.SH
801096.SI,False,2025-03-29,True,False,False,True,2022-2025,2025-11-18,"[""financial_bad""]",2025-11-17,801096.SI,600418.SH
801738.SI,True,2025-04-19,True,False,False,True,2022-2025,2025-11-18,"[""financial_bad""]",2025-11-17,801738.SI,600468.SH
801092.SI,False,2025-04-02,True,False,False,True,2022-2025,2025-11-18,"[""financial_bad""]",2025-11-17,801092.SI,600676.SH
801104.SI,True,2025-04-12,True,False,False,True,2022-2025,2025-11-18,"[""financial_bad""]",2025-11-17,801104.SI,601519.SH
801132.SI,True,2025-04-28,True,False,False,True,2022-2025,2025-11-18,"[""financial_bad""]",2025-11-17,801132.SI,601718.SH
801154.SI,True,2025-04-29,True,False,False,True,2022-2025,2025-11-18,"[""financial_bad""]",2025-11-17,801154.SI,603716.SH
801103.SI,True,2025-04-22,True,False,False,True,2022-2025,2025-11-18,"[""financial_bad""]",2025-11-17,801103.SI,688039.SH
801156.SI,True,2025-04-23,False,False,True,True,2022-2025,2025-11-18,"[""st""]",2025-11-17,801151.SI,688076.SH
801742.SI,True,2025-04-26,True,False,False,True,2022-2025,2025-11-19,"[""financial_bad""]",2025-11-18,801742.SI,000561.SZ
801054.SI,True,2025-04-28,True,False,False,True,2022-2025,2025-11-19,"[""financial_bad""]",2025-11-18,801054.SI,000831.SZ
801093.SI,True,2025-04-29,True,False,False,True,2022-2025,2025-11-19,"[""financial_bad""]",2025-11-18,801093.SI,000981.SZ
801223.SI,True,2025-04-28,True,False,False,True,2022-2025,2025-11-19,"[""financial_bad""]",2025-11-18,801223.SI,002115.SZ
801738.SI,True,2025-04-24,True,False,False,True,2022-2025,2025-11-19,"[""financial_bad""]",2025-11-18,801738.SI,002169.SZ
801072.SI,True,2025-04-26,True,False,False,True,2022-2025,2025-11-19,"[""financial_bad""]",2025-11-18,801072.SI,002342.SZ
801738.SI,True,2025-04-15,True,False,False,True,2022-2025,2025-11-19,"[""financial_bad""]",2025-11-18,801738.SI,002471.SZ
801764.SI,False,2025-04-28,True,False,False,True,2022-2025,2025-11-19,"[""financial_bad""]",2025-11-18,801764.SI,300043.SZ
801735.SI,True,2025-03-22,True,False,False,True,2022-2025,2025-11-19,"[""financial_bad""]",2025-11-18,801735.SI,300080.SZ
801764.SI,False,2025-04-24,True,False,False,True,2022-2025,2025-11-19,"[""financial_bad""]",2025-11-18,801764.SI,300299.SZ
801101.SI,True,2025-04-19,True,False,False,True,2022-2025,2025-11-19,"[""financial_bad""]",2025-11-18,801101.SI,300324.SZ
801055.SI,True,2025-04-22,True,False,False,True,2022-2025,2025-11-19,"[""financial_bad""]",2025-11-18,801055.SI,300328.SZ
801223.SI,True,2025-04-29,True,False,False,True,2022-2025,2025-11-19,"[""financial_bad""]",2025-11-18,801223.SI,300560.SZ
801742.SI,True,2025-04-29,True,False,False,True,2022-2025,2025-11-19,"[""financial_bad""]",2025-11-18,801742.SI,300581.SZ
801103.SI,True,2025-04-23,True,False,False,True,2022-2025,2025-11-19,"[""financial_bad""]",2025-11-18,801103.SI,300895.SZ
801743.SI,False,2025-04-29,True,False,False,True,2022-2025,2025-11-19,"[""financial_bad""]",2025-11-18,801743.SI,600184.SH
801738.SI,True,2025-04-15,True,False,False,True,2022-2025,2025-11-19,"[""financial_bad""]",2025-11-18,801738.SI,600192.SH
801085.SI,True,2025-04-12,True,False,False,True,2022-2025,2025-11-19,"[""financial_bad""]",2025-11-18,801085.SI,600203.SH
801082.SI,True,2025-04-23,True,False,False,True,2022-2025,2025-11-19,"[""financial_bad""]",2025-11-18,801104.SI,600288.SH
801163.SI,True,2025-04-25,True,False,False,True,2022-2025,2025-11-19,"[""financial_bad""]",2025-11-18,801163.SI,600333.SH
801096.SI,False,2025-03-29,True,False,False,True,2022-2025,2025-11-19,"[""financial_bad""]",2025-11-18,801096.SI,600418.SH
801104.SI,True,2025-04-12,True,False,False,True,2022-2025,2025-11-19,"[""financial_bad""]",2025-11-18,801104.SI,601519.SH
801132.SI,True,2025-04-28,True,False,False,True,2022-2025,2025-11-19,"[""financial_bad""]",2025-11-18,801132.SI,601718.SH
801154.SI,True,2025-04-29,True,False,False,True,2022-2025,2025-11-19,"[""financial_bad""]",2025-11-18,801154.SI,603716.SH
801103.SI,True,2025-04-22,True,False,False,True,2022-2025,2025-11-19,"[""financial_bad""]",2025-11-18,801103.SI,688039.SH
801156.SI,True,2025-04-23,False,False,True,True,2022-2025,2025-11-19,"[""st""]",2025-11-18,801151.SI,688076.SH
801742.SI,True,2025-04-26,True,False,False,True,2022-2025,2025-11-20,"[""financial_bad""]",2025-11-19,801742.SI,000561.SZ
801231.SI,True,2025-04-29,True,False,False,True,2022-2025,2025-11-20,"[""financial_bad""]",2025-11-19,801231.SI,000632.SZ
801093.SI,True,2025-04-29,True,False,False,True,2022-2025,2025-11-20,"[""financial_bad""]",2025-11-19,801093.SI,000981.SZ
801074.SI,True,2025-04-25,True,False,False,True,2022-2025,2025-11-20,"[""financial_bad""]",2025-11-19,801074.SI,002009.SZ
801223.SI,True,2025-04-28,True,False,False,True,2022-2025,2025-11-20,"[""financial_bad""]",2025-11-19,801223.SI,002115.SZ
801731.SI,True,2025-04-16,True,False,False,True,2022-2025,2025-11-20,"[""financial_bad""]",2025-11-19,801731.SI,002196.SZ
801738.SI,True,2025-04-15,True,False,False,True,2022-2025,2025-11-20,"[""financial_bad""]",2025-11-19,801738.SI,002471.SZ
801764.SI,False,2025-04-28,True,False,False,True,2022-2025,2025-11-20,"[""financial_bad""]",2025-11-19,801764.SI,300043.SZ
801151.SI,True,2025-04-29,True,False,False,True,2022-2025,2025-11-20,"[""financial_bad""]",2025-11-19,801151.SI,300086.SZ
801764.SI,False,2025-04-24,True,False,False,True,2022-2025,2025-11-20,"[""financial_bad""]",2025-11-19,801764.SI,300299.SZ
801101.SI,True,2025-04-19,True,False,False,True,2022-2025,2025-11-20,"[""financial_bad""]",2025-11-19,801101.SI,300324.SZ
801055.SI,True,2025-04-22,True,False,False,True,2022-2025,2025-11-20,"[""financial_bad""]",2025-11-19,801055.SI,300328.SZ
801016.SI,True,2025-04-28,True,False,False,True,2022-2025,2025-11-20,"[""financial_bad""]",2025-11-19,801016.SI,300511.SZ
801742.SI,True,2025-04-29,True,False,False,True,2022-2025,2025-11-20,"[""financial_bad""]",2025-11-19,801742.SI,300581.SZ
801103.SI,True,2025-04-23,True,False,False,True,2022-2025,2025-11-20,"[""financial_bad""]",2025-11-19,801103.SI,300895.SZ
801743.SI,False,2025-04-29,True,False,False,True,2022-2025,2025-11-20,"[""financial_bad""]",2025-11-19,801743.SI,600184.SH
801738.SI,True,2025-04-15,True,False,False,True,2022-2025,2025-11-20,"[""financial_bad""]",2025-11-19,801738.SI,600192.SH
801085.SI,True,2025-04-12,True,False,False,True,2022-2025,2025-11-20,"[""financial_bad""]",2025-11-19,801085.SI,600203.SH
801015.SI,True,2025-04-09,True,False,False,True,2022-2025,2025-11-20,"[""financial_bad""]",2025-11-19,801015.SI,600257.SH
801082.SI,True,2025-04-23,True,False,False,True,2022-2025,2025-11-20,"[""financial_bad""]",2025-11-19,801104.SI,600288.SH
801096.SI,False,2025-03-29,True,False,False,True,2022-2025,2025-11-20,"[""financial_bad""]",2025-11-19,801096.SI,600418.SH
801104.SI,True,2025-04-12,True,False,False,True,2022-2025,2025-11-20,"[""financial_bad""]",2025-11-19,801104.SI,601519.SH
801132.SI,True,2025-04-28,True,False,False,True,2022-2025,2025-11-20,"[""financial_bad""]",2025-11-19,801132.SI,601718.SH
801103.SI,True,2025-04-22,True,False,False,True,2022-2025,2025-11-20,"[""financial_bad""]",2025-11-19,801103.SI,688039.SH
801153.SI,True,2025-04-30,True,False,False,True,2022-2025,2025-11-20,"[""financial_bad""]",2025-11-19,801153.SI,688068.SH
801156.SI,True,2025-04-23,False,False,True,True,2022-2025,2025-11-20,"[""st""]",2025-11-19,801151.SI,688076.SH
801078.SI,True,2025-04-30,True,False,False,True,2022-2025,2025-11-20,"[""financial_bad""]",2025-11-19,801078.SI,688559.SH
801742.SI,True,2025-04-26,True,False,False,True,2022-2025,2025-11-21,"[""financial_bad""]",2025-11-20,801742.SI,000561.SZ
801093.SI,True,2025-04-29,True,False,False,True,2022-2025,2025-11-21,"[""financial_bad""]",2025-11-20,801093.SI,000981.SZ
801074.SI,True,2025-04-25,True,False,False,True,2022-2025,2025-11-21,"[""financial_bad""]",2025-11-20,801074.SI,002009.SZ
801731.SI,True,2025-04-16,True,False,False,True,2022-2025,2025-11-21,"[""financial_bad""]",2025-11-20,801731.SI,002196.SZ
801072.SI,True,2025-04-26,True,False,False,True,2022-2025,2025-11-21,"[""financial_bad""]",2025-11-20,801072.SI,002342.SZ
801738.SI,True,2025-04-15,True,False,False,True,2022-2025,2025-11-21,"[""financial_bad""]",2025-11-20,801738.SI,002471.SZ
801764.SI,False,2025-04-28,True,False,False,True,2022-2025,2025-11-21,"[""financial_bad""]",2025-11-20,801764.SI,300043.SZ
801101.SI,True,2025-04-19,True,False,False,True,2022-2025,2025-11-21,"[""financial_bad""]",2025-11-20,801101.SI,300324.SZ
801055.SI,True,2025-04-22,True,False,False,True,2022-2025,2025-11-21,"[""financial_bad""]",2025-11-20,801055.SI,300328.SZ
801016.SI,True,2025-04-28,True,False,False,True,2022-2025,2025-11-21,"[""financial_bad""]",2025-11-20,801016.SI,300511.SZ
801742.SI,True,2025-04-29,True,False,False,True,2022-2025,2025-11-21,"[""financial_bad""]",2025-11-20,801742.SI,300581.SZ
801103.SI,True,2025-04-23,True,False,False,True,2022-2025,2025-11-21,"[""financial_bad""]",2025-11-20,801103.SI,300895.SZ
801743.SI,False,2025-04-29,True,False,False,True,2022-2025,2025-11-21,"[""financial_bad""]",2025-11-20,801743.SI,600184.SH
801085.SI,True,2025-04-12,True,False,False,True,2022-2025,2025-11-21,"[""financial_bad""]",2025-11-20,801085.SI,600203.SH
801082.SI,True,2025-04-23,True,False,False,True,2022-2025,2025-11-21,"[""financial_bad""]",2025-11-20,801104.SI,600288.SH
801096.SI,False,2025-03-29,True,False,False,True,2022-2025,2025-11-21,"[""financial_bad""]",2025-11-20,801096.SI,600418.SH
801995.SI,True,2025-04-26,True,False,False,True,2022-2025,2025-11-21,"[""financial_bad""]",2025-11-20,801995.SI,600996.SH
801104.SI,True,2025-04-12,True,False,False,True,2022-2025,2025-11-21,"[""financial_bad""]",2025-11-20,801104.SI,601519.SH
801132.SI,True,2025-04-28,True,False,False,True,2022-2025,2025-11-21,"[""financial_bad""]",2025-11-20,801132.SI,601718.SH
801103.SI,True,2025-04-22,True,False,False,True,2022-2025,2025-11-21,"[""financial_bad""]",2025-11-20,801103.SI,688039.SH
801153.SI,True,2025-04-30,True,False,False,True,2022-2025,2025-11-21,"[""financial_bad""]",2025-11-20,801153.SI,688068.SH
801156.SI,True,2025-04-23,False,False,True,True,2022-2025,2025-11-21,"[""st""]",2025-11-20,801151.SI,688076.SH
801078.SI,True,2025-04-30,True,False,False,True,2022-2025,2025-11-21,"[""financial_bad""]",2025-11-20,801078.SI,688559.SH
801742.SI,True,2025-04-26,True,False,False,True,2022-2025,2025-11-24,"[""financial_bad""]",2025-11-21,801742.SI,000561.SZ
801231.SI,True,2025-04-29,True,False,False,True,2022-2025,2025-11-24,"[""financial_bad""]",2025-11-21,801231.SI,000632.SZ
801054.SI,True,2025-04-28,True,False,False,True,2022-2025,2025-11-24,"[""financial_bad""]",2025-11-21,801054.SI,000831.SZ
801093.SI,True,2025-04-29,True,False,False,True,2022-2025,2025-11-24,"[""financial_bad""]",2025-11-21,801093.SI,000981.SZ
801722.SI,True,2025-04-22,True,False,False,True,2022-2025,2025-11-24,"[""financial_bad""]",2025-11-21,801722.SI,002163.SZ
801731.SI,True,2025-04-16,True,False,False,True,2022-2025,2025-11-24,"[""financial_bad""]",2025-11-21,801731.SI,002196.SZ
801724.SI,True,2025-04-25,True,False,False,True,2022-2025,2025-11-24,"[""financial_bad""]",2025-11-21,801104.SI,002298.SZ
801072.SI,True,2025-04-26,True,False,False,True,2022-2025,2025-11-24,"[""financial_bad""]",2025-11-21,801072.SI,002342.SZ
801738.SI,True,2025-04-15,True,False,False,True,2022-2025,2025-11-24,"[""financial_bad""]",2025-11-21,801738.SI,002471.SZ
801764.SI,False,2025-04-26,True,False,False,True,2022-2025,2025-11-24,"[""financial_bad""]",2025-11-21,801764.SI,002624.SZ
801764.SI,False,2025-04-28,True,False,False,True,2022-2025,2025-11-24,"[""financial_bad""]",2025-11-21,801764.SI,300043.SZ
801151.SI,True,2025-04-29,True,False,False,True,2022-2025,2025-11-24,"[""financial_bad""]",2025-11-21,801151.SI,300086.SZ
801764.SI,False,2025-04-24,True,False,False,True,2022-2025,2025-11-24,"[""financial_bad""]",2025-11-21,801764.SI,300299.SZ
801055.SI,True,2025-04-22,True,False,False,True,2022-2025,2025-11-24,"[""financial_bad""]",2025-11-21,801055.SI,300328.SZ
801016.SI,True,2025-04-28,True,False,False,True,2022-2025,2025-11-24,"[""financial_bad""]",2025-11-21,801016.SI,300511.SZ
801104.SI,True,2025-04-29,True,False,False,True,2022-2025,2025-11-24,"[""financial_bad""]",2025-11-21,801104.SI,300520.SZ
801742.SI,True,2025-04-29,True,False,False,True,2022-2025,2025-11-24,"[""financial_bad""]",2025-11-21,801742.SI,300581.SZ
801103.SI,True,2025-04-23,True,False,False,True,2022-2025,2025-11-24,"[""financial_bad""]",2025-11-21,801103.SI,300895.SZ
801743.SI,False,2025-04-29,True,False,False,True,2022-2025,2025-11-24,"[""financial_bad""]",2025-11-21,801743.SI,600184.SH
801082.SI,True,2025-04-23,True,False,False,True,2022-2025,2025-11-24,"[""financial_bad""]",2025-11-21,801104.SI,600288.SH
801096.SI,False,2025-03-29,True,False,False,True,2022-2025,2025-11-24,"[""financial_bad""]",2025-11-21,801096.SI,600418.SH
801995.SI,True,2025-04-26,True,False,False,True,2022-2025,2025-11-24,"[""financial_bad""]",2025-11-21,801995.SI,600996.SH
801104.SI,True,2025-04-12,True,False,False,True,2022-2025,2025-11-24,"[""financial_bad""]",2025-11-21,801104.SI,601519.SH
801132.SI,True,2025-04-28,True,False,False,True,2022-2025,2025-11-24,"[""financial_bad""]",2025-11-21,801132.SI,601718.SH
801103.SI,True,2025-04-22,True,False,False,True,2022-2025,2025-11-24,"[""financial_bad""]",2025-11-21,801103.SI,688039.SH
801153.SI,True,2025-04-30,True,False,False,True,2022-2025,2025-11-24,"[""financial_bad""]",2025-11-21,801153.SI,688068.SH
801156.SI,True,2025-04-23,False,False,True,True,2022-2025,2025-11-24,"[""st""]",2025-11-21,801151.SI,688076.SH
801742.SI,True,2025-04-26,True,False,False,True,2022-2025,2025-11-25,"[""financial_bad""]",2025-11-24,801742.SI,000561.SZ
801054.SI,True,2025-04-28,True,False,False,True,2022-2025,2025-11-25,"[""financial_bad""]",2025-11-24,801054.SI,000831.SZ
801093.SI,True,2025-04-29,True,False,False,True,2022-2025,2025-11-25,"[""financial_bad""]",2025-11-24,801093.SI,000981.SZ
801722.SI,True,2025-04-22,True,False,False,True,2022-2025,2025-11-25,"[""financial_bad""]",2025-11-24,801722.SI,002163.SZ
801731.SI,True,2025-04-16,True,False,False,True,2022-2025,2025-11-25,"[""financial_bad""]",2025-11-24,801731.SI,002196.SZ
801724.SI,True,2025-04-25,True,False,False,True,2022-2025,2025-11-25,"[""financial_bad""]",2025-11-24,801104.SI,002298.SZ
801072.SI,True,2025-04-26,True,False,False,True,2022-2025,2025-11-25,"[""financial_bad""]",2025-11-24,801072.SI,002342.SZ
801738.SI,True,2025-04-15,True,False,False,True,2022-2025,2025-11-25,"[""financial_bad""]",2025-11-24,801738.SI,002471.SZ
801764.SI,False,2025-04-28,True,False,False,True,2022-2025,2025-11-25,"[""financial_bad""]",2025-11-24,801764.SI,300043.SZ
801151.SI,True,2025-04-29,True,False,False,True,2022-2025,2025-11-25,"[""financial_bad""]",2025-11-24,801151.SI,300086.SZ
801764.SI,False,2025-04-24,True,False,False,True,2022-2025,2025-11-25,"[""financial_bad""]",2025-11-24,801764.SI,300299.SZ
801101.SI,True,2025-04-19,True,False,False,True,2022-2025,2025-11-25,"[""financial_bad""]",2025-11-24,801101.SI,300324.SZ
801055.SI,True,2025-04-22,True,False,False,True,2022-2025,2025-11-25,"[""financial_bad""]",2025-11-24,801055.SI,300328.SZ
801016.SI,True,2025-04-28,True,False,False,True,2022-2025,2025-11-25,"[""financial_bad""]",2025-11-24,801016.SI,300511.SZ
801104.SI,True,2025-04-29,True,False,False,True,2022-2025,2025-11-25,"[""financial_bad""]",2025-11-24,801104.SI,300520.SZ
801104.SI,True,2025-04-28,True,False,False,True,2022-2025,2025-11-25,"[""financial_bad""]",2025-11-24,801104.SI,300605.SZ
801103.SI,True,2025-04-23,True,False,False,True,2022-2025,2025-11-25,"[""financial_bad""]",2025-11-24,801103.SI,300895.SZ
801743.SI,False,2025-04-29,True,False,False,True,2022-2025,2025-11-25,"[""financial_bad""]",2025-11-24,801743.SI,600184.SH
801082.SI,True,2025-04-23,True,False,False,True,2022-2025,2025-11-25,"[""financial_bad""]",2025-11-24,801104.SI,600288.SH
801096.SI,False,2025-03-29,True,False,False,True,2022-2025,2025-11-25,"[""financial_bad""]",2025-11-24,801096.SI,600418.SH
801995.SI,True,2025-04-26,True,False,False,True,2022-2025,2025-11-25,"[""financial_bad""]",2025-11-24,801995.SI,600996.SH
801104.SI,True,2025-04-12,True,False,False,True,2022-2025,2025-11-25,"[""financial_bad""]",2025-11-24,801104.SI,601519.SH
801132.SI,True,2025-04-28,True,False,False,True,2022-2025,2025-11-25,"[""financial_bad""]",2025-11-24,801132.SI,601718.SH
801156.SI,True,2025-04-23,False,False,True,True,2022-2025,2025-11-25,"[""st""]",2025-11-24,801151.SI,688076.SH
801078.SI,True,2025-04-30,True,False,False,True,2022-2025,2025-11-25,"[""financial_bad""]",2025-11-24,801078.SI,688559.SH
801742.SI,True,2025-04-26,True,False,False,True,2022-2025,2025-11-26,"[""financial_bad""]",2025-11-25,801742.SI,000561.SZ
801054.SI,True,2025-04-28,True,False,False,True,2022-2025,2025-11-26,"[""financial_bad""]",2025-11-25,801054.SI,000831.SZ
801093.SI,True,2025-04-29,True,False,False,True,2022-2025,2025-11-26,"[""financial_bad""]",2025-11-25,801093.SI,000981.SZ
801731.SI,True,2025-04-16,True,False,False,True,2022-2025,2025-11-26,"[""financial_bad""]",2025-11-25,801731.SI,002196.SZ
801724.SI,True,2025-04-25,True,False,False,True,2022-2025,2025-11-26,"[""financial_bad""]",2025-11-25,801104.SI,002298.SZ
801072.SI,True,2025-04-26,True,False,False,True,2022-2025,2025-11-26,"[""financial_bad""]",2025-11-25,801072.SI,002342.SZ
801738.SI,True,2025-04-15,True,False,False,True,2022-2025,2025-11-26,"[""financial_bad""]",2025-11-25,801738.SI,002471.SZ
801764.SI,False,2025-04-28,True,False,False,True,2022-2025,2025-11-26,"[""financial_bad""]",2025-11-25,801764.SI,300043.SZ
801101.SI,True,2025-04-19,True,False,False,True,2022-2025,2025-11-26,"[""financial_bad""]",2025-11-25,801101.SI,300324.SZ
801055.SI,True,2025-04-22,True,False,False,True,2022-2025,2025-11-26,"[""financial_bad""]",2025-11-25,801055.SI,300328.SZ
801016.SI,True,2025-04-28,True,False,False,True,2022-2025,2025-11-26,"[""financial_bad""]",2025-11-25,801016.SI,300511.SZ
801104.SI,True,2025-04-28,True,False,False,True,2022-2025,2025-11-26,"[""financial_bad""]",2025-11-25,801104.SI,300605.SZ
801103.SI,True,2025-04-23,True,False,False,True,2022-2025,2025-11-26,"[""financial_bad""]",2025-11-25,801103.SI,300895.SZ
801743.SI,False,2025-04-29,True,False,False,True,2022-2025,2025-11-26,"[""financial_bad""]",2025-11-25,801743.SI,600184.SH
801085.SI,True,2025-04-12,True,False,False,True,2022-2025,2025-11-26,"[""financial_bad""]",2025-11-25,801085.SI,600203.SH
801082.SI,True,2025-04-23,True,False,False,True,2022-2025,2025-11-26,"[""financial_bad""]",2025-11-25,801104.SI,600288.SH
801096.SI,False,2025-03-29,True,False,False,True,2022-2025,2025-11-26,"[""financial_bad""]",2025-11-25,801096.SI,600418.SH
801995.SI,True,2025-04-26,True,False,False,True,2022-2025,2025-11-26,"[""financial_bad""]",2025-11-25,801995.SI,600996.SH
801104.SI,True,2025-04-12,True,False,False,True,2022-2025,2025-11-26,"[""financial_bad""]",2025-11-25,801104.SI,601519.SH
801132.SI,True,2025-04-28,True,False,False,True,2022-2025,2025-11-26,"[""financial_bad""]",2025-11-25,801132.SI,601718.SH
801156.SI,True,2025-04-23,False,False,True,True,2022-2025,2025-11-26,"[""st""]",2025-11-25,801151.SI,688076.SH
801742.SI,True,2025-04-26,True,False,False,True,2022-2025,2025-11-27,"[""financial_bad""]",2025-11-26,801742.SI,000561.SZ
801231.SI,True,2025-04-29,True,False,False,True,2022-2025,2025-11-27,"[""financial_bad""]",2025-11-26,801231.SI,000632.SZ
801054.SI,True,2025-04-28,True,False,False,True,2022-2025,2025-11-27,"[""financial_bad""]",2025-11-26,801054.SI,000831.SZ
801093.SI,True,2025-04-29,True,False,False,True,2022-2025,2025-11-27,"[""financial_bad""]",2025-11-26,801093.SI,000981.SZ
801722.SI,True,2025-04-22,True,False,False,True,2022-2025,2025-11-27,"[""financial_bad""]",2025-11-26,801722.SI,002163.SZ
801724.SI,True,2025-04-25,True,False,False,True,2022-2025,2025-11-27,"[""financial_bad""]",2025-11-26,801104.SI,002298.SZ
801072.SI,True,2025-04-26,True,False,False,True,2022-2025,2025-11-27,"[""financial_bad""]",2025-11-26,801072.SI,002342.SZ
801738.SI,True,2025-04-15,True,False,False,True,2022-2025,2025-11-27,"[""financial_bad""]",2025-11-26,801738.SI,002471.SZ
801764.SI,False,2025-04-28,True,False,False,True,2022-2025,2025-11-27,"[""financial_bad""]",2025-11-26,801764.SI,300043.SZ
801764.SI,False,2025-04-24,True,False,False,True,2022-2025,2025-11-27,"[""financial_bad""]",2025-11-26,801764.SI,300299.SZ
801101.SI,True,2025-04-19,True,False,False,True,2022-2025,2025-11-27,"[""financial_bad""]",2025-11-26,801101.SI,300324.SZ
801055.SI,True,2025-04-22,True,False,False,True,2022-2025,2025-11-27,"[""financial_bad""]",2025-11-26,801055.SI,300328.SZ
801016.SI,True,2025-04-28,True,False,False,True,2022-2025,2025-11-27,"[""financial_bad""]",2025-11-26,801016.SI,300511.SZ
801742.SI,True,2025-04-29,True,False,False,True,2022-2025,2025-11-27,"[""financial_bad""]",2025-11-26,801742.SI,300581.SZ
801104.SI,True,2025-04-28,True,False,False,True,2022-2025,2025-11-27,"[""financial_bad""]",2025-11-26,801104.SI,300605.SZ
801103.SI,True,2025-04-23,True,False,False,True,2022-2025,2025-11-27,"[""financial_bad""]",2025-11-26,801103.SI,300895.SZ
801743.SI,False,2025-04-29,True,False,False,True,2022-2025,2025-11-27,"[""financial_bad""]",2025-11-26,801743.SI,600184.SH
801082.SI,True,2025-04-23,True,False,False,True,2022-2025,2025-11-27,"[""financial_bad""]",2025-11-26,801104.SI,600288.SH
801096.SI,False,2025-03-29,True,False,False,True,2022-2025,2025-11-27,"[""financial_bad""]",2025-11-26,801096.SI,600418.SH
801995.SI,True,2025-04-26,True,False,False,True,2022-2025,2025-11-27,"[""financial_bad""]",2025-11-26,801995.SI,600996.SH
801104.SI,True,2025-04-12,True,False,False,True,2022-2025,2025-11-27,"[""financial_bad""]",2025-11-26,801104.SI,601519.SH
801132.SI,True,2025-04-28,True,False,False,True,2022-2025,2025-11-27,"[""financial_bad""]",2025-11-26,801132.SI,601718.SH
801156.SI,True,2025-04-23,False,False,True,True,2022-2025,2025-11-27,"[""st""]",2025-11-26,801151.SI,688076.SH
801742.SI,True,2025-04-26,True,False,False,True,2022-2025,2025-11-28,"[""financial_bad""]",2025-11-27,801742.SI,000561.SZ
801054.SI,True,2025-04-28,True,False,False,True,2022-2025,2025-11-28,"[""financial_bad""]",2025-11-27,801054.SI,000831.SZ
801093.SI,True,2025-04-29,True,False,False,True,2022-2025,2025-11-28,"[""financial_bad""]",2025-11-27,801093.SI,000981.SZ
801722.SI,True,2025-04-22,True,False,False,True,2022-2025,2025-11-28,"[""financial_bad""]",2025-11-27,801722.SI,002163.SZ
801731.SI,True,2025-04-16,True,False,False,True,2022-2025,2025-11-28,"[""financial_bad""]",2025-11-27,801731.SI,002196.SZ
801724.SI,True,2025-04-25,True,False,False,True,2022-2025,2025-11-28,"[""financial_bad""]",2025-11-27,801104.SI,002298.SZ
801072.SI,True,2025-04-26,True,False,False,True,2022-2025,2025-11-28,"[""financial_bad""]",2025-11-27,801072.SI,002342.SZ
801085.SI,True,2025-04-24,True,False,False,True,2022-2025,2025-11-28,"[""financial_bad""]",2025-11-27,801085.SI,002426.SZ
801738.SI,True,2025-04-15,True,False,False,True,2022-2025,2025-11-28,"[""financial_bad""]",2025-11-27,801738.SI,002471.SZ
801764.SI,False,2025-04-28,True,False,False,True,2022-2025,2025-11-28,"[""financial_bad""]",2025-11-27,801764.SI,300043.SZ
801151.SI,True,2025-04-29,True,False,False,True,2022-2025,2025-11-28,"[""financial_bad""]",2025-11-27,801151.SI,300086.SZ
801764.SI,False,2025-04-24,True,False,False,True,2022-2025,2025-11-28,"[""financial_bad""]",2025-11-27,801764.SI,300299.SZ
801101.SI,True,2025-04-19,True,False,False,True,2022-2025,2025-11-28,"[""financial_bad""]",2025-11-27,801101.SI,300324.SZ
801055.SI,True,2025-04-22,True,False,False,True,2022-2025,2025-11-28,"[""financial_bad""]",2025-11-27,801055.SI,300328.SZ
801016.SI,True,2025-04-28,True,False,False,True,2022-2025,2025-11-28,"[""financial_bad""]",2025-11-27,801016.SI,300511.SZ
801104.SI,True,2025-04-29,True,False,False,True,2022-2025,2025-11-28,"[""financial_bad""]",2025-11-27,801104.SI,300520.SZ
801742.SI,True,2025-04-29,True,False,False,True,2022-2025,2025-11-28,"[""financial_bad""]",2025-11-27,801742.SI,300581.SZ
801103.SI,True,2025-04-23,True,False,False,True,2022-2025,2025-11-28,"[""financial_bad""]",2025-11-27,801103.SI,300895.SZ
801743.SI,False,2025-04-29,True,False,False,True,2022-2025,2025-11-28,"[""financial_bad""]",2025-11-27,801743.SI,600184.SH
801085.SI,True,2025-04-12,True,False,False,True,2022-2025,2025-11-28,"[""financial_bad""]",2025-11-27,801085.SI,600203.SH
801082.SI,True,2025-04-23,True,False,False,True,2022-2025,2025-11-28,"[""financial_bad""]",2025-11-27,801104.SI,600288.SH
801096.SI,False,2025-03-29,True,False,False,True,2022-2025,2025-11-28,"[""financial_bad""]",2025-11-27,801096.SI,600418.SH
801104.SI,True,2025-04-12,True,False,False,True,2022-2025,2025-11-28,"[""financial_bad""]",2025-11-27,801104.SI,601519.SH
801132.SI,True,2025-04-28,True,False,False,True,2022-2025,2025-11-28,"[""financial_bad""]",2025-11-27,801132.SI,601718.SH
801156.SI,True,2025-04-23,False,False,True,True,2022-2025,2025-11-28,"[""st""]",2025-11-27,801151.SI,688076.SH
801742.SI,True,2025-04-26,True,False,False,True,2022-2025,2025-12-01,"[""financial_bad""]",2025-11-28,801742.SI,000561.SZ
801231.SI,True,2025-04-29,True,False,False,True,2022-2025,2025-12-01,"[""financial_bad""]",2025-11-28,801231.SI,000632.SZ
801054.SI,True,2025-04-28,True,False,False,True,2022-2025,2025-12-01,"[""financial_bad""]",2025-11-28,801054.SI,000831.SZ
801093.SI,True,2025-04-29,True,False,False,True,2022-2025,2025-12-01,"[""financial_bad""]",2025-11-28,801093.SI,000981.SZ
801731.SI,True,2025-04-16,True,False,False,True,2022-2025,2025-12-01,"[""financial_bad""]",2025-11-28,801731.SI,002196.SZ
801724.SI,True,2025-04-25,True,False,False,True,2022-2025,2025-12-01,"[""financial_bad""]",2025-11-28,801104.SI,002298.SZ
801072.SI,True,2025-04-26,True,False,False,True,2022-2025,2025-12-01,"[""financial_bad""]",2025-11-28,801072.SI,002342.SZ
801738.SI,True,2025-04-15,True,False,False,True,2022-2025,2025-12-01,"[""financial_bad""]",2025-11-28,801738.SI,002471.SZ
801764.SI,False,2025-04-26,True,False,False,True,2022-2025,2025-12-01,"[""financial_bad""]",2025-11-28,801764.SI,002624.SZ
801764.SI,False,2025-04-28,True,False,False,True,2022-2025,2025-12-01,"[""financial_bad""]",2025-11-28,801764.SI,300043.SZ
801151.SI,True,2025-04-29,True,False,False,True,2022-2025,2025-12-01,"[""financial_bad""]",2025-11-28,801151.SI,300086.SZ
801764.SI,False,2025-04-24,True,False,False,True,2022-2025,2025-12-01,"[""financial_bad""]",2025-11-28,801764.SI,300299.SZ
801101.SI,True,2025-04-19,True,False,False,True,2022-2025,2025-12-01,"[""financial_bad""]",2025-11-28,801101.SI,300324.SZ
801742.SI,True,2025-04-29,True,False,False,True,2022-2025,2025-12-01,"[""financial_bad""]",2025-11-28,801742.SI,300581.SZ
801103.SI,True,2025-04-23,True,False,False,True,2022-2025,2025-12-01,"[""financial_bad""]",2025-11-28,801103.SI,300895.SZ
801743.SI,False,2025-04-29,True,False,False,True,2022-2025,2025-12-01,"[""financial_bad""]",2025-11-28,801743.SI,600184.SH
801085.SI,True,2025-04-12,True,False,False,True,2022-2025,2025-12-01,"[""financial_bad""]",2025-11-28,801085.SI,600203.SH
801082.SI,True,2025-04-23,True,False,False,True,2022-2025,2025-12-01,"[""financial_bad""]",2025-11-28,801104.SI,600288.SH
801096.SI,False,2025-03-29,True,False,False,True,2022-2025,2025-12-01,"[""financial_bad""]",2025-11-28,801096.SI,600418.SH
801104.SI,True,2025-04-12,True,False,False,True,2022-2025,2025-12-01,"[""financial_bad""]",2025-11-28,801104.SI,601519.SH
801132.SI,True,2025-04-28,True,False,False,True,2022-2025,2025-12-01,"[""financial_bad""]",2025-11-28,801132.SI,601718.SH
801156.SI,True,2025-04-23,False,False,True,True,2022-2025,2025-12-01,"[""st""]",2025-11-28,801151.SI,688076.SH
801742.SI,True,2025-04-26,True,False,False,True,2022-2025,2025-12-02,"[""financial_bad""]",2025-12-01,801742.SI,000561.SZ
801231.SI,True,2025-04-29,True,False,False,True,2022-2025,2025-12-02,"[""financial_bad""]",2025-12-01,801231.SI,000632.SZ
801093.SI,True,2025-04-29,True,False,False,True,2022-2025,2025-12-02,"[""financial_bad""]",2025-12-01,801093.SI,000981.SZ
801223.SI,True,2025-04-28,True,False,False,True,2022-2025,2025-12-02,"[""financial_bad""]",2025-12-01,801223.SI,002115.SZ
801731.SI,True,2025-04-16,True,False,False,True,2022-2025,2025-12-02,"[""financial_bad""]",2025-12-01,801731.SI,002196.SZ
801724.SI,True,2025-04-25,True,False,False,True,2022-2025,2025-12-02,"[""financial_bad""]",2025-12-01,801104.SI,002298.SZ
801072.SI,True,2025-04-26,True,False,False,True,2022-2025,2025-12-02,"[""financial_bad""]",2025-12-01,801072.SI,002342.SZ
801738.SI,True,2025-04-15,True,False,False,True,2022-2025,2025-12-02,"[""financial_bad""]",2025-12-01,801738.SI,002471.SZ
801764.SI,False,2025-04-26,True,False,False,True,2022-2025,2025-12-02,"[""financial_bad""]",2025-12-01,801764.SI,002624.SZ
801764.SI,False,2025-04-28,True,False,False,True,2022-2025,2025-12-02,"[""financial_bad""]",2025-12-01,801764.SI,300043.SZ
801151.SI,True,2025-04-29,True,False,False,True,2022-2025,2025-12-02,"[""financial_bad""]",2025-12-01,801151.SI,300086.SZ
801764.SI,False,2025-04-24,True,False,False,True,2022-2025,2025-12-02,"[""financial_bad""]",2025-12-01,801764.SI,300299.SZ
801101.SI,True,2025-04-19,True,False,False,True,2022-2025,2025-12-02,"[""financial_bad""]",2025-12-01,801101.SI,300324.SZ
801742.SI,True,2025-04-29,True,False,False,True,2022-2025,2025-12-02,"[""financial_bad""]",2025-12-01,801742.SI,300581.SZ
801103.SI,True,2025-04-23,True,False,False,True,2022-2025,2025-12-02,"[""financial_bad""]",2025-12-01,801103.SI,300895.SZ
801743.SI,False,2025-04-29,True,False,False,True,2022-2025,2025-12-02,"[""financial_bad""]",2025-12-01,801743.SI,600184.SH
801085.SI,True,2025-04-12,True,False,False,True,2022-2025,2025-12-02,"[""financial_bad""]",2025-12-01,801085.SI,600203.SH
801082.SI,True,2025-04-23,True,False,False,True,2022-2025,2025-12-02,"[""financial_bad""]",2025-12-01,801104.SI,600288.SH
801096.SI,False,2025-03-29,True,False,False,True,2022-2025,2025-12-02,"[""financial_bad""]",2025-12-01,801096.SI,600418.SH
801995.SI,True,2025-04-26,True,False,False,True,2022-2025,2025-12-02,"[""financial_bad""]",2025-12-01,801995.SI,600996.SH
801104.SI,True,2025-04-12,True,False,False,True,2022-2025,2025-12-02,"[""financial_bad""]",2025-12-01,801104.SI,601519.SH
801132.SI,True,2025-04-28,True,False,False,True,2022-2025,2025-12-02,"[""financial_bad""]",2025-12-01,801132.SI,601718.SH
801103.SI,True,2025-04-22,True,False,False,True,2022-2025,2025-12-02,"[""financial_bad""]",2025-12-01,801103.SI,688039.SH
801156.SI,True,2025-04-23,False,False,True,True,2022-2025,2025-12-02,"[""st""]",2025-12-01,801151.SI,688076.SH
801742.SI,True,2025-04-26,True,False,False,True,2022-2025,2025-12-03,"[""financial_bad""]",2025-12-02,801742.SI,000561.SZ
801231.SI,True,2025-04-29,True,False,False,True,2022-2025,2025-12-03,"[""financial_bad""]",2025-12-02,801231.SI,000632.SZ
801054.SI,True,2025-04-28,True,False,False,True,2022-2025,2025-12-03,"[""financial_bad""]",2025-12-02,801054.SI,000831.SZ
801093.SI,True,2025-04-29,True,False,False,True,2022-2025,2025-12-03,"[""financial_bad""]",2025-12-02,801093.SI,000981.SZ
801223.SI,True,2025-04-28,True,False,False,True,2022-2025,2025-12-03,"[""financial_bad""]",2025-12-02,801223.SI,002115.SZ
801738.SI,True,2025-04-24,True,False,False,True,2022-2025,2025-12-03,"[""financial_bad""]",2025-12-02,801738.SI,002169.SZ
801731.SI,True,2025-04-16,True,False,False,True,2022-2025,2025-12-03,"[""financial_bad""]",2025-12-02,801731.SI,002196.SZ
801724.SI,True,2025-04-25,True,False,False,True,2022-2025,2025-12-03,"[""financial_bad""]",2025-12-02,801104.SI,002298.SZ
801072.SI,True,2025-04-26,True,False,False,True,2022-2025,2025-12-03,"[""financial_bad""]",2025-12-02,801072.SI,002342.SZ
801738.SI,True,2025-04-15,True,False,False,True,2022-2025,2025-12-03,"[""financial_bad""]",2025-12-02,801738.SI,002471.SZ
801764.SI,False,2025-04-26,True,False,False,True,2022-2025,2025-12-03,"[""financial_bad""]",2025-12-02,801764.SI,002624.SZ
801764.SI,False,2025-04-28,True,False,False,True,2022-2025,2025-12-03,"[""financial_bad""]",2025-12-02,801764.SI,300043.SZ
801151.SI,True,2025-04-29,True,False,False,True,2022-2025,2025-12-03,"[""financial_bad""]",2025-12-02,801151.SI,300086.SZ
801764.SI,False,2025-04-24,True,False,False,True,2022-2025,2025-12-03,"[""financial_bad""]",2025-12-02,801764.SI,300299.SZ
801101.SI,True,2025-04-19,True,False,False,True,2022-2025,2025-12-03,"[""financial_bad""]",2025-12-02,801101.SI,300324.SZ
801055.SI,True,2025-04-22,True,False,False,True,2022-2025,2025-12-03,"[""financial_bad""]",2025-12-02,801055.SI,300328.SZ
801016.SI,True,2025-04-28,True,False,False,True,2022-2025,2025-12-03,"[""financial_bad""]",2025-12-02,801016.SI,300511.SZ
801104.SI,True,2025-04-29,True,False,False,True,2022-2025,2025-12-03,"[""financial_bad""]",2025-12-02,801104.SI,300520.SZ
801742.SI,True,2025-04-29,True,False,False,True,2022-2025,2025-12-03,"[""financial_bad""]",2025-12-02,801742.SI,300581.SZ
801104.SI,True,2025-04-28,True,False,False,True,2022-2025,2025-12-03,"[""financial_bad""]",2025-12-02,801104.SI,300605.SZ
801103.SI,True,2025-04-23,True,False,False,True,2022-2025,2025-12-03,"[""financial_bad""]",2025-12-02,801103.SI,300895.SZ
801743.SI,False,2025-04-29,True,False,False,True,2022-2025,2025-12-03,"[""financial_bad""]",2025-12-02,801743.SI,600184.SH
801085.SI,True,2025-04-12,True,False,False,True,2022-2025,2025-12-03,"[""financial_bad""]",2025-12-02,801085.SI,600203.SH
801082.SI,True,2025-04-23,True,False,False,True,2022-2025,2025-12-03,"[""financial_bad""]",2025-12-02,801104.SI,600288.SH
801096.SI,False,2025-03-29,True,False,False,True,2022-2025,2025-12-03,"[""financial_bad""]",2025-12-02,801096.SI,600418.SH
801181.SI,True,2025-03-22,True,False,False,True,2022-2025,2025-12-03,"[""financial_bad""]",2025-12-02,801181.SI,600748.SH
801995.SI,True,2025-04-26,True,False,False,True,2022-2025,2025-12-03,"[""financial_bad""]",2025-12-02,801995.SI,600996.SH
801104.SI,True,2025-04-12,True,False,False,True,2022-2025,2025-12-03,"[""financial_bad""]",2025-12-02,801104.SI,601519.SH
801132.SI,True,2025-04-28,True,False,False,True,2022-2025,2025-12-03,"[""financial_bad""]",2025-12-02,801132.SI,601718.SH
801103.SI,True,2025-04-22,True,False,False,True,2022-2025,2025-12-03,"[""financial_bad""]",2025-12-02,801103.SI,688039.SH
801156.SI,True,2025-04-23,False,False,True,True,2022-2025,2025-12-03,"[""st""]",2025-12-02,801151.SI,688076.SH
801742.SI,True,2025-04-26,True,False,False,True,2022-2025,2025-12-04,"[""financial_bad""]",2025-12-03,801742.SI,000561.SZ
801231.SI,True,2025-04-29,True,False,False,True,2022-2025,2025-12-04,"[""financial_bad""]",2025-12-03,801231.SI,000632.SZ
801054.SI,True,2025-04-28,True,False,False,True,2022-2025,2025-12-04,"[""financial_bad""]",2025-12-03,801054.SI,000831.SZ
801093.SI,True,2025-04-29,True,False,False,True,2022-2025,2025-12-04,"[""financial_bad""]",2025-12-03,801093.SI,000981.SZ
801738.SI,True,2025-04-24,True,False,False,True,2022-2025,2025-12-04,"[""financial_bad""]",2025-12-03,801738.SI,002169.SZ
801731.SI,True,2025-04-16,True,False,False,True,2022-2025,2025-12-04,"[""financial_bad""]",2025-12-03,801731.SI,002196.SZ
801072.SI,True,2025-04-26,True,False,False,True,2022-2025,2025-12-04,"[""financial_bad""]",2025-12-03,801072.SI,002342.SZ
801738.SI,True,2025-04-15,True,False,False,True,2022-2025,2025-12-04,"[""financial_bad""]",2025-12-03,801738.SI,002471.SZ
801764.SI,False,2025-04-26,True,False,False,True,2022-2025,2025-12-04,"[""financial_bad""]",2025-12-03,801764.SI,002624.SZ
801764.SI,False,2025-04-28,True,False,False,True,2022-2025,2025-12-04,"[""financial_bad""]",2025-12-03,801764.SI,300043.SZ
801151.SI,True,2025-04-29,True,False,False,True,2022-2025,2025-12-04,"[""financial_bad""]",2025-12-03,801151.SI,300086.SZ
801016.SI,True,2025-04-26,True,False,False,True,2022-2025,2025-12-04,"[""financial_bad""]",2025-12-03,801016.SI,300189.SZ
801764.SI,False,2025-04-24,True,False,False,True,2022-2025,2025-12-04,"[""financial_bad""]",2025-12-03,801764.SI,300299.SZ
801101.SI,True,2025-04-19,True,False,False,True,2022-2025,2025-12-04,"[""financial_bad""]",2025-12-03,801101.SI,300324.SZ
801055.SI,True,2025-04-22,True,False,False,True,2022-2025,2025-12-04,"[""financial_bad""]",2025-12-03,801055.SI,300328.SZ
801016.SI,True,2025-04-28,True,False,False,True,2022-2025,2025-12-04,"[""financial_bad""]",2025-12-03,801016.SI,300511.SZ
801104.SI,True,2025-04-29,True,False,False,True,2022-2025,2025-12-04,"[""financial_bad""]",2025-12-03,801104.SI,300520.SZ
801742.SI,True,2025-04-29,True,False,False,True,2022-2025,2025-12-04,"[""financial_bad""]",2025-12-03,801742.SI,300581.SZ
801104.SI,True,2025-04-28,True,False,False,True,2022-2025,2025-12-04,"[""financial_bad""]",2025-12-03,801104.SI,300605.SZ
801103.SI,True,2025-04-23,True,False,False,True,2022-2025,2025-12-04,"[""financial_bad""]",2025-12-03,801103.SI,300895.SZ
801743.SI,False,2025-04-29,True,False,False,True,2022-2025,2025-12-04,"[""financial_bad""]",2025-12-03,801743.SI,600184.SH
801085.SI,True,2025-04-12,True,False,False,True,2022-2025,2025-12-04,"[""financial_bad""]",2025-12-03,801085.SI,600203.SH
801082.SI,True,2025-04-23,True,False,False,True,2022-2025,2025-12-04,"[""financial_bad""]",2025-12-03,801104.SI,600288.SH
801096.SI,False,2025-03-29,True,False,False,True,2022-2025,2025-12-04,"[""financial_bad""]",2025-12-03,801096.SI,600418.SH
801181.SI,True,2025-03-22,True,False,False,True,2022-2025,2025-12-04,"[""financial_bad""]",2025-12-03,801181.SI,600748.SH
801995.SI,False,2025-04-26,True,False,False,True,2022-2025,2025-12-04,"[""financial_bad""]",2025-12-03,801995.SI,600996.SH
801104.SI,True,2025-04-12,True,False,False,True,2022-2025,2025-12-04,"[""financial_bad""]",2025-12-03,801104.SI,601519.SH
801103.SI,True,2025-04-22,True,False,False,True,2022-2025,2025-12-04,"[""financial_bad""]",2025-12-03,801103.SI,688039.SH
801156.SI,True,2025-04-23,False,False,True,True,2022-2025,2025-12-04,"[""st""]",2025-12-03,801151.SI,688076.SH
801743.SI,False,2025-04-24,True,False,False,True,2022-2025,2025-12-05,"[""financial_bad""]",2025-12-04,801743.SI,000519.SZ
801742.SI,True,2025-04-26,True,False,False,True,2022-2025,2025-12-05,"[""financial_bad""]",2025-12-04,801742.SI,000561.SZ
801231.SI,True,2025-04-29,True,False,False,True,2022-2025,2025-12-05,"[""financial_bad""]",2025-12-04,801231.SI,000632.SZ
801054.SI,True,2025-04-28,True,False,False,True,2022-2025,2025-12-05,"[""financial_bad""]",2025-12-04,801054.SI,000831.SZ
801093.SI,True,2025-04-29,True,False,False,True,2022-2025,2025-12-05,"[""financial_bad""]",2025-12-04,801093.SI,000981.SZ
801722.SI,True,2025-04-22,True,False,False,True,2022-2025,2025-12-05,"[""financial_bad""]",2025-12-04,801722.SI,002163.SZ
801738.SI,True,2025-04-24,True,False,False,True,2022-2025,2025-12-05,"[""financial_bad""]",2025-12-04,801738.SI,002169.SZ
801731.SI,True,2025-04-16,True,False,False,True,2022-2025,2025-12-05,"[""financial_bad""]",2025-12-04,801731.SI,002196.SZ
801072.SI,True,2025-04-26,True,False,False,True,2022-2025,2025-12-05,"[""financial_bad""]",2025-12-04,801072.SI,002342.SZ
801738.SI,True,2025-04-15,True,False,False,True,2022-2025,2025-12-05,"[""financial_bad""]",2025-12-04,801738.SI,002471.SZ
801764.SI,False,2025-04-26,True,False,False,True,2022-2025,2025-12-05,"[""financial_bad""]",2025-12-04,801764.SI,002624.SZ
801764.SI,False,2025-04-28,True,False,False,True,2022-2025,2025-12-05,"[""financial_bad""]",2025-12-04,801764.SI,300043.SZ
801151.SI,True,2025-04-29,True,False,False,True,2022-2025,2025-12-05,"[""financial_bad""]",2025-12-04,801151.SI,300086.SZ
801101.SI,True,2025-04-19,True,False,False,True,2022-2025,2025-12-05,"[""financial_bad""]",2025-12-04,801101.SI,300324.SZ
801055.SI,True,2025-04-22,True,False,False,True,2022-2025,2025-12-05,"[""financial_bad""]",2025-12-04,801055.SI,300328.SZ
801016.SI,True,2025-04-28,True,False,False,True,2022-2025,2025-12-05,"[""financial_bad""]",2025-12-04,801016.SI,300511.SZ
801104.SI,True,2025-04-29,True,False,False,True,2022-2025,2025-12-05,"[""financial_bad""]",2025-12-04,801104.SI,300520.SZ
801742.SI,True,2025-04-29,True,False,False,True,2022-2025,2025-12-05,"[""financial_bad""]",2025-12-04,801742.SI,300581.SZ
801103.SI,True,2025-04-23,True,False,False,True,2022-2025,2025-12-05,"[""financial_bad""]",2025-12-04,801103.SI,300895.SZ
801743.SI,False,2025-04-29,True,False,False,True,2022-2025,2025-12-05,"[""financial_bad""]",2025-12-04,801743.SI,600184.SH
801085.SI,True,2025-04-12,True,False,False,True,2022-2025,2025-12-05,"[""financial_bad""]",2025-12-04,801085.SI,600203.SH
801082.SI,True,2025-04-23,True,False,False,True,2022-2025,2025-12-05,"[""financial_bad""]",2025-12-04,801104.SI,600288.SH
801096.SI,False,2025-03-29,True,False,False,True,2022-2025,2025-12-05,"[""financial_bad""]",2025-12-04,801096.SI,600418.SH
801181.SI,True,2025-03-22,True,False,False,True,2022-2025,2025-12-05,"[""financial_bad""]",2025-12-04,801181.SI,600748.SH
801995.SI,False,2025-04-26,True,False,False,True,2022-2025,2025-12-05,"[""financial_bad""]",2025-12-04,801995.SI,600996.SH
801104.SI,True,2025-04-12,True,False,False,True,2022-2025,2025-12-05,"[""financial_bad""]",2025-12-04,801104.SI,601519.SH
801103.SI,True,2025-04-22,True,False,False,True,2022-2025,2025-12-05,"[""financial_bad""]",2025-12-04,801103.SI,688039.SH
801156.SI,True,2025-04-23,False,False,True,True,2022-2025,2025-12-05,"[""st""]",2025-12-04,801151.SI,688076.SH
801742.SI,True,2025-04-26,True,False,False,True,2022-2025,2025-12-08,"[""financial_bad""]",2025-12-05,801742.SI,000561.SZ
801054.SI,True,2025-04-28,True,False,False,True,2022-2025,2025-12-08,"[""financial_bad""]",2025-12-05,801054.SI,000831.SZ
801093.SI,True,2025-04-29,True,False,False,True,2022-2025,2025-12-08,"[""financial_bad""]",2025-12-05,801093.SI,000981.SZ
801223.SI,True,2025-04-28,True,False,False,True,2022-2025,2025-12-08,"[""financial_bad""]",2025-12-05,801223.SI,002115.SZ
801738.SI,True,2025-04-24,True,False,False,True,2022-2025,2025-12-08,"[""financial_bad""]",2025-12-05,801738.SI,002169.SZ
801731.SI,True,2025-04-16,True,False,False,True,2022-2025,2025-12-08,"[""financial_bad""]",2025-12-05,801731.SI,002196.SZ
801072.SI,True,2025-04-26,True,False,False,True,2022-2025,2025-12-08,"[""financial_bad""]",2025-12-05,801072.SI,002342.SZ
801738.SI,True,2025-04-15,True,False,False,True,2022-2025,2025-12-08,"[""financial_bad""]",2025-12-05,801738.SI,002471.SZ
801764.SI,False,2025-04-26,True,False,False,True,2022-2025,2025-12-08,"[""financial_bad""]",2025-12-05,801764.SI,002624.SZ
801764.SI,False,2025-04-28,True,False,False,True,2022-2025,2025-12-08,"[""financial_bad""]",2025-12-05,801764.SI,300043.SZ
801151.SI,True,2025-04-29,True,False,False,True,2022-2025,2025-12-08,"[""financial_bad""]",2025-12-05,801151.SI,300086.SZ
801016.SI,True,2025-04-26,True,False,False,True,2022-2025,2025-12-08,"[""financial_bad""]",2025-12-05,801016.SI,300189.SZ
801764.SI,False,2025-04-24,True,False,False,True,2022-2025,2025-12-08,"[""financial_bad""]",2025-12-05,801764.SI,300299.SZ
801101.SI,True,2025-04-19,True,False,False,True,2022-2025,2025-12-08,"[""financial_bad""]",2025-12-05,801101.SI,300324.SZ
801055.SI,True,2025-04-22,True,False,False,True,2022-2025,2025-12-08,"[""financial_bad""]",2025-12-05,801055.SI,300328.SZ
801016.SI,True,2025-04-28,True,False,False,True,2022-2025,2025-12-08,"[""financial_bad""]",2025-12-05,801016.SI,300511.SZ
801742.SI,True,2025-04-29,True,False,False,True,2022-2025,2025-12-08,"[""financial_bad""]",2025-12-05,801742.SI,300581.SZ
801103.SI,True,2025-04-23,True,False,False,True,2022-2025,2025-12-08,"[""financial_bad""]",2025-12-05,801103.SI,300895.SZ
801743.SI,False,2025-04-29,True,False,False,True,2022-2025,2025-12-08,"[""financial_bad""]",2025-12-05,801743.SI,600184.SH
801085.SI,True,2025-04-12,True,False,False,True,2022-2025,2025-12-08,"[""financial_bad""]",2025-12-05,801085.SI,600203.SH
801082.SI,True,2025-04-23,True,False,False,True,2022-2025,2025-12-08,"[""financial_bad""]",2025-12-05,801104.SI,600288.SH
801096.SI,False,2025-03-29,True,False,False,True,2022-2025,2025-12-08,"[""financial_bad""]",2025-12-05,801096.SI,600418.SH
801181.SI,True,2025-03-22,True,False,False,True,2022-2025,2025-12-08,"[""financial_bad""]",2025-12-05,801181.SI,600748.SH
801995.SI,False,2025-04-26,True,False,False,True,2022-2025,2025-12-08,"[""financial_bad""]",2025-12-05,801995.SI,600996.SH
801132.SI,True,2025-04-28,True,False,False,True,2022-2025,2025-12-08,"[""financial_bad""]",2025-12-05,801132.SI,601718.SH
801103.SI,True,2025-04-22,True,False,False,True,2022-2025,2025-12-08,"[""financial_bad""]",2025-12-05,801103.SI,688039.SH
801156.SI,True,2025-04-23,False,False,True,True,2022-2025,2025-12-08,"[""st""]",2025-12-05,801151.SI,688076.SH
801742.SI,True,2025-04-26,True,False,False,True,2022-2025,2025-12-09,"[""financial_bad""]",2025-12-08,801742.SI,000561.SZ
801054.SI,True,2025-04-28,True,False,False,True,2022-2025,2025-12-09,"[""financial_bad""]",2025-12-08,801054.SI,000831.SZ
801093.SI,True,2025-04-29,True,False,False,True,2022-2025,2025-12-09,"[""financial_bad""]",2025-12-08,801093.SI,000981.SZ
801223.SI,True,2025-04-28,True,False,False,True,2022-2025,2025-12-09,"[""financial_bad""]",2025-12-08,801223.SI,002115.SZ
801738.SI,True,2025-04-24,True,False,False,True,2022-2025,2025-12-09,"[""financial_bad""]",2025-12-08,801738.SI,002169.SZ
801731.SI,True,2025-04-16,True,False,False,True,2022-2025,2025-12-09,"[""financial_bad""]",2025-12-08,801731.SI,002196.SZ
801724.SI,True,2025-04-25,True,False,False,True,2022-2025,2025-12-09,"[""financial_bad""]",2025-12-08,801104.SI,002298.SZ
801072.SI,True,2025-04-26,True,False,False,True,2022-2025,2025-12-09,"[""financial_bad""]",2025-12-08,801072.SI,002342.SZ
801738.SI,True,2025-04-15,True,False,False,True,2022-2025,2025-12-09,"[""financial_bad""]",2025-12-08,801738.SI,002471.SZ
801764.SI,False,2025-04-26,True,False,False,True,2022-2025,2025-12-09,"[""financial_bad""]",2025-12-08,801764.SI,002624.SZ
801764.SI,False,2025-04-28,True,False,False,True,2022-2025,2025-12-09,"[""financial_bad""]",2025-12-08,801764.SI,300043.SZ
801151.SI,True,2025-04-29,True,False,False,True,2022-2025,2025-12-09,"[""financial_bad""]",2025-12-08,801151.SI,300086.SZ
801016.SI,True,2025-04-26,True,False,False,True,2022-2025,2025-12-09,"[""financial_bad""]",2025-12-08,801016.SI,300189.SZ
801764.SI,False,2025-04-24,True,False,False,True,2022-2025,2025-12-09,"[""financial_bad""]",2025-12-08,801764.SI,300299.SZ
801101.SI,True,2025-04-19,True,False,False,True,2022-2025,2025-12-09,"[""financial_bad""]",2025-12-08,801101.SI,300324.SZ
801055.SI,True,2025-04-22,True,False,False,True,2022-2025,2025-12-09,"[""financial_bad""]",2025-12-08,801055.SI,300328.SZ
801072.SI,True,2025-04-19,True,False,False,True,2022-2025,2025-12-09,"[""financial_bad""]",2025-12-08,801072.SI,300420.SZ
801016.SI,True,2025-04-28,True,False,False,True,2022-2025,2025-12-09,"[""financial_bad""]",2025-12-08,801016.SI,300511.SZ
801223.SI,True,2025-04-29,True,False,False,True,2022-2025,2025-12-09,"[""financial_bad""]",2025-12-08,801223.SI,300560.SZ
801742.SI,True,2025-04-29,True,False,False,True,2022-2025,2025-12-09,"[""financial_bad""]",2025-12-08,801742.SI,300581.SZ
801104.SI,True,2025-04-28,True,False,False,True,2022-2025,2025-12-09,"[""financial_bad""]",2025-12-08,801104.SI,300605.SZ
801103.SI,True,2025-04-23,True,False,False,True,2022-2025,2025-12-09,"[""financial_bad""]",2025-12-08,801103.SI,300895.SZ
801743.SI,False,2025-04-29,True,False,False,True,2022-2025,2025-12-09,"[""financial_bad""]",2025-12-08,801743.SI,600184.SH
801085.SI,True,2025-04-12,True,False,False,True,2022-2025,2025-12-09,"[""financial_bad""]",2025-12-08,801085.SI,600203.SH
801082.SI,True,2025-04-23,True,False,False,True,2022-2025,2025-12-09,"[""financial_bad""]",2025-12-08,801104.SI,600288.SH
801096.SI,False,2025-03-29,True,False,False,True,2022-2025,2025-12-09,"[""financial_bad""]",2025-12-08,801096.SI,600418.SH
801181.SI,True,2025-03-22,True,False,False,True,2022-2025,2025-12-09,"[""financial_bad""]",2025-12-08,801181.SI,600748.SH
801995.SI,False,2025-04-26,True,False,False,True,2022-2025,2025-12-09,"[""financial_bad""]",2025-12-08,801995.SI,600996.SH
801132.SI,True,2025-04-28,True,False,False,True,2022-2025,2025-12-09,"[""financial_bad""]",2025-12-08,801132.SI,601718.SH
801103.SI,True,2025-04-22,True,False,False,True,2022-2025,2025-12-09,"[""financial_bad""]",2025-12-08,801103.SI,688039.SH
801156.SI,True,2025-04-23,False,False,True,True,2022-2025,2025-12-09,"[""st""]",2025-12-08,801151.SI,688076.SH
801742.SI,True,2025-04-26,True,False,False,True,2022-2025,2025-12-10,"[""financial_bad""]",2025-12-09,801742.SI,000561.SZ
801054.SI,True,2025-04-28,True,False,False,True,2022-2025,2025-12-10,"[""financial_bad""]",2025-12-09,801054.SI,000831.SZ
801093.SI,True,2025-04-29,True,False,False,True,2022-2025,2025-12-10,"[""financial_bad""]",2025-12-09,801093.SI,000981.SZ
801223.SI,True,2025-04-28,True,False,False,True,2022-2025,2025-12-10,"[""financial_bad""]",2025-12-09,801223.SI,002115.SZ
801738.SI,True,2025-04-24,True,False,False,True,2022-2025,2025-12-10,"[""financial_bad""]",2025-12-09,801738.SI,002169.SZ
801731.SI,True,2025-04-16,True,False,False,True,2022-2025,2025-12-10,"[""financial_bad""]",2025-12-09,801731.SI,002196.SZ
801141.SI,True,2025-04-25,True,False,False,True,2022-2025,2025-12-10,"[""financial_bad""]",2025-12-09,801141.SI,002229.SZ
801724.SI,True,2025-04-25,True,False,False,True,2022-2025,2025-12-10,"[""financial_bad""]",2025-12-09,801104.SI,002298.SZ
801072.SI,True,2025-04-26,True,False,False,True,2022-2025,2025-12-10,"[""financial_bad""]",2025-12-09,801072.SI,002342.SZ
801738.SI,True,2025-04-15,True,False,False,True,2022-2025,2025-12-10,"[""financial_bad""]",2025-12-09,801738.SI,002471.SZ
801764.SI,False,2025-04-26,True,False,False,True,2022-2025,2025-12-10,"[""financial_bad""]",2025-12-09,801764.SI,002624.SZ
801764.SI,False,2025-04-28,True,False,False,True,2022-2025,2025-12-10,"[""financial_bad""]",2025-12-09,801764.SI,300043.SZ
801151.SI,True,2025-04-29,True,False,False,True,2022-2025,2025-12-10,"[""financial_bad""]",2025-12-09,801151.SI,300086.SZ
801764.SI,False,2025-04-24,True,False,False,True,2022-2025,2025-12-10,"[""financial_bad""]",2025-12-09,801764.SI,300299.SZ
801101.SI,True,2025-04-19,True,False,False,True,2022-2025,2025-12-10,"[""financial_bad""]",2025-12-09,801101.SI,300324.SZ
801055.SI,True,2025-04-22,True,False,False,True,2022-2025,2025-12-10,"[""financial_bad""]",2025-12-09,801055.SI,300328.SZ
801016.SI,True,2025-04-28,True,False,False,True,2022-2025,2025-12-10,"[""financial_bad""]",2025-12-09,801016.SI,300511.SZ
801223.SI,True,2025-04-29,True,False,False,True,2022-2025,2025-12-10,"[""financial_bad""]",2025-12-09,801223.SI,300560.SZ
801742.SI,True,2025-04-29,True,False,False,True,2022-2025,2025-12-10,"[""financial_bad""]",2025-12-09,801742.SI,300581.SZ
801104.SI,True,2025-04-28,True,False,False,True,2022-2025,2025-12-10,"[""financial_bad""]",2025-12-09,801104.SI,300605.SZ
801103.SI,True,2025-04-23,True,False,False,True,2022-2025,2025-12-10,"[""financial_bad""]",2025-12-09,801103.SI,300895.SZ
801103.SI,True,2025-04-24,True,False,False,True,2022-2025,2025-12-10,"[""financial_bad""]",2025-12-09,801103.SI,301396.SZ
801085.SI,True,2025-04-12,True,False,False,True,2022-2025,2025-12-10,"[""financial_bad""]",2025-12-09,801085.SI,600203.SH
801082.SI,True,2025-04-23,True,False,False,True,2022-2025,2025-12-10,"[""financial_bad""]",2025-12-09,801104.SI,600288.SH
801096.SI,False,2025-03-29,True,False,False,True,2022-2025,2025-12-10,"[""financial_bad""]",2025-12-09,801096.SI,600418.SH
801074.SI,True,2025-04-26,True,False,False,True,2022-2025,2025-12-10,"[""financial_bad""]",2025-12-09,801074.SI,600501.SH
801181.SI,True,2025-03-22,True,False,False,True,2022-2025,2025-12-10,"[""financial_bad""]",2025-12-09,801181.SI,600748.SH
801995.SI,True,2025-04-26,True,False,False,True,2022-2025,2025-12-10,"[""financial_bad""]",2025-12-09,801995.SI,600996.SH
801104.SI,True,2025-04-12,True,False,False,True,2022-2025,2025-12-10,"[""financial_bad""]",2025-12-09,801104.SI,601519.SH
801104.SI,True,2025-04-26,True,False,False,True,2022-2025,2025-12-10,"[""financial_bad""]",2025-12-09,801104.SI,688031.SH
801103.SI,True,2025-04-22,True,False,False,True,2022-2025,2025-12-10,"[""financial_bad""]",2025-12-09,801103.SI,688039.SH
801156.SI,True,2025-04-23,False,False,True,True,2022-2025,2025-12-10,"[""st""]",2025-12-09,801151.SI,688076.SH
801742.SI,True,2025-04-26,True,False,False,True,2022-2025,2025-12-11,"[""financial_bad""]",2025-12-10,801742.SI,000561.SZ
801231.SI,True,2025-04-29,True,False,False,True,2022-2025,2025-12-11,"[""financial_bad""]",2025-12-10,801231.SI,000632.SZ
801054.SI,True,2025-04-28,True,False,False,True,2022-2025,2025-12-11,"[""financial_bad""]",2025-12-10,801054.SI,000831.SZ
801093.SI,True,2025-04-29,True,False,False,True,2022-2025,2025-12-11,"[""financial_bad""]",2025-12-10,801093.SI,000981.SZ
801223.SI,True,2025-04-28,True,False,False,True,2022-2025,2025-12-11,"[""financial_bad""]",2025-12-10,801223.SI,002115.SZ
801738.SI,True,2025-04-24,True,False,False,True,2022-2025,2025-12-11,"[""financial_bad""]",2025-12-10,801738.SI,002169.SZ
801731.SI,True,2025-04-16,True,False,False,True,2022-2025,2025-12-11,"[""financial_bad""]",2025-12-10,801731.SI,002196.SZ
801141.SI,True,2025-04-25,True,False,False,True,2022-2025,2025-12-11,"[""financial_bad""]",2025-12-10,801141.SI,002229.SZ
801072.SI,True,2025-04-26,True,False,False,True,2022-2025,2025-12-11,"[""financial_bad""]",2025-12-10,801072.SI,002342.SZ
801738.SI,True,2025-04-15,True,False,False,True,2022-2025,2025-12-11,"[""financial_bad""]",2025-12-10,801738.SI,002471.SZ
801764.SI,False,2025-04-26,True,False,False,True,2022-2025,2025-12-11,"[""financial_bad""]",2025-12-10,801764.SI,002624.SZ
801764.SI,False,2025-04-28,True,False,False,True,2022-2025,2025-12-11,"[""financial_bad""]",2025-12-10,801764.SI,300043.SZ
801151.SI,True,2025-04-29,True,False,False,True,2022-2025,2025-12-11,"[""financial_bad""]",2025-12-10,801151.SI,300086.SZ
801972.SI,True,2025-04-24,True,False,False,True,2022-2025,2025-12-11,"[""financial_bad""]",2025-12-10,801972.SI,300137.SZ
801764.SI,False,2025-04-24,True,False,False,True,2022-2025,2025-12-11,"[""financial_bad""]",2025-12-10,801764.SI,300299.SZ
801101.SI,True,2025-04-19,True,False,False,True,2022-2025,2025-12-11,"[""financial_bad""]",2025-12-10,801101.SI,300324.SZ
801055.SI,True,2025-04-22,True,False,False,True,2022-2025,2025-12-11,"[""financial_bad""]",2025-12-10,801055.SI,300328.SZ
801016.SI,True,2025-04-28,True,False,False,True,2022-2025,2025-12-11,"[""financial_bad""]",2025-12-10,801016.SI,300511.SZ
801742.SI,True,2025-04-29,True,False,False,True,2022-2025,2025-12-11,"[""financial_bad""]",2025-12-10,801742.SI,300581.SZ
801103.SI,True,2025-04-23,True,False,False,True,2022-2025,2025-12-11,"[""financial_bad""]",2025-12-10,801103.SI,300895.SZ
801103.SI,True,2025-04-24,True,False,False,True,2022-2025,2025-12-11,"[""financial_bad""]",2025-12-10,801103.SI,301396.SZ
801085.SI,True,2025-04-12,True,False,False,True,2022-2025,2025-12-11,"[""financial_bad""]",2025-12-10,801085.SI,600203.SH
801082.SI,True,2025-04-23,True,False,False,True,2022-2025,2025-12-11,"[""financial_bad""]",2025-12-10,801104.SI,600288.SH
801096.SI,False,2025-03-29,True,False,False,True,2022-2025,2025-12-11,"[""financial_bad""]",2025-12-10,801096.SI,600418.SH
801074.SI,True,2025-04-26,True,False,False,True,2022-2025,2025-12-11,"[""financial_bad""]",2025-12-10,801074.SI,600501.SH
801181.SI,True,2025-03-22,True,False,False,True,2022-2025,2025-12-11,"[""financial_bad""]",2025-12-10,801181.SI,600748.SH
801101.SI,True,2025-04-29,True,False,False,True,2022-2025,2025-12-11,"[""financial_bad""]",2025-12-10,801745.SI,600855.SH
801995.SI,True,2025-04-26,True,False,False,True,2022-2025,2025-12-11,"[""financial_bad""]",2025-12-10,801995.SI,600996.SH
801104.SI,True,2025-04-12,True,False,False,True,2022-2025,2025-12-11,"[""financial_bad""]",2025-12-10,801104.SI,601519.SH
801223.SI,True,2025-04-30,True,False,False,True,2022-2025,2025-12-11,"[""financial_bad""]",2025-12-10,801223.SI,603322.SH
801104.SI,True,2025-04-26,True,False,False,True,2022-2025,2025-12-11,"[""financial_bad""]",2025-12-10,801104.SI,688031.SH
801103.SI,True,2025-04-22,True,False,False,True,2022-2025,2025-12-11,"[""financial_bad""]",2025-12-10,801103.SI,688039.SH
801156.SI,True,2025-04-23,False,False,True,True,2022-2025,2025-12-11,"[""st""]",2025-12-10,801151.SI,688076.SH
801743.SI,False,2025-04-24,True,False,False,True,2022-2025,2025-12-12,"[""financial_bad""]",2025-12-11,801743.SI,000519.SZ
801103.SI,True,2025-03-29,True,False,False,True,2022-2025,2025-12-12,"[""financial_bad""]",2025-12-11,801103.SI,000555.SZ
801742.SI,True,2025-04-26,True,False,False,True,2022-2025,2025-12-12,"[""financial_bad""]",2025-12-11,801742.SI,000561.SZ
801231.SI,True,2025-04-29,True,False,False,True,2022-2025,2025-12-12,"[""financial_bad""]",2025-12-11,801231.SI,000632.SZ
801054.SI,True,2025-04-28,True,False,False,True,2022-2025,2025-12-12,"[""financial_bad""]",2025-12-11,801054.SI,000831.SZ
801093.SI,True,2025-04-29,True,False,False,True,2022-2025,2025-12-12,"[""financial_bad""]",2025-12-11,801093.SI,000981.SZ
801223.SI,True,2025-04-28,True,False,False,True,2022-2025,2025-12-12,"[""financial_bad""]",2025-12-11,801223.SI,002115.SZ
801738.SI,True,2025-04-24,True,False,False,True,2022-2025,2025-12-12,"[""financial_bad""]",2025-12-11,801738.SI,002169.SZ
801731.SI,True,2025-04-16,True,False,False,True,2022-2025,2025-12-12,"[""financial_bad""]",2025-12-11,801731.SI,002196.SZ
801141.SI,True,2025-04-25,True,False,False,True,2022-2025,2025-12-12,"[""financial_bad""]",2025-12-11,801141.SI,002229.SZ
801072.SI,True,2025-04-26,True,False,False,True,2022-2025,2025-12-12,"[""financial_bad""]",2025-12-11,801072.SI,002342.SZ
801101.SI,True,2025-04-26,True,False,False,True,2022-2025,2025-12-12,"[""financial_bad""]",2025-12-11,801101.SI,002512.SZ
801764.SI,False,2025-04-26,True,False,False,True,2022-2025,2025-12-12,"[""financial_bad""]",2025-12-11,801764.SI,002624.SZ
801178.SI,True,2025-04-25,True,False,False,True,2022-2025,2025-12-12,"[""financial_bad""]",2025-12-11,801178.SI,002682.SZ
801764.SI,False,2025-04-28,True,False,False,True,2022-2025,2025-12-12,"[""financial_bad""]",2025-12-11,801764.SI,300043.SZ
801151.SI,True,2025-04-29,True,False,False,True,2022-2025,2025-12-12,"[""financial_bad""]",2025-12-11,801151.SI,300086.SZ
801972.SI,True,2025-04-24,True,False,False,True,2022-2025,2025-12-12,"[""financial_bad""]",2025-12-11,801972.SI,300137.SZ
801016.SI,True,2025-04-26,True,False,False,True,2022-2025,2025-12-12,"[""financial_bad""]",2025-12-11,801016.SI,300189.SZ
801764.SI,False,2025-04-24,True,False,False,True,2022-2025,2025-12-12,"[""financial_bad""]",2025-12-11,801764.SI,300299.SZ
801101.SI,True,2025-04-19,True,False,False,True,2022-2025,2025-12-12,"[""financial_bad""]",2025-12-11,801101.SI,300324.SZ
801055.SI,True,2025-04-22,True,False,False,True,2022-2025,2025-12-12,"[""financial_bad""]",2025-12-11,801055.SI,300328.SZ
801016.SI,True,2025-04-28,True,False,False,True,2022-2025,2025-12-12,"[""financial_bad""]",2025-12-11,801016.SI,300511.SZ
801742.SI,True,2025-04-29,True,False,False,True,2022-2025,2025-12-12,"[""financial_bad""]",2025-12-11,801742.SI,300581.SZ
801103.SI,True,2025-04-23,True,False,False,True,2022-2025,2025-12-12,"[""financial_bad""]",2025-12-11,801103.SI,300895.SZ
801085.SI,True,2025-04-12,True,False,False,True,2022-2025,2025-12-12,"[""financial_bad""]",2025-12-11,801085.SI,600203.SH
801082.SI,True,2025-04-23,True,False,False,True,2022-2025,2025-12-12,"[""financial_bad""]",2025-12-11,801104.SI,600288.SH
801096.SI,False,2025-03-29,True,False,False,True,2022-2025,2025-12-12,"[""financial_bad""]",2025-12-11,801096.SI,600418.SH
801074.SI,True,2025-04-26,True,False,False,True,2022-2025,2025-12-12,"[""financial_bad""]",2025-12-11,801074.SI,600501.SH
801181.SI,True,2025-03-22,True,False,False,True,2022-2025,2025-12-12,"[""financial_bad""]",2025-12-11,801181.SI,600748.SH
801101.SI,True,2025-04-29,True,False,False,True,2022-2025,2025-12-12,"[""financial_bad""]",2025-12-11,801745.SI,600855.SH
801995.SI,True,2025-04-26,True,False,False,True,2022-2025,2025-12-12,"[""financial_bad""]",2025-12-11,801995.SI,600996.SH
801104.SI,True,2025-04-12,True,False,False,True,2022-2025,2025-12-12,"[""financial_bad""]",2025-12-11,801104.SI,601519.SH
801103.SI,True,2025-04-22,True,False,False,True,2022-2025,2025-12-12,"[""financial_bad""]",2025-12-11,801103.SI,688039.SH
801156.SI,True,2025-04-23,False,False,True,True,2022-2025,2025-12-12,"[""st""]",2025-12-11,801151.SI,688076.SH
801743.SI,False,2025-04-24,True,False,False,True,2022-2025,2025-12-15,"[""financial_bad""]",2025-12-12,801743.SI,000519.SZ
801103.SI,True,2025-03-29,True,False,False,True,2022-2025,2025-12-15,"[""financial_bad""]",2025-12-12,801103.SI,000555.SZ
801742.SI,True,2025-04-26,True,False,False,True,2022-2025,2025-12-15,"[""financial_bad""]",2025-12-12,801742.SI,000561.SZ
801054.SI,True,2025-04-28,True,False,False,True,2022-2025,2025-12-15,"[""financial_bad""]",2025-12-12,801054.SI,000831.SZ
801093.SI,True,2025-04-29,True,False,False,True,2022-2025,2025-12-15,"[""financial_bad""]",2025-12-12,801093.SI,000981.SZ
801223.SI,True,2025-04-28,True,False,False,True,2022-2025,2025-12-15,"[""financial_bad""]",2025-12-12,801223.SI,002115.SZ
801738.SI,True,2025-04-24,True,False,False,True,2022-2025,2025-12-15,"[""financial_bad""]",2025-12-12,801738.SI,002169.SZ
801731.SI,True,2025-04-16,True,False,False,True,2022-2025,2025-12-15,"[""financial_bad""]",2025-12-12,801731.SI,002196.SZ
801072.SI,True,2025-04-26,True,False,False,True,2022-2025,2025-12-15,"[""financial_bad""]",2025-12-12,801072.SI,002342.SZ
801764.SI,False,2025-04-26,True,False,False,True,2022-2025,2025-12-15,"[""financial_bad""]",2025-12-12,801764.SI,002624.SZ
801764.SI,False,2025-04-28,True,False,False,True,2022-2025,2025-12-15,"[""financial_bad""]",2025-12-12,801764.SI,300043.SZ
801151.SI,True,2025-04-29,True,False,False,True,2022-2025,2025-12-15,"[""financial_bad""]",2025-12-12,801151.SI,300086.SZ
801972.SI,True,2025-04-24,True,False,False,True,2022-2025,2025-12-15,"[""financial_bad""]",2025-12-12,801972.SI,300137.SZ
801016.SI,True,2025-04-26,True,False,False,True,2022-2025,2025-12-15,"[""financial_bad""]",2025-12-12,801016.SI,300189.SZ
801764.SI,False,2025-04-24,True,False,False,True,2022-2025,2025-12-15,"[""financial_bad""]",2025-12-12,801764.SI,300299.SZ
801101.SI,True,2025-04-19,True,False,False,True,2022-2025,2025-12-15,"[""financial_bad""]",2025-12-12,801101.SI,300324.SZ
801055.SI,True,2025-04-22,True,False,False,True,2022-2025,2025-12-15,"[""financial_bad""]",2025-12-12,801055.SI,300328.SZ
801016.SI,True,2025-04-28,True,False,False,True,2022-2025,2025-12-15,"[""financial_bad""]",2025-12-12,801016.SI,300511.SZ
801742.SI,True,2025-04-29,True,False,False,True,2022-2025,2025-12-15,"[""financial_bad""]",2025-12-12,801742.SI,300581.SZ
801103.SI,True,2025-04-23,True,False,False,True,2022-2025,2025-12-15,"[""financial_bad""]",2025-12-12,801103.SI,300895.SZ
801738.SI,True,2025-04-15,True,False,False,True,2022-2025,2025-12-15,"[""financial_bad""]",2025-12-12,801738.SI,600192.SH
801085.SI,True,2025-04-12,True,False,False,True,2022-2025,2025-12-15,"[""financial_bad""]",2025-12-12,801085.SI,600203.SH
801082.SI,True,2025-04-23,True,False,False,True,2022-2025,2025-12-15,"[""financial_bad""]",2025-12-12,801104.SI,600288.SH
801096.SI,False,2025-03-29,True,False,False,True,2022-2025,2025-12-15,"[""financial_bad""]",2025-12-12,801096.SI,600418.SH
801074.SI,True,2025-04-26,True,False,False,True,2022-2025,2025-12-15,"[""financial_bad""]",2025-12-12,801074.SI,600501.SH
801181.SI,True,2025-03-22,True,False,False,True,2022-2025,2025-12-15,"[""financial_bad""]",2025-12-12,801181.SI,600748.SH
801101.SI,True,2025-04-29,True,False,False,True,2022-2025,2025-12-15,"[""financial_bad""]",2025-12-12,801745.SI,600855.SH
801995.SI,True,2025-04-26,True,False,False,True,2022-2025,2025-12-15,"[""financial_bad""]",2025-12-12,801995.SI,600996.SH
801104.SI,True,2025-04-12,True,False,False,True,2022-2025,2025-12-15,"[""financial_bad""]",2025-12-12,801104.SI,601519.SH
801223.SI,True,2025-04-30,True,False,False,True,2022-2025,2025-12-15,"[""financial_bad""]",2025-12-12,801223.SI,603322.SH
801104.SI,True,2025-04-26,True,False,False,True,2022-2025,2025-12-15,"[""financial_bad""]",2025-12-12,801104.SI,688031.SH
801103.SI,True,2025-04-22,True,False,False,True,2022-2025,2025-12-15,"[""financial_bad""]",2025-12-12,801103.SI,688039.SH
801156.SI,True,2025-04-23,False,False,True,True,2022-2025,2025-12-15,"[""st""]",2025-12-12,801151.SI,688076.SH
801743.SI,False,2025-04-24,True,False,False,True,2022-2025,2025-12-16,"[""financial_bad""]",2025-12-15,801743.SI,000519.SZ
801231.SI,True,2025-04-29,True,False,False,True,2022-2025,2025-12-16,"[""financial_bad""]",2025-12-15,801231.SI,000632.SZ
801054.SI,True,2025-04-28,True,False,False,True,2022-2025,2025-12-16,"[""financial_bad""]",2025-12-15,801054.SI,000831.SZ
801093.SI,True,2025-04-29,True,False,False,True,2022-2025,2025-12-16,"[""financial_bad""]",2025-12-15,801093.SI,000981.SZ
801223.SI,True,2025-04-28,True,False,False,True,2022-2025,2025-12-16,"[""financial_bad""]",2025-12-15,801223.SI,002115.SZ
801738.SI,True,2025-04-24,True,False,False,True,2022-2025,2025-12-16,"[""financial_bad""]",2025-12-15,801738.SI,002169.SZ
801731.SI,True,2025-04-16,True,False,False,True,2022-2025,2025-12-16,"[""financial_bad""]",2025-12-15,801731.SI,002196.SZ
801072.SI,True,2025-04-26,True,False,False,True,2022-2025,2025-12-16,"[""financial_bad""]",2025-12-15,801072.SI,002342.SZ
801085.SI,True,2025-04-24,True,False,False,True,2022-2025,2025-12-16,"[""financial_bad""]",2025-12-15,801085.SI,002426.SZ
801101.SI,True,2025-04-26,True,False,False,True,2022-2025,2025-12-16,"[""financial_bad""]",2025-12-15,801101.SI,002512.SZ
801764.SI,False,2025-04-26,True,False,False,True,2022-2025,2025-12-16,"[""financial_bad""]",2025-12-15,801764.SI,002624.SZ
801764.SI,False,2025-04-28,True,False,False,True,2022-2025,2025-12-16,"[""financial_bad""]",2025-12-15,801764.SI,300043.SZ
801151.SI,True,2025-04-29,True,False,False,True,2022-2025,2025-12-16,"[""financial_bad""]",2025-12-15,801151.SI,300086.SZ
801016.SI,True,2025-04-26,True,False,False,True,2022-2025,2025-12-16,"[""financial_bad""]",2025-12-15,801016.SI,300189.SZ
801103.SI,True,2025-04-25,True,False,False,True,2022-2025,2025-12-16,"[""financial_bad""]",2025-12-15,801103.SI,300250.SZ
801764.SI,False,2025-04-24,True,False,False,True,2022-2025,2025-12-16,"[""financial_bad""]",2025-12-15,801764.SI,300299.SZ
801101.SI,True,2025-04-19,True,False,False,True,2022-2025,2025-12-16,"[""financial_bad""]",2025-12-15,801101.SI,300324.SZ
801055.SI,True,2025-04-22,True,False,False,True,2022-2025,2025-12-16,"[""financial_bad""]",2025-12-15,801055.SI,300328.SZ
801016.SI,True,2025-04-28,True,False,False,True,2022-2025,2025-12-16,"[""financial_bad""]",2025-12-15,801016.SI,300511.SZ
801742.SI,True,2025-04-29,True,False,False,True,2022-2025,2025-12-16,"[""financial_bad""]",2025-12-15,801742.SI,300581.SZ
801151.SI,True,2025-04-25,True,False,False,True,2022-2025,2025-12-16,"[""financial_bad""]",2025-12-15,801151.SI,300723.SZ
801103.SI,True,2025-04-23,True,False,False,True,2022-2025,2025-12-16,"[""financial_bad""]",2025-12-15,801103.SI,300895.SZ
801738.SI,True,2025-04-15,True,False,False,True,2022-2025,2025-12-16,"[""financial_bad""]",2025-12-15,801738.SI,600192.SH
801085.SI,True,2025-04-12,True,False,False,True,2022-2025,2025-12-16,"[""financial_bad""]",2025-12-15,801085.SI,600203.SH
801082.SI,True,2025-04-23,True,False,False,True,2022-2025,2025-12-16,"[""financial_bad""]",2025-12-15,801104.SI,600288.SH
801096.SI,True,2025-03-29,True,False,False,True,2022-2025,2025-12-16,"[""financial_bad""]",2025-12-15,801096.SI,600418.SH
801074.SI,True,2025-04-26,True,False,False,True,2022-2025,2025-12-16,"[""financial_bad""]",2025-12-15,801074.SI,600501.SH
801181.SI,True,2025-03-22,True,False,False,True,2022-2025,2025-12-16,"[""financial_bad""]",2025-12-15,801181.SI,600748.SH
801995.SI,True,2025-04-26,True,False,False,True,2022-2025,2025-12-16,"[""financial_bad""]",2025-12-15,801995.SI,600996.SH
801104.SI,True,2025-04-12,True,False,False,True,2022-2025,2025-12-16,"[""financial_bad""]",2025-12-15,801104.SI,601519.SH
801223.SI,True,2025-12-13,True,False,False,True,2022-2025,2025-12-16,"[""financial_bad""]",2025-12-15,801223.SI,603322.SH
801103.SI,True,2025-04-22,True,False,False,True,2022-2025,2025-12-16,"[""financial_bad""]",2025-12-15,801103.SI,688039.SH
801156.SI,True,2025-04-23,False,False,True,True,2022-2025,2025-12-16,"[""st""]",2025-12-15,801151.SI,688076.SH
801743.SI,False,2025-04-24,True,False,False,True,2022-2025,2025-12-17,"[""financial_bad""]",2025-12-16,801743.SI,000519.SZ
801103.SI,True,2025-03-29,True,False,False,True,2022-2025,2025-12-17,"[""financial_bad""]",2025-12-16,801103.SI,000555.SZ
801742.SI,True,2025-04-26,True,False,False,True,2022-2025,2025-12-17,"[""financial_bad""]",2025-12-16,801742.SI,000561.SZ
801093.SI,True,2025-04-29,True,False,False,True,2022-2025,2025-12-17,"[""financial_bad""]",2025-12-16,801093.SI,000981.SZ
801223.SI,True,2025-04-28,True,False,False,True,2022-2025,2025-12-17,"[""financial_bad""]",2025-12-16,801223.SI,002115.SZ
801738.SI,True,2025-04-24,True,False,False,True,2022-2025,2025-12-17,"[""financial_bad""]",2025-12-16,801738.SI,002169.SZ
801072.SI,True,2025-04-26,True,False,False,True,2022-2025,2025-12-17,"[""financial_bad""]",2025-12-16,801072.SI,002342.SZ
801085.SI,True,2025-04-24,True,False,False,True,2022-2025,2025-12-17,"[""financial_bad""]",2025-12-16,801085.SI,002426.SZ
801764.SI,False,2025-04-28,True,False,False,True,2022-2025,2025-12-17,"[""financial_bad""]",2025-12-16,801764.SI,300043.SZ
801151.SI,True,2025-04-29,True,False,False,True,2022-2025,2025-12-17,"[""financial_bad""]",2025-12-16,801151.SI,300086.SZ
801016.SI,True,2025-04-26,True,False,False,True,2022-2025,2025-12-17,"[""financial_bad""]",2025-12-16,801016.SI,300189.SZ
801103.SI,True,2025-04-25,True,False,False,True,2022-2025,2025-12-17,"[""financial_bad""]",2025-12-16,801103.SI,300250.SZ
801101.SI,True,2025-04-19,True,False,False,True,2022-2025,2025-12-17,"[""financial_bad""]",2025-12-16,801101.SI,300324.SZ
801055.SI,True,2025-04-22,True,False,False,True,2022-2025,2025-12-17,"[""financial_bad""]",2025-12-16,801055.SI,300328.SZ
801016.SI,True,2025-04-28,True,False,False,True,2022-2025,2025-12-17,"[""financial_bad""]",2025-12-16,801016.SI,300511.SZ
801103.SI,True,2025-04-23,True,False,False,True,2022-2025,2025-12-17,"[""financial_bad""]",2025-12-16,801103.SI,300895.SZ
801738.SI,True,2025-04-15,True,False,False,True,2022-2025,2025-12-17,"[""financial_bad""]",2025-12-16,801738.SI,600192.SH
801085.SI,True,2025-04-12,True,False,False,True,2022-2025,2025-12-17,"[""financial_bad""]",2025-12-16,801085.SI,600203.SH
801082.SI,True,2025-04-23,True,False,False,True,2022-2025,2025-12-17,"[""financial_bad""]",2025-12-16,801104.SI,600288.SH
801096.SI,True,2025-03-29,True,False,False,True,2022-2025,2025-12-17,"[""financial_bad""]",2025-12-16,801096.SI,600418.SH
801074.SI,True,2025-04-26,True,False,False,True,2022-2025,2025-12-17,"[""financial_bad""]",2025-12-16,801074.SI,600501.SH
801181.SI,True,2025-03-22,True,False,False,True,2022-2025,2025-12-17,"[""financial_bad""]",2025-12-16,801181.SI,600748.SH
801995.SI,True,2025-04-26,True,False,False,True,2022-2025,2025-12-17,"[""financial_bad""]",2025-12-16,801995.SI,600996.SH
801104.SI,True,2025-04-12,True,False,False,True,2022-2025,2025-12-17,"[""financial_bad""]",2025-12-16,801104.SI,601519.SH
801103.SI,True,2025-04-22,True,False,False,True,2022-2025,2025-12-17,"[""financial_bad""]",2025-12-16,801103.SI,688039.SH
801156.SI,True,2025-04-23,False,False,True,True,2022-2025,2025-12-17,"[""st""]",2025-12-16,801151.SI,688076.SH
801081.SI,True,2025-04-26,True,False,False,True,2022-2025,2025-12-17,"[""financial_bad""]",2025-12-16,801081.SI,688521.SH
801074.SI,True,2025-04-26,True,False,False,True,2022-2025,2025-12-17,"[""financial_bad""]",2025-12-16,801074.SI,920284.BJ
801743.SI,False,2025-04-24,True,False,False,True,2022-2025,2025-12-18,"[""financial_bad""]",2025-12-17,801743.SI,000519.SZ
801103.SI,True,2025-03-29,True,False,False,True,2022-2025,2025-12-18,"[""financial_bad""]",2025-12-17,801103.SI,000555.SZ
801742.SI,True,2025-04-26,True,False,False,True,2022-2025,2025-12-18,"[""financial_bad""]",2025-12-17,801742.SI,000561.SZ
801054.SI,True,2025-04-28,True,False,False,True,2022-2025,2025-12-18,"[""financial_bad""]",2025-12-17,801054.SI,000831.SZ
801223.SI,True,2025-04-28,True,False,False,True,2022-2025,2025-12-18,"[""financial_bad""]",2025-12-17,801223.SI,002115.SZ
801738.SI,True,2025-04-24,True,False,False,True,2022-2025,2025-12-18,"[""financial_bad""]",2025-12-17,801738.SI,002169.SZ
801731.SI,True,2025-04-16,True,False,False,True,2022-2025,2025-12-18,"[""financial_bad""]",2025-12-17,801731.SI,002196.SZ
801072.SI,True,2025-04-26,True,False,False,True,2022-2025,2025-12-18,"[""financial_bad""]",2025-12-17,801072.SI,002342.SZ
801085.SI,True,2025-04-24,True,False,False,True,2022-2025,2025-12-18,"[""financial_bad""]",2025-12-17,801085.SI,002426.SZ
801178.SI,True,2025-04-25,True,False,False,True,2022-2025,2025-12-18,"[""financial_bad""]",2025-12-17,801178.SI,002682.SZ
801764.SI,False,2025-04-28,True,False,False,True,2022-2025,2025-12-18,"[""financial_bad""]",2025-12-17,801764.SI,300043.SZ
801103.SI,True,2025-04-25,True,False,False,True,2022-2025,2025-12-18,"[""financial_bad""]",2025-12-17,801103.SI,300250.SZ
801101.SI,True,2025-04-19,True,False,False,True,2022-2025,2025-12-18,"[""financial_bad""]",2025-12-17,801101.SI,300324.SZ
801055.SI,True,2025-04-22,True,False,False,True,2022-2025,2025-12-18,"[""financial_bad""]",2025-12-17,801055.SI,300328.SZ
801016.SI,False,2025-04-28,True,False,False,True,2022-2025,2025-12-18,"[""financial_bad""]",2025-12-17,801016.SI,300511.SZ
801103.SI,True,2025-04-23,True,False,False,True,2022-2025,2025-12-18,"[""financial_bad""]",2025-12-17,801103.SI,300895.SZ
801738.SI,True,2025-04-15,True,False,False,True,2022-2025,2025-12-18,"[""financial_bad""]",2025-12-17,801738.SI,600192.SH
801085.SI,True,2025-04-12,True,False,False,True,2022-2025,2025-12-18,"[""financial_bad""]",2025-12-17,801085.SI,600203.SH
801082.SI,True,2025-04-23,True,False,False,True,2022-2025,2025-12-18,"[""financial_bad""]",2025-12-17,801104.SI,600288.SH
801096.SI,True,2025-03-29,True,False,False,True,2022-2025,2025-12-18,"[""financial_bad""]",2025-12-17,801096.SI,600418.SH
801181.SI,True,2025-03-22,True,False,False,True,2022-2025,2025-12-18,"[""financial_bad""]",2025-12-17,801181.SI,600748.SH
801101.SI,True,2025-04-29,True,False,False,True,2022-2025,2025-12-18,"[""financial_bad""]",2025-12-17,801745.SI,600855.SH
801995.SI,True,2025-04-26,True,False,False,True,2022-2025,2025-12-18,"[""financial_bad""]",2025-12-17,801995.SI,600996.SH
801104.SI,True,2025-04-12,True,False,False,True,2022-2025,2025-12-18,"[""financial_bad""]",2025-12-17,801104.SI,601519.SH
801103.SI,True,2025-04-22,True,False,False,True,2022-2025,2025-12-18,"[""financial_bad""]",2025-12-17,801103.SI,688039.SH
801156.SI,True,2025-04-23,False,False,True,True,2022-2025,2025-12-18,"[""st""]",2025-12-17,801151.SI,688076.SH
801743.SI,False,2025-04-24,True,False,False,True,2022-2025,2025-12-19,"[""financial_bad""]",2025-12-18,801743.SI,000519.SZ
801103.SI,True,2025-03-29,True,False,False,True,2022-2025,2025-12-19,"[""financial_bad""]",2025-12-18,801103.SI,000555.SZ
801742.SI,True,2025-04-26,True,False,False,True,2022-2025,2025-12-19,"[""financial_bad""]",2025-12-18,801742.SI,000561.SZ
801054.SI,True,2025-04-28,True,False,False,True,2022-2025,2025-12-19,"[""financial_bad""]",2025-12-18,801054.SI,000831.SZ
801722.SI,True,2025-04-22,True,False,False,True,2022-2025,2025-12-19,"[""financial_bad""]",2025-12-18,801722.SI,002163.SZ
801738.SI,True,2025-04-24,True,False,False,True,2022-2025,2025-12-19,"[""financial_bad""]",2025-12-18,801738.SI,002169.SZ
801731.SI,True,2025-04-16,True,False,False,True,2022-2025,2025-12-19,"[""financial_bad""]",2025-12-18,801731.SI,002196.SZ
801072.SI,True,2025-04-26,True,False,False,True,2022-2025,2025-12-19,"[""financial_bad""]",2025-12-18,801072.SI,002342.SZ
801085.SI,True,2025-04-24,True,False,False,True,2022-2025,2025-12-19,"[""financial_bad""]",2025-12-18,801085.SI,002426.SZ
801178.SI,True,2025-04-25,True,False,False,True,2022-2025,2025-12-19,"[""financial_bad""]",2025-12-18,801178.SI,002682.SZ
801764.SI,False,2025-04-28,True,False,False,True,2022-2025,2025-12-19,"[""financial_bad""]",2025-12-18,801764.SI,300043.SZ
801103.SI,True,2025-04-25,True,False,False,True,2022-2025,2025-12-19,"[""financial_bad""]",2025-12-18,801103.SI,300250.SZ
801101.SI,True,2025-04-19,True,False,False,True,2022-2025,2025-12-19,"[""financial_bad""]",2025-12-18,801101.SI,300324.SZ
801055.SI,True,2025-04-22,True,False,False,True,2022-2025,2025-12-19,"[""financial_bad""]",2025-12-18,801055.SI,300328.SZ
801016.SI,False,2025-04-28,True,False,False,True,2022-2025,2025-12-19,"[""financial_bad""]",2025-12-18,801016.SI,300511.SZ
801103.SI,True,2025-04-23,True,False,False,True,2022-2025,2025-12-19,"[""financial_bad""]",2025-12-18,801103.SI,300895.SZ
801743.SI,False,2025-04-29,True,False,False,True,2022-2025,2025-12-19,"[""financial_bad""]",2025-12-18,801743.SI,600184.SH
801738.SI,True,2025-04-15,True,False,False,True,2022-2025,2025-12-19,"[""financial_bad""]",2025-12-18,801738.SI,600192.SH
801082.SI,True,2025-04-23,True,False,False,True,2022-2025,2025-12-19,"[""financial_bad""]",2025-12-18,801104.SI,600288.SH
801096.SI,True,2025-03-29,True,False,False,True,2022-2025,2025-12-19,"[""financial_bad""]",2025-12-18,801096.SI,600418.SH
801074.SI,True,2025-04-26,True,False,False,True,2022-2025,2025-12-19,"[""financial_bad""]",2025-12-18,801074.SI,600501.SH
801181.SI,True,2025-03-22,True,False,False,True,2022-2025,2025-12-19,"[""financial_bad""]",2025-12-18,801181.SI,600748.SH
801101.SI,True,2025-04-29,True,False,False,True,2022-2025,2025-12-19,"[""financial_bad""]",2025-12-18,801745.SI,600855.SH
801104.SI,True,2025-04-12,True,False,False,True,2022-2025,2025-12-19,"[""financial_bad""]",2025-12-18,801104.SI,601519.SH
801103.SI,True,2025-04-22,True,False,False,True,2022-2025,2025-12-19,"[""financial_bad""]",2025-12-18,801103.SI,688039.SH
801153.SI,True,2025-04-30,True,False,False,True,2022-2025,2025-12-19,"[""financial_bad""]",2025-12-18,801153.SI,688068.SH
801156.SI,True,2025-04-23,False,False,True,True,2022-2025,2025-12-19,"[""st""]",2025-12-18,801151.SI,688076.SH
801081.SI,True,2025-04-26,True,False,False,True,2022-2025,2025-12-19,"[""financial_bad""]",2025-12-18,801081.SI,688521.SH
801743.SI,False,2025-04-24,True,False,False,True,2022-2025,2025-12-22,"[""financial_bad""]",2025-12-19,801743.SI,000519.SZ
801103.SI,True,2025-03-29,True,False,False,True,2022-2025,2025-12-22,"[""financial_bad""]",2025-12-19,801103.SI,000555.SZ
801742.SI,True,2025-04-26,True,False,False,True,2022-2025,2025-12-22,"[""financial_bad""]",2025-12-19,801742.SI,000561.SZ
801231.SI,True,2025-04-29,True,False,False,True,2022-2025,2025-12-22,"[""financial_bad""]",2025-12-19,801231.SI,000632.SZ
801054.SI,True,2025-04-28,True,False,False,True,2022-2025,2025-12-22,"[""financial_bad""]",2025-12-19,801054.SI,000831.SZ
801093.SI,True,2025-04-29,True,False,False,True,2022-2025,2025-12-22,"[""financial_bad""]",2025-12-19,801093.SI,000981.SZ
801223.SI,True,2025-04-28,True,False,False,True,2022-2025,2025-12-22,"[""financial_bad""]",2025-12-19,801223.SI,002115.SZ
801738.SI,True,2025-04-24,True,False,False,True,2022-2025,2025-12-22,"[""financial_bad""]",2025-12-19,801738.SI,002169.SZ
801731.SI,True,2025-04-16,True,False,False,True,2022-2025,2025-12-22,"[""financial_bad""]",2025-12-19,801731.SI,002196.SZ
801072.SI,True,2025-04-26,True,False,False,True,2022-2025,2025-12-22,"[""financial_bad""]",2025-12-19,801072.SI,002342.SZ
801085.SI,True,2025-04-24,True,False,False,True,2022-2025,2025-12-22,"[""financial_bad""]",2025-12-19,801085.SI,002426.SZ
801128.SI,True,2025-04-24,True,False,False,True,2022-2025,2025-12-22,"[""financial_bad""]",2025-12-19,801128.SI,002582.SZ
801178.SI,True,2025-04-25,True,False,False,True,2022-2025,2025-12-22,"[""financial_bad""]",2025-12-19,801178.SI,002682.SZ
801764.SI,False,2025-04-28,True,False,False,True,2022-2025,2025-12-22,"[""financial_bad""]",2025-12-19,801764.SI,300043.SZ
801151.SI,True,2025-04-29,True,False,False,True,2022-2025,2025-12-22,"[""financial_bad""]",2025-12-19,801151.SI,300086.SZ
801103.SI,True,2025-04-25,True,False,False,True,2022-2025,2025-12-22,"[""financial_bad""]",2025-12-19,801103.SI,300250.SZ
801101.SI,True,2025-04-19,True,False,False,True,2022-2025,2025-12-22,"[""financial_bad""]",2025-12-19,801101.SI,300324.SZ
801055.SI,True,2025-04-22,True,False,False,True,2022-2025,2025-12-22,"[""financial_bad""]",2025-12-19,801055.SI,300328.SZ
801016.SI,False,2025-04-28,True,False,False,True,2022-2025,2025-12-22,"[""financial_bad""]",2025-12-19,801016.SI,300511.SZ
801151.SI,True,2025-04-25,True,False,False,True,2022-2025,2025-12-22,"[""financial_bad""]",2025-12-19,801151.SI,300723.SZ
801103.SI,True,2025-04-23,True,False,False,True,2022-2025,2025-12-22,"[""financial_bad""]",2025-12-19,801103.SI,300895.SZ
801743.SI,False,2025-04-29,True,False,False,True,2022-2025,2025-12-22,"[""financial_bad""]",2025-12-19,801743.SI,600184.SH
801738.SI,True,2025-04-15,True,False,False,True,2022-2025,2025-12-22,"[""financial_bad""]",2025-12-19,801738.SI,600192.SH
801085.SI,True,2025-04-12,True,False,False,True,2022-2025,2025-12-22,"[""financial_bad""]",2025-12-19,801085.SI,600203.SH
801082.SI,True,2025-04-23,True,False,False,True,2022-2025,2025-12-22,"[""financial_bad""]",2025-12-19,801104.SI,600288.SH
801096.SI,True,2025-03-29,True,False,False,True,2022-2025,2025-12-22,"[""financial_bad""]",2025-12-19,801096.SI,600418.SH
801738.SI,True,2025-04-19,True,False,False,True,2022-2025,2025-12-22,"[""financial_bad""]",2025-12-19,801738.SI,600468.SH
801074.SI,True,2025-04-26,True,False,False,True,2022-2025,2025-12-22,"[""financial_bad""]",2025-12-19,801074.SI,600501.SH
801181.SI,True,2025-03-22,True,False,False,True,2022-2025,2025-12-22,"[""financial_bad""]",2025-12-19,801181.SI,600748.SH
801101.SI,True,2025-04-29,True,False,False,True,2022-2025,2025-12-22,"[""financial_bad""]",2025-12-19,801745.SI,600855.SH
801995.SI,True,2025-04-26,True,False,False,True,2022-2025,2025-12-22,"[""financial_bad""]",2025-12-19,801995.SI,600996.SH
801104.SI,True,2025-04-12,True,False,False,True,2022-2025,2025-12-22,"[""financial_bad""]",2025-12-19,801104.SI,601519.SH
801154.SI,True,2025-04-29,True,False,False,True,2022-2025,2025-12-22,"[""financial_bad""]",2025-12-19,801154.SI,603716.SH
801103.SI,True,2025-04-22,True,False,False,True,2022-2025,2025-12-22,"[""financial_bad""]",2025-12-19,801103.SI,688039.SH
801081.SI,True,2025-04-30,True,False,False,True,2022-2025,2025-12-22,"[""financial_bad""]",2025-12-19,801081.SI,688048.SH
801153.SI,True,2025-04-30,True,False,False,True,2022-2025,2025-12-22,"[""financial_bad""]",2025-12-19,801153.SI,688068.SH
801156.SI,True,2025-04-23,False,False,True,True,2022-2025,2025-12-22,"[""st""]",2025-12-19,801151.SI,688076.SH
801081.SI,True,2025-04-26,True,False,False,True,2022-2025,2025-12-22,"[""financial_bad""]",2025-12-19,801081.SI,688521.SH
801743.SI,False,2025-04-24,True,False,False,True,2022-2025,2025-12-23,"[""financial_bad""]",2025-12-22,801743.SI,000519.SZ
801103.SI,True,2025-03-29,True,False,False,True,2022-2025,2025-12-23,"[""financial_bad""]",2025-12-22,801103.SI,000555.SZ
801742.SI,True,2025-04-26,True,False,False,True,2022-2025,2025-12-23,"[""financial_bad""]",2025-12-22,801742.SI,000561.SZ
801054.SI,True,2025-04-28,True,False,False,True,2022-2025,2025-12-23,"[""financial_bad""]",2025-12-22,801054.SI,000831.SZ
801223.SI,True,2025-04-28,True,False,False,True,2022-2025,2025-12-23,"[""financial_bad""]",2025-12-22,801223.SI,002115.SZ
801731.SI,True,2025-04-16,True,False,False,True,2022-2025,2025-12-23,"[""financial_bad""]",2025-12-22,801731.SI,002196.SZ
801072.SI,True,2025-04-26,True,False,False,True,2022-2025,2025-12-23,"[""financial_bad""]",2025-12-22,801072.SI,002342.SZ
801745.SI,True,2025-04-18,True,False,False,True,2022-2025,2025-12-23,"[""financial_bad""]",2025-12-22,801745.SI,002383.SZ
801085.SI,True,2025-04-24,True,False,False,True,2022-2025,2025-12-23,"[""financial_bad""]",2025-12-22,801085.SI,002426.SZ
801764.SI,False,2025-04-28,True,False,False,True,2022-2025,2025-12-23,"[""financial_bad""]",2025-12-22,801764.SI,300043.SZ
801972.SI,True,2025-04-24,True,False,False,True,2022-2025,2025-12-23,"[""financial_bad""]",2025-12-22,801972.SI,300137.SZ
801103.SI,True,2025-04-25,True,False,False,True,2022-2025,2025-12-23,"[""financial_bad""]",2025-12-22,801103.SI,300250.SZ
801101.SI,True,2025-04-19,True,False,False,True,2022-2025,2025-12-23,"[""financial_bad""]",2025-12-22,801101.SI,300324.SZ
801055.SI,True,2025-04-22,True,False,False,True,2022-2025,2025-12-23,"[""financial_bad""]",2025-12-22,801055.SI,300328.SZ
801016.SI,False,2025-04-28,True,False,False,True,2022-2025,2025-12-23,"[""financial_bad""]",2025-12-22,801016.SI,300511.SZ
801151.SI,True,2025-04-25,True,False,False,True,2022-2025,2025-12-23,"[""financial_bad""]",2025-12-22,801151.SI,300723.SZ
801103.SI,True,2025-04-23,True,False,False,True,2022-2025,2025-12-23,"[""financial_bad""]",2025-12-22,801103.SI,300895.SZ
801743.SI,False,2025-04-29,True,False,False,True,2022-2025,2025-12-23,"[""financial_bad""]",2025-12-22,801743.SI,600184.SH
801738.SI,True,2025-04-15,True,False,False,True,2022-2025,2025-12-23,"[""financial_bad""]",2025-12-22,801738.SI,600192.SH
801085.SI,True,2025-04-12,True,False,False,True,2022-2025,2025-12-23,"[""financial_bad""]",2025-12-22,801085.SI,600203.SH
801082.SI,True,2025-04-23,True,False,False,True,2022-2025,2025-12-23,"[""financial_bad""]",2025-12-22,801104.SI,600288.SH
801096.SI,True,2025-03-29,True,False,False,True,2022-2025,2025-12-23,"[""financial_bad""]",2025-12-22,801096.SI,600418.SH
801738.SI,True,2025-04-19,True,False,False,True,2022-2025,2025-12-23,"[""financial_bad""]",2025-12-22,801738.SI,600468.SH
801074.SI,True,2025-04-26,True,False,False,True,2022-2025,2025-12-23,"[""financial_bad""]",2025-12-22,801074.SI,600501.SH
801181.SI,True,2025-03-22,True,False,False,True,2022-2025,2025-12-23,"[""financial_bad""]",2025-12-22,801181.SI,600748.SH
801101.SI,True,2025-04-29,True,False,False,True,2022-2025,2025-12-23,"[""financial_bad""]",2025-12-22,801745.SI,600855.SH
801995.SI,True,2025-04-26,True,False,False,True,2022-2025,2025-12-23,"[""financial_bad""]",2025-12-22,801995.SI,600996.SH
801074.SI,True,2025-04-30,True,False,False,True,2022-2025,2025-12-23,"[""financial_bad""]",2025-12-22,801074.SI,601106.SH
801104.SI,True,2025-04-12,True,False,False,True,2022-2025,2025-12-23,"[""financial_bad""]",2025-12-22,801104.SI,601519.SH
801154.SI,True,2025-04-29,True,False,False,True,2022-2025,2025-12-23,"[""financial_bad""]",2025-12-22,801154.SI,603716.SH
801103.SI,True,2025-04-22,True,False,False,True,2022-2025,2025-12-23,"[""financial_bad""]",2025-12-22,801103.SI,688039.SH
801153.SI,True,2025-04-30,True,False,False,True,2022-2025,2025-12-23,"[""financial_bad""]",2025-12-22,801153.SI,688068.SH
801156.SI,True,2025-04-23,False,False,True,True,2022-2025,2025-12-23,"[""st""]",2025-12-22,801151.SI,688076.SH
801081.SI,True,2025-04-26,True,False,False,True,2022-2025,2025-12-23,"[""financial_bad""]",2025-12-22,801081.SI,688521.SH
801743.SI,False,2025-04-24,True,False,False,True,2022-2025,2025-12-24,"[""financial_bad""]",2025-12-23,801743.SI,000519.SZ
801103.SI,True,2025-03-29,True,False,False,True,2022-2025,2025-12-24,"[""financial_bad""]",2025-12-23,801103.SI,000555.SZ
801742.SI,True,2025-04-26,True,False,False,True,2022-2025,2025-12-24,"[""financial_bad""]",2025-12-23,801742.SI,000561.SZ
801054.SI,True,2025-04-28,True,False,False,True,2022-2025,2025-12-24,"[""financial_bad""]",2025-12-23,801054.SI,000831.SZ
801093.SI,True,2025-04-29,True,False,False,True,2022-2025,2025-12-24,"[""financial_bad""]",2025-12-23,801093.SI,000981.SZ
801731.SI,True,2025-04-16,True,False,False,True,2022-2025,2025-12-24,"[""financial_bad""]",2025-12-23,801731.SI,002196.SZ
801072.SI,True,2025-04-26,True,False,False,True,2022-2025,2025-12-24,"[""financial_bad""]",2025-12-23,801072.SI,002342.SZ
801085.SI,True,2025-04-24,True,False,False,True,2022-2025,2025-12-24,"[""financial_bad""]",2025-12-23,801085.SI,002426.SZ
801128.SI,True,2025-04-24,True,False,False,True,2022-2025,2025-12-24,"[""financial_bad""]",2025-12-23,801128.SI,002582.SZ
801764.SI,False,2025-04-28,True,False,False,True,2022-2025,2025-12-24,"[""financial_bad""]",2025-12-23,801764.SI,300043.SZ
801103.SI,True,2025-04-25,True,False,False,True,2022-2025,2025-12-24,"[""financial_bad""]",2025-12-23,801103.SI,300250.SZ
801101.SI,True,2025-04-19,True,False,False,True,2022-2025,2025-12-24,"[""financial_bad""]",2025-12-23,801101.SI,300324.SZ
801055.SI,True,2025-04-22,True,False,False,True,2022-2025,2025-12-24,"[""financial_bad""]",2025-12-23,801055.SI,300328.SZ
801016.SI,True,2025-04-28,True,False,False,True,2022-2025,2025-12-24,"[""financial_bad""]",2025-12-23,801016.SI,300511.SZ
801151.SI,True,2025-04-25,True,False,False,True,2022-2025,2025-12-24,"[""financial_bad""]",2025-12-23,801151.SI,300723.SZ
801151.SI,True,2025-03-21,True,False,False,True,2022-2025,2025-12-24,"[""financial_bad""]",2025-12-23,801151.SI,300765.SZ
801103.SI,True,2025-04-23,True,False,False,True,2022-2025,2025-12-24,"[""financial_bad""]",2025-12-23,801103.SI,300895.SZ
801743.SI,False,2025-04-29,True,False,False,True,2022-2025,2025-12-24,"[""financial_bad""]",2025-12-23,801743.SI,600184.SH
801082.SI,True,2025-04-23,True,False,False,True,2022-2025,2025-12-24,"[""financial_bad""]",2025-12-23,801104.SI,600288.SH
801096.SI,True,2025-03-29,True,False,False,True,2022-2025,2025-12-24,"[""financial_bad""]",2025-12-23,801096.SI,600418.SH
801738.SI,True,2025-04-19,True,False,False,True,2022-2025,2025-12-24,"[""financial_bad""]",2025-12-23,801738.SI,600468.SH
801074.SI,True,2025-04-26,True,False,False,True,2022-2025,2025-12-24,"[""financial_bad""]",2025-12-23,801074.SI,600501.SH
801181.SI,True,2025-03-22,True,False,False,True,2022-2025,2025-12-24,"[""financial_bad""]",2025-12-23,801181.SI,600748.SH
801995.SI,True,2025-04-26,True,False,False,True,2022-2025,2025-12-24,"[""financial_bad""]",2025-12-23,801995.SI,600996.SH
801104.SI,True,2025-04-12,True,False,False,True,2022-2025,2025-12-24,"[""financial_bad""]",2025-12-23,801104.SI,601519.SH
801103.SI,True,2025-04-22,True,False,False,True,2022-2025,2025-12-24,"[""financial_bad""]",2025-12-23,801103.SI,688039.SH
801153.SI,True,2025-04-30,True,False,False,True,2022-2025,2025-12-24,"[""financial_bad""]",2025-12-23,801153.SI,688068.SH
801156.SI,True,2025-04-23,False,False,True,True,2022-2025,2025-12-24,"[""st""]",2025-12-23,801151.SI,688076.SH
801743.SI,False,2025-04-24,True,False,False,True,2022-2025,2025-12-25,"[""financial_bad""]",2025-12-24,801743.SI,000519.SZ
801103.SI,True,2025-03-29,True,False,False,True,2022-2025,2025-12-25,"[""financial_bad""]",2025-12-24,801103.SI,000555.SZ
801742.SI,True,2025-04-26,True,False,False,True,2022-2025,2025-12-25,"[""financial_bad""]",2025-12-24,801742.SI,000561.SZ
801231.SI,True,2025-04-29,True,False,False,True,2022-2025,2025-12-25,"[""financial_bad""]",2025-12-24,801231.SI,000632.SZ
801054.SI,True,2025-04-28,True,False,False,True,2022-2025,2025-12-25,"[""financial_bad""]",2025-12-24,801054.SI,000831.SZ
801093.SI,True,2025-04-29,True,False,False,True,2022-2025,2025-12-25,"[""financial_bad""]",2025-12-24,801093.SI,000981.SZ
801223.SI,False,2025-04-28,True,False,False,True,2022-2025,2025-12-25,"[""financial_bad""]",2025-12-24,801223.SI,002115.SZ
801731.SI,True,2025-04-16,True,False,False,True,2022-2025,2025-12-25,"[""financial_bad""]",2025-12-24,801731.SI,002196.SZ
801724.SI,True,2025-04-25,True,False,False,True,2022-2025,2025-12-25,"[""financial_bad""]",2025-12-24,801104.SI,002298.SZ
801072.SI,True,2025-04-26,True,False,False,True,2022-2025,2025-12-25,"[""financial_bad""]",2025-12-24,801072.SI,002342.SZ
801128.SI,True,2025-04-24,True,False,False,True,2022-2025,2025-12-25,"[""financial_bad""]",2025-12-24,801128.SI,002582.SZ
801764.SI,False,2025-04-28,True,False,False,True,2022-2025,2025-12-25,"[""financial_bad""]",2025-12-24,801764.SI,300043.SZ
801074.SI,True,2025-04-29,True,False,False,True,2022-2025,2025-12-25,"[""financial_bad""]",2025-12-24,801074.SI,300084.SZ
801103.SI,True,2025-04-25,True,False,False,True,2022-2025,2025-12-25,"[""financial_bad""]",2025-12-24,801103.SI,300250.SZ
801101.SI,True,2025-04-19,True,False,False,True,2022-2025,2025-12-25,"[""financial_bad""]",2025-12-24,801101.SI,300324.SZ
801016.SI,True,2025-04-28,True,False,False,True,2022-2025,2025-12-25,"[""financial_bad""]",2025-12-24,801016.SI,300511.SZ
801742.SI,True,2025-04-29,True,False,False,True,2022-2025,2025-12-25,"[""financial_bad""]",2025-12-24,801742.SI,300581.SZ
801151.SI,True,2025-03-21,True,False,False,True,2022-2025,2025-12-25,"[""financial_bad""]",2025-12-24,801151.SI,300765.SZ
801103.SI,True,2025-04-23,True,False,False,True,2022-2025,2025-12-25,"[""financial_bad""]",2025-12-24,801103.SI,300895.SZ
801085.SI,True,2025-04-12,True,False,False,True,2022-2025,2025-12-25,"[""financial_bad""]",2025-12-24,801085.SI,600203.SH
801082.SI,True,2025-04-23,True,False,False,True,2022-2025,2025-12-25,"[""financial_bad""]",2025-12-24,801104.SI,600288.SH
801096.SI,True,2025-03-29,True,False,False,True,2022-2025,2025-12-25,"[""financial_bad""]",2025-12-24,801096.SI,600418.SH
801738.SI,True,2025-04-19,True,False,False,True,2022-2025,2025-12-25,"[""financial_bad""]",2025-12-24,801738.SI,600468.SH
801074.SI,True,2025-04-26,True,False,False,True,2022-2025,2025-12-25,"[""financial_bad""]",2025-12-24,801074.SI,600501.SH
801181.SI,True,2025-03-22,True,False,False,True,2022-2025,2025-12-25,"[""financial_bad""]",2025-12-24,801181.SI,600748.SH
801101.SI,True,2025-04-29,True,False,False,True,2022-2025,2025-12-25,"[""financial_bad""]",2025-12-24,801745.SI,600855.SH
801995.SI,True,2025-04-26,True,False,False,True,2022-2025,2025-12-25,"[""financial_bad""]",2025-12-24,801995.SI,600996.SH
801104.SI,True,2025-04-12,True,False,False,True,2022-2025,2025-12-25,"[""financial_bad""]",2025-12-24,801104.SI,601519.SH
801103.SI,True,2025-04-22,True,False,False,True,2022-2025,2025-12-25,"[""financial_bad""]",2025-12-24,801103.SI,688039.SH
801081.SI,True,2025-04-30,True,False,False,True,2022-2025,2025-12-25,"[""financial_bad""]",2025-12-24,801081.SI,688048.SH
801153.SI,True,2025-04-30,True,False,False,True,2022-2025,2025-12-25,"[""financial_bad""]",2025-12-24,801153.SI,688068.SH
801156.SI,True,2025-04-23,False,False,True,True,2022-2025,2025-12-25,"[""st""]",2025-12-24,801151.SI,688076.SH
801743.SI,False,2025-04-24,True,False,False,True,2022-2025,2025-12-26,"[""financial_bad""]",2025-12-25,801743.SI,000519.SZ
801103.SI,True,2025-03-29,True,False,False,True,2022-2025,2025-12-26,"[""financial_bad""]",2025-12-25,801103.SI,000555.SZ
801231.SI,True,2025-04-29,True,False,False,True,2022-2025,2025-12-26,"[""financial_bad""]",2025-12-25,801231.SI,000632.SZ
801054.SI,True,2025-04-28,True,False,False,True,2022-2025,2025-12-26,"[""financial_bad""]",2025-12-25,801054.SI,000831.SZ
801093.SI,True,2025-04-29,True,False,False,True,2022-2025,2025-12-26,"[""financial_bad""]",2025-12-25,801093.SI,000981.SZ
801074.SI,True,2025-04-25,True,False,False,True,2022-2025,2025-12-26,"[""financial_bad""]",2025-12-25,801074.SI,002009.SZ
801223.SI,False,2025-04-28,True,False,False,True,2022-2025,2025-12-26,"[""financial_bad""]",2025-12-25,801223.SI,002115.SZ
801731.SI,True,2025-04-16,True,False,False,True,2022-2025,2025-12-26,"[""financial_bad""]",2025-12-25,801731.SI,002196.SZ
801724.SI,True,2025-04-25,True,False,False,True,2022-2025,2025-12-26,"[""financial_bad""]",2025-12-25,801104.SI,002298.SZ
801178.SI,True,2025-04-25,True,False,False,True,2022-2025,2025-12-26,"[""financial_bad""]",2025-12-25,801178.SI,002682.SZ
801764.SI,False,2025-04-28,True,False,False,True,2022-2025,2025-12-26,"[""financial_bad""]",2025-12-25,801764.SI,300043.SZ
801074.SI,True,2025-04-29,True,False,False,True,2022-2025,2025-12-26,"[""financial_bad""]",2025-12-25,801074.SI,300084.SZ
801151.SI,True,2025-04-29,True,False,False,True,2022-2025,2025-12-26,"[""financial_bad""]",2025-12-25,801151.SI,300086.SZ
801972.SI,True,2025-04-24,True,False,False,True,2022-2025,2025-12-26,"[""financial_bad""]",2025-12-25,801972.SI,300137.SZ
801103.SI,True,2025-04-25,True,False,False,True,2022-2025,2025-12-26,"[""financial_bad""]",2025-12-25,801103.SI,300250.SZ
801101.SI,True,2025-04-19,True,False,False,True,2022-2025,2025-12-26,"[""financial_bad""]",2025-12-25,801101.SI,300324.SZ
801016.SI,True,2025-04-28,True,False,False,True,2022-2025,2025-12-26,"[""financial_bad""]",2025-12-25,801016.SI,300511.SZ
801742.SI,True,2025-04-29,True,False,False,True,2022-2025,2025-12-26,"[""financial_bad""]",2025-12-25,801742.SI,300581.SZ
801151.SI,True,2025-04-25,True,False,False,True,2022-2025,2025-12-26,"[""financial_bad""]",2025-12-25,801151.SI,300723.SZ
801151.SI,True,2025-03-21,True,False,False,True,2022-2025,2025-12-26,"[""financial_bad""]",2025-12-25,801151.SI,300765.SZ
801103.SI,True,2025-04-23,True,False,False,True,2022-2025,2025-12-26,"[""financial_bad""]",2025-12-25,801103.SI,300895.SZ
801738.SI,True,2025-04-15,True,False,False,True,2022-2025,2025-12-26,"[""financial_bad""]",2025-12-25,801738.SI,600192.SH
801085.SI,True,2025-04-12,True,False,False,True,2022-2025,2025-12-26,"[""financial_bad""]",2025-12-25,801085.SI,600203.SH
801082.SI,True,2025-04-23,True,False,False,True,2022-2025,2025-12-26,"[""financial_bad""]",2025-12-25,801104.SI,600288.SH
801096.SI,True,2025-03-29,True,False,False,True,2022-2025,2025-12-26,"[""financial_bad""]",2025-12-25,801096.SI,600418.SH
801738.SI,True,2025-04-19,True,False,False,True,2022-2025,2025-12-26,"[""financial_bad""]",2025-12-25,801738.SI,600468.SH
801074.SI,True,2025-04-26,True,False,False,True,2022-2025,2025-12-26,"[""financial_bad""]",2025-12-25,801074.SI,600501.SH
801181.SI,True,2025-03-22,True,False,False,True,2022-2025,2025-12-26,"[""financial_bad""]",2025-12-25,801181.SI,600748.SH
801101.SI,True,2025-04-29,True,False,False,True,2022-2025,2025-12-26,"[""financial_bad""]",2025-12-25,801745.SI,600855.SH
801995.SI,True,2025-04-26,True,False,False,True,2022-2025,2025-12-26,"[""financial_bad""]",2025-12-25,801995.SI,600996.SH
801104.SI,True,2025-04-12,True,False,False,True,2022-2025,2025-12-26,"[""financial_bad""]",2025-12-25,801104.SI,601519.SH
801154.SI,True,2025-04-29,True,False,False,True,2022-2025,2025-12-26,"[""financial_bad""]",2025-12-25,801154.SI,603716.SH
801103.SI,True,2025-04-22,True,False,False,True,2022-2025,2025-12-26,"[""financial_bad""]",2025-12-25,801103.SI,688039.SH
801153.SI,True,2025-04-30,True,False,False,True,2022-2025,2025-12-26,"[""financial_bad""]",2025-12-25,801153.SI,688068.SH
801156.SI,True,2025-04-23,False,False,True,True,2022-2025,2025-12-26,"[""st""]",2025-12-25,801151.SI,688076.SH
801081.SI,True,2025-04-26,True,False,False,True,2022-2025,2025-12-26,"[""financial_bad""]",2025-12-25,801081.SI,688521.SH
801078.SI,True,2025-04-30,True,False,False,True,2022-2025,2025-12-26,"[""financial_bad""]",2025-12-25,801078.SI,688559.SH
801743.SI,False,2025-04-24,True,False,False,True,2022-2025,2025-12-29,"[""financial_bad""]",2025-12-26,801743.SI,000519.SZ
801231.SI,True,2025-04-29,True,False,False,True,2022-2025,2025-12-29,"[""financial_bad""]",2025-12-26,801231.SI,000632.SZ
801054.SI,True,2025-04-28,True,False,False,True,2022-2025,2025-12-29,"[""financial_bad""]",2025-12-26,801054.SI,000831.SZ
801093.SI,True,2025-04-29,True,False,False,True,2022-2025,2025-12-29,"[""financial_bad""]",2025-12-26,801093.SI,000981.SZ
801223.SI,False,2025-04-28,True,False,False,True,2022-2025,2025-12-29,"[""financial_bad""]",2025-12-26,801223.SI,002115.SZ
801731.SI,True,2025-04-16,True,False,False,True,2022-2025,2025-12-29,"[""financial_bad""]",2025-12-26,801731.SI,002196.SZ
801724.SI,True,2025-04-25,True,False,False,True,2022-2025,2025-12-29,"[""financial_bad""]",2025-12-26,801104.SI,002298.SZ
801178.SI,True,2025-04-25,True,False,False,True,2022-2025,2025-12-29,"[""financial_bad""]",2025-12-26,801178.SI,002682.SZ
801764.SI,False,2025-04-28,True,False,False,True,2022-2025,2025-12-29,"[""financial_bad""]",2025-12-26,801764.SI,300043.SZ
801074.SI,True,2025-04-29,True,False,False,True,2022-2025,2025-12-29,"[""financial_bad""]",2025-12-26,801074.SI,300084.SZ
801972.SI,True,2025-04-24,True,False,False,True,2022-2025,2025-12-29,"[""financial_bad""]",2025-12-26,801972.SI,300137.SZ
801103.SI,True,2025-04-25,True,False,False,True,2022-2025,2025-12-29,"[""financial_bad""]",2025-12-26,801103.SI,300250.SZ
801101.SI,True,2025-04-19,True,False,False,True,2022-2025,2025-12-29,"[""financial_bad""]",2025-12-26,801101.SI,300324.SZ
801016.SI,True,2025-04-28,True,False,False,True,2022-2025,2025-12-29,"[""financial_bad""]",2025-12-26,801016.SI,300511.SZ
801742.SI,True,2025-04-29,True,False,False,True,2022-2025,2025-12-29,"[""financial_bad""]",2025-12-26,801742.SI,300581.SZ
801103.SI,True,2025-04-23,True,False,False,True,2022-2025,2025-12-29,"[""financial_bad""]",2025-12-26,801103.SI,300895.SZ
801738.SI,True,2025-04-15,True,False,False,True,2022-2025,2025-12-29,"[""financial_bad""]",2025-12-26,801738.SI,600192.SH
801085.SI,True,2025-04-12,True,False,False,True,2022-2025,2025-12-29,"[""financial_bad""]",2025-12-26,801085.SI,600203.SH
801082.SI,True,2025-04-23,True,False,False,True,2022-2025,2025-12-29,"[""financial_bad""]",2025-12-26,801104.SI,600288.SH
801096.SI,True,2025-03-29,True,False,False,True,2022-2025,2025-12-29,"[""financial_bad""]",2025-12-26,801096.SI,600418.SH
801738.SI,True,2025-04-19,True,False,False,True,2022-2025,2025-12-29,"[""financial_bad""]",2025-12-26,801738.SI,600468.SH
801074.SI,True,2025-04-26,True,False,False,True,2022-2025,2025-12-29,"[""financial_bad""]",2025-12-26,801074.SI,600501.SH
801181.SI,True,2025-03-22,True,False,False,True,2022-2025,2025-12-29,"[""financial_bad""]",2025-12-26,801181.SI,600748.SH
801101.SI,True,2025-04-29,True,False,False,True,2022-2025,2025-12-29,"[""financial_bad""]",2025-12-26,801745.SI,600855.SH
801995.SI,True,2025-04-26,True,False,False,True,2022-2025,2025-12-29,"[""financial_bad""]",2025-12-26,801995.SI,600996.SH
801104.SI,True,2025-04-12,True,False,False,True,2022-2025,2025-12-29,"[""financial_bad""]",2025-12-26,801104.SI,601519.SH
801104.SI,True,2025-04-30,True,False,False,True,2022-2025,2025-12-29,"[""financial_bad""]",2025-12-26,801104.SI,603990.SH
801103.SI,True,2025-04-22,True,False,False,True,2022-2025,2025-12-29,"[""financial_bad""]",2025-12-26,801103.SI,688039.SH
801153.SI,True,2025-04-30,True,False,False,True,2022-2025,2025-12-29,"[""financial_bad""]",2025-12-26,801153.SI,688068.SH
801156.SI,True,2025-04-23,False,False,True,True,2022-2025,2025-12-29,"[""st""]",2025-12-26,801151.SI,688076.SH
801103.SI,True,2025-04-19,True,False,False,True,2022-2025,2025-12-29,"[""financial_bad""]",2025-12-26,801103.SI,688158.SH
801081.SI,True,2025-04-26,True,False,False,True,2022-2025,2025-12-29,"[""financial_bad""]",2025-12-26,801081.SI,688521.SH
801078.SI,True,2025-04-30,True,False,False,True,2022-2025,2025-12-29,"[""financial_bad""]",2025-12-26,801078.SI,688559.SH
801743.SI,False,2025-04-24,True,False,False,True,2022-2025,2025-12-30,"[""financial_bad""]",2025-12-29,801743.SI,000519.SZ
801054.SI,True,2025-04-28,True,False,False,True,2022-2025,2025-12-30,"[""financial_bad""]",2025-12-29,801054.SI,000831.SZ
801223.SI,False,2025-04-28,True,False,False,True,2022-2025,2025-12-30,"[""financial_bad""]",2025-12-29,801223.SI,002115.SZ
801745.SI,True,2025-03-27,True,False,False,True,2022-2025,2025-12-30,"[""financial_bad""]",2025-12-29,801745.SI,002151.SZ
801724.SI,True,2025-04-25,True,False,False,True,2022-2025,2025-12-30,"[""financial_bad""]",2025-12-29,801104.SI,002298.SZ
801178.SI,True,2025-04-25,True,False,False,True,2022-2025,2025-12-30,"[""financial_bad""]",2025-12-29,801178.SI,002682.SZ
801124.SI,False,2025-04-26,True,False,False,True,2022-2025,2025-12-30,"[""financial_bad""]",2025-12-29,801124.SI,002702.SZ
801764.SI,False,2025-04-28,True,False,False,True,2022-2025,2025-12-30,"[""financial_bad""]",2025-12-29,801764.SI,300043.SZ
801074.SI,True,2025-04-29,True,False,False,True,2022-2025,2025-12-30,"[""financial_bad""]",2025-12-29,801074.SI,300084.SZ
801151.SI,True,2025-04-29,True,False,False,True,2022-2025,2025-12-30,"[""financial_bad""]",2025-12-29,801151.SI,300086.SZ
801972.SI,True,2025-04-24,True,False,False,True,2022-2025,2025-12-30,"[""financial_bad""]",2025-12-29,801972.SI,300137.SZ
801103.SI,True,2025-04-25,True,False,False,True,2022-2025,2025-12-30,"[""financial_bad""]",2025-12-29,801103.SI,300250.SZ
801101.SI,True,2025-04-19,True,False,False,True,2022-2025,2025-12-30,"[""financial_bad""]",2025-12-29,801101.SI,300324.SZ
801016.SI,True,2025-04-28,True,False,False,True,2022-2025,2025-12-30,"[""financial_bad""]",2025-12-29,801016.SI,300511.SZ
801101.SI,True,2025-04-26,True,False,False,True,2022-2025,2025-12-30,"[""financial_bad""]",2025-12-29,801101.SI,300531.SZ
801742.SI,True,2025-04-29,True,False,False,True,2022-2025,2025-12-30,"[""financial_bad""]",2025-12-29,801742.SI,300581.SZ
801103.SI,True,2025-04-23,True,False,False,True,2022-2025,2025-12-30,"[""financial_bad""]",2025-12-29,801103.SI,300895.SZ
801738.SI,True,2025-04-15,True,False,False,True,2022-2025,2025-12-30,"[""financial_bad""]",2025-12-29,801738.SI,600192.SH
801085.SI,True,2025-04-12,True,False,False,True,2022-2025,2025-12-30,"[""financial_bad""]",2025-12-29,801085.SI,600203.SH
801082.SI,True,2025-04-23,True,False,False,True,2022-2025,2025-12-30,"[""financial_bad""]",2025-12-29,801104.SI,600288.SH
801096.SI,True,2025-03-29,True,False,False,True,2022-2025,2025-12-30,"[""financial_bad""]",2025-12-29,801096.SI,600418.SH
801074.SI,True,2025-04-26,True,False,False,True,2022-2025,2025-12-30,"[""financial_bad""]",2025-12-29,801074.SI,600501.SH
801181.SI,True,2025-03-22,True,False,False,True,2022-2025,2025-12-30,"[""financial_bad""]",2025-12-29,801181.SI,600748.SH
801101.SI,True,2025-04-29,True,False,False,True,2022-2025,2025-12-30,"[""financial_bad""]",2025-12-29,801745.SI,600855.SH
801995.SI,True,2025-04-26,True,False,False,True,2022-2025,2025-12-30,"[""financial_bad""]",2025-12-29,801995.SI,600996.SH
801104.SI,True,2025-04-12,True,False,False,True,2022-2025,2025-12-30,"[""financial_bad""]",2025-12-29,801104.SI,601519.SH
801203.SI,True,2025-04-30,True,False,False,True,2022-2025,2025-12-30,"[""financial_bad""]",2025-12-29,801203.SI,603123.SH
801103.SI,True,2025-04-22,True,False,False,True,2022-2025,2025-12-30,"[""financial_bad""]",2025-12-29,801103.SI,688039.SH
801081.SI,True,2025-04-30,True,False,False,True,2022-2025,2025-12-30,"[""financial_bad""]",2025-12-29,801081.SI,688048.SH
801153.SI,True,2025-04-30,True,False,False,True,2022-2025,2025-12-30,"[""financial_bad""]",2025-12-29,801153.SI,688068.SH
801156.SI,True,2025-04-23,False,False,True,True,2022-2025,2025-12-30,"[""st""]",2025-12-29,801151.SI,688076.SH
801103.SI,True,2025-04-19,True,False,False,True,2022-2025,2025-12-30,"[""financial_bad""]",2025-12-29,801103.SI,688158.SH
801078.SI,True,2025-04-30,True,False,False,True,2022-2025,2025-12-30,"[""financial_bad""]",2025-12-29,801078.SI,688559.SH
801074.SI,True,2025-04-26,True,False,False,True,2022-2025,2025-12-30,"[""financial_bad""]",2025-12-29,801074.SI,920284.BJ
801743.SI,False,2025-04-24,True,False,False,True,2022-2025,2025-12-31,"[""financial_bad""]",2025-12-30,801743.SI,000519.SZ
801103.SI,True,2025-03-29,True,False,False,True,2022-2025,2025-12-31,"[""financial_bad""]",2025-12-30,801103.SI,000555.SZ
801054.SI,True,2025-04-28,True,False,False,True,2022-2025,2025-12-31,"[""financial_bad""]",2025-12-30,801054.SI,000831.SZ
801223.SI,False,2025-04-28,True,False,False,True,2022-2025,2025-12-31,"[""financial_bad""]",2025-12-30,801223.SI,002115.SZ
801745.SI,True,2025-03-27,True,False,False,True,2022-2025,2025-12-31,"[""financial_bad""]",2025-12-30,801745.SI,002151.SZ
801724.SI,True,2025-04-25,True,False,False,True,2022-2025,2025-12-31,"[""financial_bad""]",2025-12-30,801104.SI,002298.SZ
801128.SI,True,2025-04-24,True,False,False,True,2022-2025,2025-12-31,"[""financial_bad""]",2025-12-30,801128.SI,002582.SZ
801178.SI,True,2025-04-25,True,False,False,True,2022-2025,2025-12-31,"[""financial_bad""]",2025-12-30,801178.SI,002682.SZ
801124.SI,False,2025-04-26,True,False,False,True,2022-2025,2025-12-31,"[""financial_bad""]",2025-12-30,801124.SI,002702.SZ
801764.SI,False,2025-04-28,True,False,False,True,2022-2025,2025-12-31,"[""financial_bad""]",2025-12-30,801764.SI,300043.SZ
801074.SI,True,2025-04-29,True,False,False,True,2022-2025,2025-12-31,"[""financial_bad""]",2025-12-30,801074.SI,300084.SZ
801151.SI,True,2025-04-29,True,False,False,True,2022-2025,2025-12-31,"[""financial_bad""]",2025-12-30,801151.SI,300086.SZ
801972.SI,True,2025-04-24,True,False,False,True,2022-2025,2025-12-31,"[""financial_bad""]",2025-12-30,801972.SI,300137.SZ
801103.SI,True,2025-04-25,True,False,False,True,2022-2025,2025-12-31,"[""financial_bad""]",2025-12-30,801103.SI,300250.SZ
801101.SI,True,2025-04-19,True,False,False,True,2022-2025,2025-12-31,"[""financial_bad""]",2025-12-30,801101.SI,300324.SZ
801016.SI,True,2025-04-28,True,False,False,True,2022-2025,2025-12-31,"[""financial_bad""]",2025-12-30,801016.SI,300511.SZ
801101.SI,True,2025-04-26,True,False,False,True,2022-2025,2025-12-31,"[""financial_bad""]",2025-12-30,801101.SI,300531.SZ
801742.SI,True,2025-04-29,True,False,False,True,2022-2025,2025-12-31,"[""financial_bad""]",2025-12-30,801742.SI,300581.SZ
801103.SI,True,2025-04-23,True,False,False,True,2022-2025,2025-12-31,"[""financial_bad""]",2025-12-30,801103.SI,300895.SZ
801738.SI,True,2025-04-15,True,False,False,True,2022-2025,2025-12-31,"[""financial_bad""]",2025-12-30,801738.SI,600192.SH
801085.SI,True,2025-04-12,True,False,False,True,2022-2025,2025-12-31,"[""financial_bad""]",2025-12-30,801085.SI,600203.SH
801082.SI,True,2025-04-23,True,False,False,True,2022-2025,2025-12-31,"[""financial_bad""]",2025-12-30,801104.SI,600288.SH
801096.SI,True,2025-03-29,True,False,False,True,2022-2025,2025-12-31,"[""financial_bad""]",2025-12-30,801096.SI,600418.SH
801738.SI,True,2025-04-19,True,False,False,True,2022-2025,2025-12-31,"[""financial_bad""]",2025-12-30,801738.SI,600468.SH
801181.SI,True,2025-03-22,True,False,False,True,2022-2025,2025-12-31,"[""financial_bad""]",2025-12-30,801181.SI,600748.SH
801101.SI,True,2025-04-29,True,False,False,True,2022-2025,2025-12-31,"[""financial_bad""]",2025-12-30,801745.SI,600855.SH
801104.SI,True,2025-04-12,True,False,False,True,2022-2025,2025-12-31,"[""financial_bad""]",2025-12-30,801104.SI,601519.SH
801203.SI,True,2025-04-30,True,False,False,True,2022-2025,2025-12-31,"[""financial_bad""]",2025-12-30,801203.SI,603123.SH
801103.SI,True,2025-04-22,True,False,False,True,2022-2025,2025-12-31,"[""financial_bad""]",2025-12-30,801103.SI,688039.SH
801081.SI,True,2025-04-30,True,False,False,True,2022-2025,2025-12-31,"[""financial_bad""]",2025-12-30,801081.SI,688048.SH
801153.SI,True,2025-04-30,True,False,False,True,2022-2025,2025-12-31,"[""financial_bad""]",2025-12-30,801153.SI,688068.SH
801156.SI,True,2025-04-23,False,False,True,True,2022-2025,2025-12-31,"[""st""]",2025-12-30,801151.SI,688076.SH
801103.SI,True,2025-04-19,True,False,False,True,2022-2025,2025-12-31,"[""financial_bad""]",2025-12-30,801103.SI,688158.SH
801078.SI,True,2025-04-30,True,False,False,True,2022-2025,2025-12-31,"[""financial_bad""]",2025-12-30,801078.SI,688559.SH
801074.SI,True,2025-04-26,True,False,False,True,2022-2025,2025-12-31,"[""financial_bad""]",2025-12-30,801074.SI,920284.BJ
801054.SI,True,2025-04-28,True,False,False,True,2022-2025,,"[""financial_bad""]",2025-12-31,801054.SI,000831.SZ
801128.SI,True,2025-04-24,True,False,False,True,2022-2025,,"[""financial_bad""]",2025-12-31,801128.SI,002582.SZ
801124.SI,False,2025-04-26,True,False,False,True,2022-2025,,"[""financial_bad""]",2025-12-31,801124.SI,002702.SZ
801764.SI,False,2025-04-28,True,False,False,True,2022-2025,,"[""financial_bad""]",2025-12-31,801764.SI,300043.SZ
801074.SI,True,2025-04-29,True,False,False,True,2022-2025,,"[""financial_bad""]",2025-12-31,801074.SI,300084.SZ
801151.SI,True,2025-04-29,True,False,False,True,2022-2025,,"[""financial_bad""]",2025-12-31,801151.SI,300086.SZ
801972.SI,True,2025-04-24,True,False,False,True,2022-2025,,"[""financial_bad""]",2025-12-31,801972.SI,300137.SZ
801103.SI,True,2025-04-25,True,False,False,True,2022-2025,,"[""financial_bad""]",2025-12-31,801103.SI,300250.SZ
801101.SI,True,2025-04-19,True,False,False,True,2022-2025,,"[""financial_bad""]",2025-12-31,801101.SI,300324.SZ
801016.SI,True,2025-04-28,True,False,False,True,2022-2025,,"[""financial_bad""]",2025-12-31,801016.SI,300511.SZ
801742.SI,True,2025-04-29,True,False,False,True,2022-2025,,"[""financial_bad""]",2025-12-31,801742.SI,300581.SZ
801103.SI,True,2025-04-23,True,False,False,True,2022-2025,,"[""financial_bad""]",2025-12-31,801103.SI,300895.SZ
801738.SI,True,2025-04-15,True,False,False,True,2022-2025,,"[""financial_bad""]",2025-12-31,801738.SI,600192.SH
801085.SI,True,2025-04-12,True,False,False,True,2022-2025,,"[""financial_bad""]",2025-12-31,801085.SI,600203.SH
801082.SI,True,2025-04-23,True,False,False,True,2022-2025,,"[""financial_bad""]",2025-12-31,801104.SI,600288.SH
801096.SI,True,2025-03-29,True,False,False,True,2022-2025,,"[""financial_bad""]",2025-12-31,801096.SI,600418.SH
801738.SI,True,2025-04-19,True,False,False,True,2022-2025,,"[""financial_bad""]",2025-12-31,801738.SI,600468.SH
801181.SI,True,2025-03-22,True,False,False,True,2022-2025,,"[""financial_bad""]",2025-12-31,801181.SI,600748.SH
801104.SI,True,2025-04-12,True,False,False,True,2022-2025,,"[""financial_bad""]",2025-12-31,801104.SI,601519.SH
801203.SI,True,2025-04-30,True,False,False,True,2022-2025,,"[""financial_bad""]",2025-12-31,801203.SI,603123.SH
801103.SI,True,2025-04-22,True,False,False,True,2022-2025,,"[""financial_bad""]",2025-12-31,801103.SI,688039.SH
801081.SI,True,2025-04-30,True,False,False,True,2022-2025,,"[""financial_bad""]",2025-12-31,801081.SI,688048.SH
801153.SI,True,2025-04-30,True,False,False,True,2022-2025,,"[""financial_bad""]",2025-12-31,801153.SI,688068.SH
801156.SI,True,2025-04-23,False,False,True,True,2022-2025,,"[""st""]",2025-12-31,801151.SI,688076.SH
801103.SI,True,2025-04-19,True,False,False,True,2022-2025,,"[""financial_bad""]",2025-12-31,801103.SI,688158.SH
801074.SI,True,2025-04-26,True,False,False,True,2022-2025,,"[""financial_bad""]",2025-12-31,801074.SI,920284.BJ
